{
	"credit": "Made with Blockbench",
	"textures": {
		"0": "block/acacia_trapdoor",
		"particle": "block/acacia_trapdoor"
	},
	"elements": [
		{
			"from": [0, 0, 0],
			"to": [1, 1, 16],
			"faces": {
				"north": {"uv": [0, 0, 0.28125, 16], "texture": "#0"},
				"east": {"uv": [0, 0, 0.28125, 16], "texture": "#0"},
				"south": {"uv": [0, 0, 0.28125, 16], "texture": "#0"},
				"west": {"uv": [0, 0, 0.28125, 16], "texture": "#0"},
				"up": {"uv": [0, 0, 0.28125, 16], "texture": "#0"},
				"down": {"uv": [0, 0, 0.28125, 16], "texture": "#0"}
			}
		},
		{
			"from": [15, 0, 0],
			"to": [16, 1, 16],
			"faces": {
				"north": {"uv": [0.03125, 16, 16, 15.65625], "texture": "#0"},
				"east": {"uv": [0.03125, 16, 16, 15.65625], "texture": "#0"},
				"south": {"uv": [0.03125, 16, 16, 15.65625], "texture": "#0"},
				"west": {"uv": [0.03125, 16, 16, 15.65625], "texture": "#0"},
				"up": {"uv": [0.03125, 16, 16, 15.65625], "texture": "#0"},
				"down": {"uv": [0.03125, 16, 16, 15.65625], "texture": "#0"}
			}
		},
		{
			"from": [1, 0, 0],
			"to": [15, 1, 1],
			"faces": {
				"north": {"uv": [0, 0, 16, 0.3125], "texture": "#0"},
				"east": {"uv": [0, 0, 16, 0.3125], "texture": "#0"},
				"south": {"uv": [0, 0, 16, 0.3125], "texture": "#0"},
				"west": {"uv": [0, 0, 16, 0.3125], "texture": "#0"},
				"up": {"uv": [0.03125, 16, 16, 15.65625], "texture": "#0"},
				"down": {"uv": [0, 0, 16, 0.3125], "texture": "#0"}
			}
		},
		{
			"from": [1, 0, 15],
			"to": [15, 1, 16],
			"faces": {
				"north": {"uv": [0, 0, 16, 0.3125], "texture": "#0"},
				"east": {"uv": [0, 0, 16, 0.3125], "texture": "#0"},
				"south": {"uv": [0, 0, 16, 0.3125], "texture": "#0"},
				"west": {"uv": [0, 0, 16, 0.3125], "texture": "#0"},
				"up": {"uv": [0.03125, 16, 16, 15.65625], "texture": "#0"},
				"down": {"uv": [0, 0, 16, 0.3125], "texture": "#0"}
			}
		},
		{
			"from": [1, 0.25, 1],
			"to": [15, 0.75, 15],
			"faces": {
				"north": {"uv": [0.5, 0.5, 15.40625, 15.40625], "texture": "#0"},
				"east": {"uv": [0.5, 0.5, 15.40625, 15.40625], "texture": "#0"},
				"south": {"uv": [0.5, 0.5, 15.40625, 15.40625], "texture": "#0"},
				"west": {"uv": [0.5, 0.5, 15.40625, 15.40625], "texture": "#0"},
				"up": {"uv": [0.5, 0.5, 15.40625, 15.40625], "texture": "#0"},
				"down": {"uv": [0.5, 0.5, 15.40625, 15.40625], "texture": "#0"}
			}
		}
	],
	"display": {
		"thirdperson_righthand": {
			"translation": [0, 7.75, 0],
			"scale": [0.23633, 1, 0.22852]
		},
		"thirdperson_lefthand": {
			"translation": [0, 7.75, 0],
			"scale": [0.23633, 1, 0.22852]
		},
		"firstperson_righthand": {
			"translation": [0, 8.25, 0],
			"scale": [0.23633, 1, 0.22852]
		},
		"firstperson_lefthand": {
			"translation": [0, 8.25, 0],
			"scale": [0.23633, 1, 0.22852]
		},
		"ground": {
			"translation": [0, 4.25, 0],
			"scale": [0.28125, 1, 0.27734]
		},
		"gui": {
			"rotation": [53.75, 34.25, 0],
			"translation": [0.5, 4.25, 0],
			"scale": [0.82422, 1, 0.87891]
		},
		"fixed": {
			"rotation": [89.75, 0, 0],
			"translation": [0, 0, 6.75]
		}
	}
}