{
	"credit": "Made with Blockbench",
	"textures": {
		"bar": "block/jungle_planks",
		"post": "block/bell_stone"
	},
	"elements": [
		{
			"from": [2, 13, 7],
			"to": [14, 15, 9],
			"faces": {
				"north": {"uv": [2, 2, 14, 4], "texture": "#bar"},
				"south": {"uv": [2, 3, 14, 5], "texture": "#bar"},
				"up": {"uv": [2, 3, 14, 5], "texture": "#bar"},
				"down": {"uv": [2, 3, 14, 5], "texture": "#bar"}
			}
		},
		{
			"from": [14, 0, 6],
			"to": [16, 16, 10],
			"faces": {
				"north": {"uv": [2.5625, 2.34375, 6.625, 14.625], "texture": "#post"},
				"east": {"uv": [2.5625, 2.34375, 6.625, 14.625], "texture": "#post"},
				"south": {"uv": [2.5625, 2.34375, 6.625, 14.625], "texture": "#post"},
				"west": {"uv": [2.5625, 2.34375, 6.625, 14.625], "texture": "#post"},
				"up": {"uv": [2.09375, 1.78125, 12.28125, 11.46875], "texture": "#post"},
				"down": {"uv": [2.09375, 1.78125, 12.28125, 11.46875], "texture": "#post"}
			}
		},
		{
			"from": [0, 0, 6],
			"to": [2, 16, 10],
			"faces": {
				"north": {"uv": [2.5625, 2.34375, 6.625, 14.625], "texture": "#post"},
				"east": {"uv": [2.5625, 2.34375, 6.625, 14.625], "texture": "#post"},
				"south": {"uv": [2.5625, 2.34375, 6.625, 14.625], "texture": "#post"},
				"west": {"uv": [2.5625, 2.34375, 6.625, 14.625], "texture": "#post"},
				"up": {"uv": [2.09375, 1.78125, 12.28125, 11.46875], "texture": "#post"},
				"down": {"uv": [2.09375, 1.78125, 12.28125, 11.46875], "texture": "#post"}
			}
		}
	]
}