{
	"credit": "Made with Blockbench",
	"textures": {
		"1": "block/birch_door_bottom2",
		"2": "block/birch_door_top",
		"particle": "block/birch_door_bottom"
	},
	"elements": [
		{
			"from": [0, 0, 0],
			"to": [1, 16, 1],
			"faces": {
				"north": {"uv": [0, 0, 1, 16], "texture": "#2"},
				"east": {"uv": [0, 0, 1, 16], "texture": "#2"},
				"south": {"uv": [0, 0, 1, 16], "texture": "#2"},
				"west": {"uv": [0, 0, 1, 16], "texture": "#2"},
				"up": {"uv": [0, 0, 1, 1], "texture": "#2"},
				"down": {"uv": [0, 0, 1, 1], "texture": "#2"}
			}
		},
		{
			"from": [0.25, 1, 1],
			"to": [0.75, 16, 15],
			"faces": {
				"north": {"uv": [0, 0, 0.5, 15], "texture": "#1"},
				"east": {"uv": [0, 0, 16, 16], "texture": "#1"},
				"south": {"uv": [0, 0, 0.5, 15], "texture": "#1"},
				"west": {"uv": [0, 0, 16, 16], "texture": "#1"},
				"up": {"uv": [0, 0, 0.5, 14], "texture": "#1"},
				"down": {"uv": [0, 0, 0.5, 14], "texture": "#1"}
			}
		},
		{
			"from": [0, 0, 15],
			"to": [1, 16, 16],
			"faces": {
				"north": {"uv": [0, 0, 1, 16], "texture": "#2"},
				"east": {"uv": [0, 0, 1, 16], "texture": "#2"},
				"south": {"uv": [0, 0, 1, 16], "texture": "#2"},
				"west": {"uv": [0, 0, 1, 16], "texture": "#2"},
				"up": {"uv": [0, 0, 1, 1], "texture": "#2"},
				"down": {"uv": [0, 0, 1, 1], "texture": "#2"}
			}
		},
		{
			"from": [0, 0, 1],
			"to": [1, 1, 15],
			"faces": {
				"north": {"uv": [0, 0, 9.3125, 4.0625], "texture": "#2"},
				"east": {"uv": [0, 0, 9.3125, 4.0625], "texture": "#2"},
				"south": {"uv": [0, 0, 9.3125, 4.0625], "texture": "#2"},
				"west": {"uv": [0, 0, 9.3125, 4.0625], "texture": "#2"},
				"up": {"uv": [0, 0, 9.3125, 4.0625], "texture": "#2"},
				"down": {"uv": [0, 0, 9.3125, 4.0625], "texture": "#2"}
			}
		},
		{
			"from": [1, 15.5, 0],
			"to": [2, 16, 3],
			"faces": {
				"north": {"uv": [15.03125, 1, 16.03125, 3], "texture": "#2"},
				"east": {"uv": [15.03125, 1, 16.03125, 3], "texture": "#2"},
				"south": {"uv": [15.03125, 1, 16.03125, 3], "texture": "#2"},
				"west": {"uv": [15.03125, 1, 16.03125, 3], "texture": "#2"},
				"up": {"uv": [15.03125, 1, 16.03125, 3], "texture": "#2"},
				"down": {"uv": [15.03125, 1, 16.03125, 3], "texture": "#2"}
			}
		},
		{
			"from": [-1, 15.5, 0],
			"to": [0, 16, 3],
			"faces": {
				"north": {"uv": [15.03125, 1, 16.03125, 3], "texture": "#2"},
				"east": {"uv": [15.03125, 1, 16.03125, 3], "texture": "#2"},
				"south": {"uv": [15.03125, 1, 16.03125, 3], "texture": "#2"},
				"west": {"uv": [15.03125, 1, 16.03125, 3], "texture": "#2"},
				"up": {"uv": [15.03125, 1, 16.03125, 3], "texture": "#2"},
				"down": {"uv": [15.03125, 1, 16.03125, 3], "texture": "#2"}
			}
		}
	]
}