{
	"credit": "Made with Blockbench",
	"textures": {
		"0": "block/birch_door_top2",
		"2": "block/birch_door_top",
		"particle": "block/birch_door_top2"
	},
	"elements": [
		{
			"from": [0, 0, 0],
			"to": [1, 16, 1],
			"faces": {
				"north": {"uv": [0, 0, 1, 16], "texture": "#2"},
				"east": {"uv": [0, 0, 1, 16], "texture": "#2"},
				"south": {"uv": [0, 0, 1, 16], "texture": "#2"},
				"west": {"uv": [0, 0, 1, 16], "texture": "#2"},
				"up": {"uv": [0, 0, 1, 1], "texture": "#2"},
				"down": {"uv": [0, 0, 1, 1], "texture": "#2"}
			}
		},
		{
			"from": [0.25, 0, 1],
			"to": [0.75, 15, 15],
			"faces": {
				"north": {"uv": [0, 0, 0.5, 15], "texture": "#0"},
				"east": {"uv": [0, 0, 16, 16], "texture": "#0"},
				"south": {"uv": [0, 0, 0.5, 15], "texture": "#0"},
				"west": {"uv": [0, 0, 16, 16], "texture": "#0"},
				"up": {"uv": [0, 0, 0.5, 14], "texture": "#0"},
				"down": {"uv": [0, 0, 0.5, 14], "texture": "#0"}
			}
		},
		{
			"from": [0, 0, 15],
			"to": [1, 16, 16],
			"faces": {
				"north": {"uv": [0, 0, 1, 16], "texture": "#2"},
				"east": {"uv": [0, 0, 1, 16], "texture": "#2"},
				"south": {"uv": [0, 0, 1, 16], "texture": "#2"},
				"west": {"uv": [0, 0, 1, 16], "texture": "#2"},
				"up": {"uv": [0, 0, 1, 1], "texture": "#2"},
				"down": {"uv": [0, 0, 1, 1], "texture": "#2"}
			}
		},
		{
			"from": [0, 15, 1],
			"to": [1, 16, 15],
			"faces": {
				"north": {"uv": [0, 0, 9.3125, 4.0625], "texture": "#2"},
				"east": {"uv": [0, 0, 9.3125, 4.0625], "texture": "#2"},
				"south": {"uv": [0, 0, 9.3125, 4.0625], "texture": "#2"},
				"west": {"uv": [0, 0, 9.3125, 4.0625], "texture": "#2"},
				"up": {"uv": [0, 0, 9.3125, 4.0625], "texture": "#2"},
				"down": {"uv": [0, 0, 9.3125, 4.0625], "texture": "#2"}
			}
		}
	]
}