{
	"credit": "Made with Blockbench",
	"textures": {
		"0": "block/carpet/black_carpet",
		"particle": "block/carpet/black_carpet"
	},
	"elements": [
		{
			"from": [0, 0, 0],
			"to": [16, 1.5, 16],
			"faces": {
				"north": {"uv": [0, 0, 16, 1.09375], "texture": "#0"},
				"east": {"uv": [0, 0, 16, 1.09375], "texture": "#0"},
				"south": {"uv": [0, 0, 16, 1.09375], "texture": "#0"},
				"west": {"uv": [0, 0, 16, 1.09375], "texture": "#0"},
				"up": {"uv": [0, 0, 16, 16], "rotation": 180, "texture": "#0"},
				"down": {"uv": [0, 0, 16, 16], "rotation": 180, "texture": "#0"}
			}
		}
	],
	"display": {
		"thirdperson_righthand": {
			"rotation": [109.5, 0, 0],
			"translation": [0, -1.75, 7.75],
			"scale": [0.23438, 1, 0.20313]
		},
		"thirdperson_lefthand": {
			"rotation": [109.5, 0, 0],
			"translation": [0, -1.75, 7.75],
			"scale": [0.23438, 1, 0.20313]
		},
		"firstperson_righthand": {
			"translation": [0, 10, 0],
			"scale": [0.79688, 1, 0.56836]
		},
		"firstperson_lefthand": {
			"translation": [0, 10, 0],
			"scale": [0.79688, 1, 0.56836]
		},
		"ground": {
			"translation": [0, 4.5, 0]
		},
		"gui": {
			"rotation": [28, 33.25, 0],
			"translation": [0, 5, 0],
			"scale": [0.81055, 0.89063, 0.91992]
		},
		"fixed": {
			"rotation": [90.25, 0, 0],
			"translation": [0, 0, 6.5]
		}
	}
}