{
	"credit": "Made with Blockbench",
	"textures": {
		"0": "block/Book_covers/base",
		"1": "block/Book_covers/base_rotated",
		"2": "block/Book_covers/Book Aqua",
		"3": "block/Book_covers/Book Black",
		"4": "block/Book_covers/Book Blue",
		"5": "block/Book_covers/Book Green",
		"7": "block/Book_covers/Book Red",
		"8": "block/Book_covers/Book brown",
		"9": "block/Book_covers/Book Magenta",
		"particle": "block/Book_covers/base"
	},
	"elements": [
		{
			"from": [0, 0, 0],
			"to": [16, 1, 16],
			"faces": {
				"north": {"uv": [0, 0, 16, 1], "texture": "#1"},
				"east": {"uv": [0, 0, 16, 1], "texture": "#1"},
				"south": {"uv": [0, 0, 16, 1], "texture": "#1"},
				"west": {"uv": [0, 0, 16, 1], "texture": "#1"},
				"up": {"uv": [0, 0, 16, 16], "texture": "#1"},
				"down": {"uv": [0, 0, 16, 16], "texture": "#1"}
			}
		},
		{
			"from": [0, 15, 0],
			"to": [16, 16, 16],
			"faces": {
				"north": {"uv": [0, 0, 16, 1], "texture": "#1"},
				"east": {"uv": [0, 0, 16, 1], "texture": "#1"},
				"south": {"uv": [0, 0, 16, 1], "texture": "#1"},
				"west": {"uv": [0, 0, 16, 1], "texture": "#1"},
				"up": {"uv": [0, 0, 16, 16], "texture": "#1"},
				"down": {"uv": [0, 0, 16, 16], "texture": "#1"}
			}
		},
		{
			"from": [0, 7.75, 0],
			"to": [16, 8.25, 16],
			"rotation": {"angle": 0, "axis": "y", "origin": [0, 7.75, 0]},
			"faces": {
				"north": {"uv": [0, 0, 16, 0.5], "texture": "#1"},
				"east": {"uv": [0, 0, 16, 0.5], "texture": "#1"},
				"south": {"uv": [0, 0, 16, 0.5], "texture": "#1"},
				"west": {"uv": [0, 0, 16, 0.5], "texture": "#1"},
				"up": {"uv": [0, 0, 16, 16], "texture": "#1"},
				"down": {"uv": [0, 0, 16, 16], "texture": "#1"}
			}
		},
		{
			"from": [0, 1, 0],
			"to": [1, 7.75, 1],
			"faces": {
				"north": {"uv": [0, 0, 1, 6.75], "texture": "#0"},
				"east": {"uv": [0, 0, 1, 6.75], "texture": "#0"},
				"south": {"uv": [0, 0, 1, 6.75], "texture": "#0"},
				"west": {"uv": [0, 0, 1, 6.75], "texture": "#0"},
				"up": {"uv": [0, 0, 1, 1], "texture": "#0"},
				"down": {"uv": [0, 0, 1, 1], "texture": "#0"}
			}
		},
		{
			"from": [0, 1, 15],
			"to": [1, 7.75, 16],
			"faces": {
				"north": {"uv": [0, 0, 1, 6.75], "texture": "#0"},
				"east": {"uv": [0, 0, 1, 6.75], "texture": "#0"},
				"south": {"uv": [0, 0, 1, 6.75], "texture": "#0"},
				"west": {"uv": [0, 0, 1, 6.75], "texture": "#0"},
				"up": {"uv": [0, 0, 1, 1], "texture": "#0"},
				"down": {"uv": [0, 0, 1, 1], "texture": "#0"}
			}
		},
		{
			"from": [15, 1, 15],
			"to": [16, 7.75, 16],
			"faces": {
				"north": {"uv": [0, 0, 1, 6.75], "texture": "#0"},
				"east": {"uv": [0, 0, 1, 6.75], "texture": "#0"},
				"south": {"uv": [0, 0, 1, 6.75], "texture": "#0"},
				"west": {"uv": [0, 0, 1, 6.75], "texture": "#0"},
				"up": {"uv": [0, 0, 1, 1], "texture": "#0"},
				"down": {"uv": [0, 0, 1, 1], "texture": "#0"}
			}
		},
		{
			"from": [15, 1, 0],
			"to": [16, 7.75, 1],
			"faces": {
				"north": {"uv": [0, 0, 1, 6.75], "texture": "#0"},
				"east": {"uv": [0, 0, 1, 6.75], "texture": "#0"},
				"south": {"uv": [0, 0, 1, 6.75], "texture": "#0"},
				"west": {"uv": [0, 0, 1, 6.75], "texture": "#0"},
				"up": {"uv": [0, 0, 1, 1], "texture": "#0"},
				"down": {"uv": [0, 0, 1, 1], "texture": "#0"}
			}
		},
		{
			"from": [15, 8.25, 15],
			"to": [16, 15, 16],
			"faces": {
				"north": {"uv": [0, 0, 1, 6.75], "texture": "#0"},
				"east": {"uv": [0, 0, 1, 6.75], "texture": "#0"},
				"south": {"uv": [0, 0, 1, 6.75], "texture": "#0"},
				"west": {"uv": [0, 0, 1, 6.75], "texture": "#0"},
				"up": {"uv": [0, 0, 1, 1], "texture": "#0"},
				"down": {"uv": [0, 0, 1, 1], "texture": "#0"}
			}
		},
		{
			"from": [15, 8.25, 0],
			"to": [16, 15, 1],
			"faces": {
				"north": {"uv": [0, 0, 1, 6.75], "texture": "#0"},
				"east": {"uv": [0, 0, 1, 6.75], "texture": "#0"},
				"south": {"uv": [0, 0, 1, 6.75], "texture": "#0"},
				"west": {"uv": [0, 0, 1, 6.75], "texture": "#0"},
				"up": {"uv": [0, 0, 1, 1], "texture": "#0"},
				"down": {"uv": [0, 0, 1, 1], "texture": "#0"}
			}
		},
		{
			"from": [0, 8.25, 15],
			"to": [1, 15, 16],
			"faces": {
				"north": {"uv": [0, 0, 1, 6.75], "texture": "#0"},
				"east": {"uv": [0, 0, 1, 6.75], "texture": "#0"},
				"south": {"uv": [0, 0, 1, 6.75], "texture": "#0"},
				"west": {"uv": [0, 0, 1, 6.75], "texture": "#0"},
				"up": {"uv": [0, 0, 1, 1], "texture": "#0"},
				"down": {"uv": [0, 0, 1, 1], "texture": "#0"}
			}
		},
		{
			"from": [0, 8.25, 0],
			"to": [1, 15, 1],
			"faces": {
				"north": {"uv": [0, 0, 1, 6.75], "texture": "#0"},
				"east": {"uv": [0, 0, 1, 6.75], "texture": "#0"},
				"south": {"uv": [0, 0, 1, 6.75], "texture": "#0"},
				"west": {"uv": [0, 0, 1, 6.75], "texture": "#0"},
				"up": {"uv": [0, 0, 1, 1], "texture": "#0"},
				"down": {"uv": [0, 0, 1, 1], "texture": "#0"}
			}
		},
		{
			"from": [12.7, 1, 0.5],
			"to": [14.7, 6, 3.5],
			"faces": {
				"north": {"uv": [0.53125, 0.8125, 6.5, 8.78125], "texture": "#3"},
				"east": {"uv": [9.4375, 0.75, 15.40625, 8.71875], "texture": "#3"},
				"south": {"uv": [2, 1.78125, 3.0625, 14.8125], "texture": "#2"},
				"west": {"uv": [0.53125, 0.8125, 6.5, 8.78125], "texture": "#3"},
				"up": {"uv": [2, 1.78125, 3.0625, 14.8125], "texture": "#2"},
				"down": {"uv": [2, 1.78125, 3.0625, 14.8125], "texture": "#2"}
			}
		},
		{
			"from": [11.4, 1, 0.3],
			"to": [12.7, 6.5, 3.3],
			"faces": {
				"north": {"uv": [6.6875, 0.6875, 9.3125, 9.0625], "texture": "#7"},
				"east": {"uv": [9.09375, 0.8125, 15.1875, 8.9375], "texture": "#7"},
				"south": {"uv": [2, 1.78125, 3.0625, 14.8125], "texture": "#7"},
				"west": {"uv": [0.59375, 0.75, 6.6875, 8.875], "texture": "#7"},
				"up": {"uv": [2, 1.78125, 3.0625, 14.8125], "texture": "#2"},
				"down": {"uv": [2, 1.78125, 3.0625, 14.8125], "texture": "#7"}
			}
		},
		{
			"from": [1.3, 1, -0.3],
			"to": [3.2, 7.5, 4.7],
			"faces": {
				"north": {"uv": [6.6875, 0.6875, 9.3125, 9.0625], "texture": "#9"},
				"east": {"uv": [9.09375, 0.8125, 15.1875, 8.9375], "texture": "#9"},
				"south": {"uv": [2.0625, 1.9375, 2.625, 8.8125], "texture": "#2"},
				"west": {"uv": [0.59375, 0.75, 6.6875, 8.875], "texture": "#9"},
				"up": {"uv": [2.0625, 1.9375, 2.625, 8.8125], "texture": "#2"},
				"down": {"uv": [2.0625, 1.9375, 2.625, 8.8125], "texture": "#2"}
			}
		},
		{
			"from": [6.7, 8.26, -0.3],
			"to": [8.6, 14.76, 4.7],
			"faces": {
				"north": {"uv": [6.6875, 0.6875, 9.3125, 9.0625], "texture": "#3"},
				"east": {"uv": [9.09375, 0.8125, 15.1875, 8.9375], "texture": "#3"},
				"south": {"uv": [2, 1.78125, 3.0625, 14.8125], "texture": "#3"},
				"west": {"uv": [0.59375, 0.75, 6.6875, 8.875], "texture": "#3"},
				"up": {"uv": [2, 1.78125, 3.0625, 14.8125], "texture": "#3"},
				"down": {"uv": [2, 1.78125, 3.0625, 14.8125], "texture": "#3"}
			}
		},
		{
			"from": [5.35, 8.26, 10.7],
			"to": [7.25, 14.76, 15.7],
			"faces": {
				"north": {"uv": [2, 1.78125, 3.0625, 14.8125], "texture": "#7"},
				"east": {"uv": [9.09375, 0.8125, 15.1875, 8.9375], "texture": "#7"},
				"south": {"uv": [6.71875, 0.71875, 9.25, 9.0625], "texture": "#7"},
				"west": {"uv": [0.59375, 0.75, 6.6875, 8.875], "texture": "#7"},
				"up": {"uv": [2, 1.78125, 3.0625, 14.8125], "texture": "#7"},
				"down": {"uv": [2, 1.78125, 3.0625, 14.8125], "texture": "#7"}
			}
		},
		{
			"from": [7.25, 8.26, 10.7],
			"to": [9.15, 13.76, 14.7],
			"faces": {
				"north": {"uv": [2, 1.78125, 3.0625, 14.8125], "texture": "#9"},
				"east": {"uv": [9.09375, 0.8125, 15.1875, 8.9375], "texture": "#9"},
				"south": {"uv": [6.71875, 0.71875, 9.25, 9.0625], "texture": "#9"},
				"west": {"uv": [0.59375, 0.75, 6.6875, 8.875], "texture": "#9"},
				"up": {"uv": [2.75, 12.84375, 3.8125, 14.15625], "texture": "#5"},
				"down": {"uv": [2.75, 12.84375, 3.8125, 14.15625], "texture": "#5"}
			}
		},
		{
			"from": [4.9, 1, 11.7],
			"to": [6.8, 7.5, 15.7],
			"faces": {
				"north": {"uv": [2, 1.78125, 3.0625, 14.8125], "texture": "#2"},
				"east": {"uv": [9.09375, 0.8125, 15.1875, 8.9375], "texture": "#3"},
				"south": {"uv": [6.71875, 0.71875, 9.25, 9.0625], "texture": "#3"},
				"west": {"uv": [0.59375, 0.75, 6.6875, 8.875], "texture": "#3"},
				"up": {"uv": [2, 1.78125, 3.0625, 14.8125], "texture": "#2"},
				"down": {"uv": [2, 1.78125, 3.0625, 14.8125], "texture": "#2"}
			}
		},
		{
			"from": [6.9, 1, 11.7],
			"to": [9.8, 7.5, 15.7],
			"faces": {
				"north": {"uv": [2.75, 12.84375, 3.8125, 14.15625], "texture": "#5"},
				"east": {"uv": [9.09375, 0.8125, 15.1875, 8.9375], "texture": "#5"},
				"south": {"uv": [6.71875, 0.71875, 9.25, 9.0625], "texture": "#5"},
				"west": {"uv": [0.59375, 0.75, 6.6875, 8.875], "texture": "#5"},
				"up": {"uv": [2.75, 12.84375, 3.8125, 14.15625], "texture": "#5"},
				"down": {"uv": [2.75, 12.84375, 3.8125, 14.15625], "texture": "#5"}
			}
		},
		{
			"from": [13, 1, 11.7],
			"to": [14.9, 7.5, 15.7],
			"faces": {
				"north": {"uv": [2, 1.78125, 3.0625, 14.8125], "texture": "#3"},
				"east": {"uv": [9.09375, 0.8125, 15.1875, 8.9375], "texture": "#3"},
				"south": {"uv": [6.71875, 0.71875, 9.25, 9.0625], "texture": "#3"},
				"west": {"uv": [0.59375, 0.75, 6.6875, 8.875], "texture": "#3"},
				"up": {"uv": [2, 1.78125, 3.0625, 14.8125], "texture": "#3"},
				"down": {"uv": [2, 1.78125, 3.0625, 14.8125], "texture": "#3"}
			}
		},
		{
			"from": [10.9, 1, 4.7],
			"to": [15.8, 2.5, 10],
			"faces": {
				"north": {"uv": [9.09375, 0.8125, 15.1875, 8.9375], "texture": "#7"},
				"east": {"uv": [5.53125, 13, 7.46875, 14.15625], "texture": "#7"},
				"south": {"uv": [5.53125, 13, 7.46875, 14.15625], "texture": "#7"},
				"west": {"uv": [0.59375, 0.75, 6.6875, 8.875], "texture": "#7"},
				"up": {"uv": [9.09375, 0.8125, 15.1875, 8.9375], "texture": "#7"},
				"down": {"uv": [9.09375, 0.8125, 15.1875, 8.9375], "texture": "#7"}
			}
		},
		{
			"from": [9.9, 3.5, 5.05],
			"to": [14.5, 4.9, 9.75],
			"faces": {
				"north": {"uv": [9.09375, 0.8125, 15.1875, 8.9375], "texture": "#3"},
				"east": {"uv": [0.59375, 0.75, 6.6875, 8.875], "texture": "#3"},
				"south": {"uv": [5.53125, 13, 7.46875, 14.15625], "texture": "#3"},
				"west": {"uv": [0.59375, 0.75, 6.6875, 8.875], "texture": "#3"},
				"up": {"uv": [9.09375, 0.8125, 15.1875, 8.9375], "texture": "#3"},
				"down": {"uv": [9.09375, 0.8125, 15.1875, 8.9375], "texture": "#3"}
			}
		},
		{
			"from": [10.9, 2.5, 4.9],
			"to": [14.8, 3.5, 9.9],
			"faces": {
				"north": {"uv": [9.09375, 0.8125, 15.1875, 8.9375], "texture": "#4"},
				"east": {"uv": [0.59375, 0.75, 6.6875, 8.875], "texture": "#4"},
				"south": {"uv": [5.53125, 13, 7.46875, 14.15625], "texture": "#4"},
				"west": {"uv": [0.59375, 0.75, 6.6875, 8.875], "texture": "#4"},
				"up": {"uv": [9.09375, 0.8125, 15.1875, 8.9375], "texture": "#4"},
				"down": {"uv": [9.09375, 0.8125, 15.1875, 8.9375], "texture": "#4"}
			}
		},
		{
			"from": [10.9, 4.8, 4.9],
			"to": [14.8, 5.8, 9.9],
			"faces": {
				"north": {"uv": [9.09375, 0.8125, 15.1875, 8.9375], "texture": "#5"},
				"east": {"uv": [0.59375, 0.75, 6.6875, 8.875], "texture": "#5"},
				"south": {"uv": [5.53125, 13, 7.46875, 14.15625], "texture": "#5"},
				"west": {"uv": [0.59375, 0.75, 6.6875, 8.875], "texture": "#5"},
				"up": {"uv": [9.09375, 0.8125, 15.1875, 8.9375], "texture": "#5"},
				"down": {"uv": [9.09375, 0.8125, 15.1875, 8.9375], "texture": "#5"}
			}
		},
		{
			"from": [9.18, 8.26, 10.7],
			"to": [11.08, 13.76, 15.7],
			"faces": {
				"north": {"uv": [2, 1.78125, 3.0625, 14.8125], "texture": "#8"},
				"east": {"uv": [9.09375, 0.8125, 15.1875, 8.9375], "texture": "#8"},
				"south": {"uv": [6.71875, 0.71875, 9.25, 9.0625], "texture": "#8"},
				"west": {"uv": [0.59375, 0.75, 6.6875, 8.875], "texture": "#8"},
				"up": {"uv": [2.75, 12.84375, 3.8125, 14.15625], "texture": "#5"},
				"down": {"uv": [2.75, 12.84375, 3.8125, 14.15625], "texture": "#5"}
			}
		},
		{
			"from": [11.75, 8.26, 12.2],
			"to": [14.65, 14.76, 16.2],
			"faces": {
				"north": {"uv": [2, 1.78125, 3.0625, 14.8125], "texture": "#5"},
				"east": {"uv": [9.34375, 0.71875, 15.375, 8.84375], "texture": "#5"},
				"south": {"uv": [6.71875, 0.71875, 9.25, 9.0625], "texture": "#5"},
				"west": {"uv": [0.59375, 0.75, 6.6875, 8.875], "texture": "#5"},
				"up": {"uv": [2, 1.78125, 3.0625, 14.8125], "texture": "#5"},
				"down": {"uv": [2, 1.78125, 3.0625, 14.8125], "texture": "#5"}
			}
		},
		{
			"from": [11.18, 8.26, 10.7],
			"to": [11.68, 14.26, 15.7],
			"faces": {
				"north": {"uv": [2, 1.78125, 3.0625, 14.8125], "texture": "#2"},
				"east": {"uv": [12.78125, 0.625, 15.3125, 5.46875], "texture": "#2"},
				"south": {"uv": [12.78125, 0.625, 15.3125, 5.46875], "texture": "#2"},
				"west": {"uv": [12.78125, 0.625, 15.3125, 5.46875], "texture": "#2"},
				"up": {"uv": [2, 1.78125, 3.0625, 14.8125], "texture": "#2"},
				"down": {"uv": [2, 1.78125, 3.0625, 14.8125], "texture": "#2"}
			}
		},
		{
			"from": [9, 5, 10.7],
			"to": [9.5, 11, 15.7],
			"rotation": {"angle": -22.5, "axis": "z", "origin": [0, 0, 0]},
			"faces": {
				"north": {"uv": [2, 1.78125, 3.0625, 14.8125], "texture": "#2"},
				"east": {"uv": [12.78125, 0.625, 15.3125, 5.46875], "texture": "#2"},
				"south": {"uv": [12.78125, 0.625, 15.3125, 5.46875], "texture": "#2"},
				"west": {"uv": [12.78125, 0.625, 15.3125, 5.46875], "texture": "#2"},
				"up": {"uv": [2, 1.78125, 3.0625, 14.8125], "texture": "#2"},
				"down": {"uv": [2, 1.78125, 3.0625, 14.8125], "texture": "#2"}
			}
		},
		{
			"from": [7.8, 1, -0.3],
			"to": [11.4, 7.5, 4.7],
			"faces": {
				"north": {"uv": [6.59375, 0.71875, 9.3125, 9], "texture": "#5"},
				"east": {"uv": [9.4375, 0.75, 15.40625, 8.71875], "texture": "#5"},
				"south": {"uv": [1.59375, 0.6875, 3.25, 15.3125], "texture": "#5"},
				"west": {"uv": [0.53125, 0.8125, 6.5, 8.78125], "texture": "#5"},
				"up": {"uv": [2.0625, 1.9375, 2.625, 8.8125], "texture": "#2"},
				"down": {"uv": [1.59375, 0.6875, 3.25, 15.3125], "texture": "#5"}
			}
		},
		{
			"from": [12.5, 8.26, -0.3],
			"to": [14.8, 14.76, 3.7],
			"faces": {
				"north": {"uv": [6.59375, 0.71875, 9.3125, 9], "texture": "#7"},
				"east": {"uv": [9.4375, 0.75, 15.40625, 8.71875], "texture": "#7"},
				"south": {"uv": [1.59375, 0.6875, 3.25, 15.3125], "texture": "#2"},
				"west": {"uv": [0.53125, 0.8125, 6.5, 8.78125], "texture": "#7"},
				"up": {"uv": [1.59375, 0.6875, 3.25, 15.3125], "texture": "#2"},
				"down": {"uv": [1.59375, 0.6875, 3.25, 15.3125], "texture": "#2"}
			}
		},
		{
			"from": [13.3, 3.26, 0.7],
			"to": [14.6, 9.76, 3.7],
			"rotation": {"angle": 22.5, "axis": "z", "origin": [0, 0, 0]},
			"faces": {
				"north": {"uv": [6.59375, 0.71875, 9.3125, 9], "texture": "#8"},
				"east": {"uv": [9.4375, 0.75, 15.40625, 8.71875], "texture": "#8"},
				"south": {"uv": [2.0625, 1.9375, 2.625, 8.8125], "texture": "#2"},
				"west": {"uv": [0.53125, 0.8125, 6.5, 8.78125], "texture": "#8"},
				"up": {"uv": [2.0625, 1.9375, 2.625, 8.8125], "texture": "#2"},
				"down": {"uv": [2.0625, 1.9375, 2.625, 8.8125], "texture": "#2"}
			}
		},
		{
			"from": [-0.3, 8.26, 5.2],
			"to": [3.7, 14.76, 7.5],
			"faces": {
				"north": {"uv": [9.4375, 0.75, 15.40625, 8.71875], "texture": "#7"},
				"east": {"uv": [1.59375, 0.6875, 3.25, 15.3125], "texture": "#2"},
				"south": {"uv": [0.53125, 0.8125, 6.5, 8.78125], "texture": "#7"},
				"west": {"uv": [6.59375, 0.71875, 9.3125, 9], "texture": "#7"},
				"up": {"uv": [1.59375, 0.6875, 3.25, 15.3125], "rotation": 270, "texture": "#2"},
				"down": {"uv": [1.59375, 0.6875, 3.25, 15.3125], "rotation": 90, "texture": "#2"}
			}
		},
		{
			"from": [10.7, 8.26, 7.2],
			"to": [16.1, 14.76, 9.5],
			"faces": {
				"north": {"uv": [9.4375, 0.75, 15.40625, 8.71875], "texture": "#8"},
				"east": {"uv": [6.59375, 0.71875, 9.3125, 9], "texture": "#8"},
				"south": {"uv": [0.53125, 0.8125, 6.5, 8.78125], "texture": "#8"},
				"west": {"uv": [2, 1.78125, 3.0625, 14.8125], "texture": "#2"},
				"up": {"uv": [2, 1.78125, 3.0625, 14.8125], "texture": "#2"},
				"down": {"uv": [2, 1.78125, 3.0625, 14.8125], "texture": "#2"}
			}
		},
		{
			"from": [10.7, 8.26, 7.2],
			"to": [16.1, 14.76, 9.5],
			"faces": {
				"north": {"uv": [9.4375, 0.75, 15.40625, 8.71875], "texture": "#8"},
				"east": {"uv": [6.59375, 0.71875, 9.3125, 9], "texture": "#8"},
				"south": {"uv": [0.53125, 0.8125, 6.5, 8.78125], "texture": "#8"},
				"west": {"uv": [2, 1.78125, 3.0625, 14.8125], "texture": "#2"},
				"up": {"uv": [2, 1.78125, 3.0625, 14.8125], "texture": "#2"},
				"down": {"uv": [2, 1.78125, 3.0625, 14.8125], "texture": "#2"}
			}
		},
		{
			"from": [10.7, 8.26, 5.85],
			"to": [16.1, 13.76, 7.15],
			"faces": {
				"north": {"uv": [9.4375, 0.75, 15.40625, 8.71875], "texture": "#9"},
				"east": {"uv": [6.59375, 0.71875, 9.3125, 9], "texture": "#9"},
				"south": {"uv": [0.53125, 0.8125, 6.5, 8.78125], "texture": "#9"},
				"west": {"uv": [2.0625, 1.9375, 2.625, 8.8125], "texture": "#2"},
				"up": {"uv": [2.0625, 1.9375, 2.625, 8.8125], "texture": "#2"},
				"down": {"uv": [2.0625, 1.9375, 2.625, 8.8125], "texture": "#2"}
			}
		},
		{
			"from": [9.7, 8.26, 3.85],
			"to": [15.1, 14.76, 5.85],
			"faces": {
				"north": {"uv": [12.5, 0.6875, 15.21875, 5.03125], "texture": "#2"},
				"east": {"uv": [12.5, 0.6875, 15.21875, 5.03125], "texture": "#2"},
				"south": {"uv": [12.5, 0.6875, 15.21875, 5.03125], "texture": "#2"},
				"west": {"uv": [2, 1.78125, 3.0625, 14.8125], "texture": "#2"},
				"up": {"uv": [2, 1.78125, 3.0625, 14.8125], "texture": "#2"},
				"down": {"uv": [2, 1.78125, 3.0625, 14.8125], "texture": "#2"}
			}
		},
		{
			"from": [11.7, 8.26, 9.5],
			"to": [15.1, 13.76, 10.7],
			"faces": {
				"north": {"uv": [9.4375, 0.75, 15.40625, 8.71875], "texture": "#7"},
				"east": {"uv": [6.59375, 0.71875, 9.3125, 9], "texture": "#7"},
				"south": {"uv": [0.53125, 0.8125, 6.5, 8.78125], "texture": "#7"},
				"west": {"uv": [2, 1.78125, 3.0625, 14.8125], "texture": "#2"},
				"up": {"uv": [2, 1.78125, 3.0625, 14.8125], "texture": "#2"},
				"down": {"uv": [2, 1.78125, 3.0625, 14.8125], "texture": "#2"}
			}
		},
		{
			"from": [11.7, 1, 10.4],
			"to": [16.1, 7.5, 11.6],
			"faces": {
				"north": {"uv": [9.4375, 0.75, 15.40625, 8.71875], "texture": "#7"},
				"east": {"uv": [6.59375, 0.71875, 9.3125, 9], "texture": "#7"},
				"south": {"uv": [0.53125, 0.8125, 6.5, 8.78125], "texture": "#7"},
				"west": {"uv": [2, 1.78125, 3.0625, 14.8125], "texture": "#7"},
				"up": {"uv": [2.0625, 1.9375, 2.625, 8.8125], "texture": "#2"},
				"down": {"uv": [2.0625, 1.9375, 2.625, 8.8125], "texture": "#2"}
			}
		},
		{
			"from": [11.7, 1, 3.4],
			"to": [16.1, 6.5, 4.6],
			"faces": {
				"north": {"uv": [9.4375, 0.75, 15.40625, 8.71875], "texture": "#4"},
				"east": {"uv": [6.59375, 0.71875, 9.3125, 9], "texture": "#4"},
				"south": {"uv": [0.53125, 0.8125, 6.5, 8.78125], "texture": "#4"},
				"west": {"uv": [2, 1.78125, 3.0625, 14.8125], "texture": "#4"},
				"up": {"uv": [2.0625, 1.9375, 2.625, 8.8125], "texture": "#2"},
				"down": {"uv": [2.0625, 1.9375, 2.625, 8.8125], "texture": "#2"}
			}
		},
		{
			"from": [11.7, 8.26, 10.85],
			"to": [16.1, 14.76, 12.05],
			"faces": {
				"north": {"uv": [9.4375, 0.75, 15.40625, 8.71875], "texture": "#3"},
				"east": {"uv": [6.59375, 0.71875, 9.3125, 9], "texture": "#3"},
				"south": {"uv": [0.53125, 0.8125, 6.5, 8.78125], "texture": "#3"},
				"west": {"uv": [2, 1.78125, 3.0625, 14.8125], "texture": "#2"},
				"up": {"uv": [2, 1.78125, 3.0625, 14.8125], "texture": "#2"},
				"down": {"uv": [2, 1.78125, 3.0625, 14.8125], "texture": "#2"}
			}
		},
		{
			"from": [0.7, 1, 5.2],
			"to": [2.7, 6.5, 7.5],
			"faces": {
				"north": {"uv": [9.4375, 0.75, 15.40625, 8.71875], "texture": "#8"},
				"east": {"uv": [2, 1.78125, 3.0625, 14.8125], "texture": "#2"},
				"south": {"uv": [0.53125, 0.8125, 6.5, 8.78125], "texture": "#8"},
				"west": {"uv": [6.59375, 0.71875, 9.3125, 9], "texture": "#8"},
				"up": {"uv": [2, 1.78125, 3.0625, 14.8125], "texture": "#2"},
				"down": {"uv": [2, 1.78125, 3.0625, 14.8125], "texture": "#2"}
			}
		},
		{
			"from": [-0.3, 1, 7.5],
			"to": [4.7, 7.5, 9.8],
			"faces": {
				"north": {"uv": [12.625, 0.625, 15.34375, 6.375], "texture": "#5"},
				"east": {"uv": [2.0625, 1.9375, 2.625, 8.8125], "texture": "#2"},
				"south": {"uv": [12.625, 0.625, 15.34375, 6.375], "texture": "#5"},
				"west": {"uv": [12.625, 0.625, 15.34375, 6.375], "texture": "#5"},
				"up": {"uv": [2.0625, 1.9375, 2.625, 8.8125], "texture": "#2"},
				"down": {"uv": [2.0625, 1.9375, 2.625, 8.8125], "texture": "#2"}
			}
		},
		{
			"from": [0.7, 1, 9.8],
			"to": [4.7, 7.5, 12.1],
			"faces": {
				"north": {"uv": [12.625, 0.625, 15.34375, 6.375], "texture": "#7"},
				"east": {"uv": [2.15625, 1.125, 3.03125, 14.75], "texture": "#2"},
				"south": {"uv": [12.625, 0.625, 15.34375, 6.375], "texture": "#7"},
				"west": {"uv": [12.625, 0.625, 15.34375, 6.375], "texture": "#7"},
				"up": {"uv": [2.15625, 1.125, 3.03125, 14.75], "texture": "#2"},
				"down": {"uv": [2.15625, 1.125, 3.03125, 14.75], "texture": "#2"}
			}
		},
		{
			"from": [0.7, 8.3, 8.5],
			"to": [4.7, 14.8, 9.8],
			"faces": {
				"north": {"uv": [12.625, 0.625, 15.34375, 6.375], "texture": "#3"},
				"east": {"uv": [2.15625, 1.125, 3.03125, 14.75], "texture": "#3"},
				"south": {"uv": [12.625, 0.625, 15.34375, 6.375], "texture": "#3"},
				"west": {"uv": [12.625, 0.625, 15.34375, 6.375], "texture": "#3"},
				"up": {"uv": [2.0625, 1.9375, 2.625, 8.8125], "texture": "#2"},
				"down": {"uv": [2.15625, 1.125, 3.03125, 14.75], "texture": "#3"}
			}
		},
		{
			"from": [1.7, 8.3, 10],
			"to": [5.2, 8.8, 15.3],
			"faces": {
				"north": {"uv": [12.625, 0.625, 15.34375, 6.375], "texture": "#3"},
				"east": {"uv": [3.4375, 13.34375, 4.3125, 13.78125], "texture": "#7"},
				"south": {"uv": [11.59375, 1.6875, 14.3125, 7.4375], "texture": "#3"},
				"west": {"uv": [11.59375, 1.6875, 14.3125, 7.4375], "texture": "#3"},
				"up": {"uv": [11.59375, 1.6875, 14.3125, 7.4375], "texture": "#3"},
				"down": {"uv": [2.15625, 1.125, 3.03125, 14.75], "texture": "#3"}
			}
		},
		{
			"from": [1.7, 9.3, 10],
			"to": [5.2, 9.8, 15.3],
			"faces": {
				"north": {"uv": [12.625, 0.625, 15.34375, 6.375], "texture": "#2"},
				"east": {"uv": [2.15625, 1.125, 3.03125, 14.75], "texture": "#2"},
				"south": {"uv": [11.59375, 1.6875, 14.3125, 5.90625], "texture": "#2"},
				"west": {"uv": [11.59375, 1.6875, 14.3125, 5.90625], "texture": "#2"},
				"up": {"uv": [11.59375, 1.6875, 14.3125, 7.4375], "texture": "#2"},
				"down": {"uv": [2.15625, 1.125, 3.03125, 14.75], "texture": "#2"}
			}
		},
		{
			"from": [1.7, 10.3, 10],
			"to": [5.2, 10.8, 15.3],
			"faces": {
				"north": {"uv": [12.625, 0.625, 15.34375, 6.375], "texture": "#7"},
				"east": {"uv": [3.4375, 13.34375, 4.3125, 13.78125], "texture": "#7"},
				"south": {"uv": [4.5, 12.4375, 7.21875, 13.625], "texture": "#7"},
				"west": {"uv": [11.59375, 1.6875, 14.3125, 5.90625], "texture": "#7"},
				"up": {"uv": [11.59375, 1.6875, 14.3125, 7.4375], "texture": "#7"},
				"down": {"uv": [2.15625, 1.125, 3.03125, 14.75], "texture": "#7"}
			}
		},
		{
			"from": [1.7, 8.8, 10.3],
			"to": [5.2, 9.3, 15.6],
			"faces": {
				"north": {"uv": [12.625, 0.625, 15.34375, 6.375], "texture": "#5"},
				"east": {"uv": [3.4375, 13.125, 5.84375, 13.75], "texture": "#5"},
				"south": {"uv": [4.5, 12.4375, 7.21875, 13.625], "texture": "#5"},
				"west": {"uv": [11.59375, 1.6875, 14.3125, 7.4375], "texture": "#5"},
				"up": {"uv": [11.59375, 1.6875, 14.3125, 7.4375], "texture": "#5"},
				"down": {"uv": [2.15625, 1.125, 3.03125, 14.75], "texture": "#5"}
			}
		},
		{
			"from": [1.7, 9.8, 10.3],
			"to": [5.2, 10.3, 15.6],
			"faces": {
				"north": {"uv": [12.625, 0.625, 15.34375, 6.375], "texture": "#8"},
				"east": {"uv": [3.4375, 13.125, 5.84375, 13.75], "texture": "#8"},
				"south": {"uv": [11.59375, 1.6875, 14.3125, 7.4375], "texture": "#8"},
				"west": {"uv": [11.59375, 1.6875, 14.3125, 7.4375], "texture": "#8"},
				"up": {"uv": [11.59375, 1.6875, 14.3125, 7.4375], "texture": "#8"},
				"down": {"uv": [2.15625, 1.125, 3.03125, 14.75], "texture": "#8"}
			}
		},
		{
			"from": [1.7, 10.8, 10.3],
			"to": [5.2, 11.3, 15.6],
			"faces": {
				"north": {"uv": [12.625, 0.625, 15.34375, 6.375], "texture": "#5"},
				"east": {"uv": [3.4375, 13.125, 5.84375, 13.75], "texture": "#5"},
				"south": {"uv": [4.5, 12.4375, 7.21875, 13.625], "texture": "#5"},
				"west": {"uv": [11.59375, 1.6875, 14.3125, 7.4375], "texture": "#5"},
				"up": {"uv": [11.59375, 1.6875, 14.3125, 7.4375], "texture": "#5"},
				"down": {"uv": [2.15625, 1.125, 3.03125, 14.75], "texture": "#5"}
			}
		},
		{
			"from": [1.7, 11.3, 10],
			"to": [5.2, 11.8, 15.3],
			"faces": {
				"north": {"uv": [12.625, 0.625, 15.34375, 6.375], "texture": "#2"},
				"east": {"uv": [2.15625, 1.125, 3.03125, 14.75], "texture": "#2"},
				"south": {"uv": [11.59375, 1.6875, 14.3125, 5.90625], "texture": "#2"},
				"west": {"uv": [11.59375, 1.6875, 14.3125, 5.90625], "texture": "#2"},
				"up": {"uv": [11.59375, 1.6875, 14.3125, 7.4375], "texture": "#2"},
				"down": {"uv": [2.15625, 1.125, 3.03125, 14.75], "texture": "#2"}
			}
		},
		{
			"from": [1.7, 11.8, 10.3],
			"to": [5.2, 12.3, 15.6],
			"faces": {
				"north": {"uv": [12.625, 0.625, 15.34375, 6.375], "texture": "#8"},
				"east": {"uv": [3.4375, 13.125, 5.84375, 13.75], "texture": "#8"},
				"south": {"uv": [11.59375, 1.6875, 14.3125, 7.4375], "texture": "#8"},
				"west": {"uv": [11.59375, 1.6875, 14.3125, 7.4375], "texture": "#8"},
				"up": {"uv": [11.59375, 1.6875, 14.3125, 7.4375], "texture": "#8"},
				"down": {"uv": [2.15625, 1.125, 3.03125, 14.75], "texture": "#8"}
			}
		},
		{
			"from": [1.7, 12.3, 10],
			"to": [5.2, 12.8, 15.3],
			"faces": {
				"north": {"uv": [12.625, 0.625, 15.34375, 6.375], "texture": "#7"},
				"east": {"uv": [3.4375, 13.34375, 4.3125, 13.78125], "texture": "#7"},
				"south": {"uv": [4.5, 12.4375, 7.21875, 13.625], "texture": "#7"},
				"west": {"uv": [11.59375, 1.6875, 14.3125, 5.90625], "texture": "#7"},
				"up": {"uv": [11.59375, 1.6875, 14.3125, 7.4375], "texture": "#7"},
				"down": {"uv": [2.15625, 1.125, 3.03125, 14.75], "texture": "#7"}
			}
		},
		{
			"from": [-0.3, 1, 12.1],
			"to": [4.7, 6.5, 14.8],
			"faces": {
				"north": {"uv": [12.625, 0.625, 15.34375, 6.375], "texture": "#8"},
				"east": {"uv": [2.0625, 1.9375, 2.625, 8.8125], "texture": "#2"},
				"south": {"uv": [12.625, 0.625, 15.34375, 6.375], "texture": "#8"},
				"west": {"uv": [12.625, 0.625, 15.34375, 6.375], "texture": "#8"},
				"up": {"uv": [2.0625, 1.9375, 2.625, 8.8125], "texture": "#2"},
				"down": {"uv": [2.0625, 1.9375, 2.625, 8.8125], "texture": "#2"}
			}
		},
		{
			"from": [0.3, 8.26, 7.5],
			"to": [2.3, 13.76, 8.5],
			"faces": {
				"north": {"uv": [9.4375, 0.75, 15.40625, 8.71875], "texture": "#4"},
				"east": {"uv": [2, 1.78125, 3.0625, 14.8125], "texture": "#2"},
				"south": {"uv": [0.53125, 0.8125, 6.5, 8.78125], "texture": "#4"},
				"west": {"uv": [6.59375, 0.71875, 9.3125, 9], "texture": "#4"},
				"up": {"uv": [2, 1.78125, 3.0625, 14.8125], "texture": "#2"},
				"down": {"uv": [2, 1.78125, 3.0625, 14.8125], "texture": "#2"}
			}
		},
		{
			"from": [3.5, 1, 0],
			"to": [7.8, 2.3, 5],
			"faces": {
				"north": {"uv": [0.6875, 0.78125, 6.625, 4.4375], "texture": "#5"},
				"east": {"uv": [0.6875, 0.78125, 6.625, 4.4375], "texture": "#5"},
				"south": {"uv": [2, 1.78125, 3.0625, 14.8125], "texture": "#2"},
				"west": {"uv": [0.6875, 0.78125, 6.625, 4.4375], "texture": "#5"},
				"up": {"uv": [0.6875, 0.78125, 6.625, 4.4375], "texture": "#5"},
				"down": {"uv": [0.6875, 0.78125, 6.625, 4.4375], "texture": "#5"}
			}
		},
		{
			"from": [3.5, 2.3, -0.3],
			"to": [7.8, 3.6, 4.7],
			"faces": {
				"north": {"uv": [6.9375, 6.59375, 15.28125, 9.25], "texture": "#2"},
				"east": {"uv": [9.25, 0.6875, 15.4375, 8.53125], "texture": "#2"},
				"south": {"uv": [2, 1.78125, 3.0625, 14.8125], "texture": "#2"},
				"west": {"uv": [2.0625, 1.9375, 2.625, 8.8125], "texture": "#2"},
				"up": {"uv": [7.59375, 1.0625, 10.34375, 5.9375], "texture": "#2"},
				"down": {"uv": [7.59375, 1.0625, 10.34375, 5.9375], "texture": "#2"}
			}
		},
		{
			"from": [2, 8.27, -0.2],
			"to": [4.3, 14.57, 4.8],
			"faces": {
				"north": {"uv": [6.65625, 1.125, 9.40625, 9.0625], "texture": "#7"},
				"east": {"uv": [9.25, 0.6875, 15.4375, 8.53125], "texture": "#7"},
				"south": {"uv": [2, 1.78125, 3.0625, 14.8125], "texture": "#7"},
				"west": {"uv": [0.5, 0.6875, 6.78125, 8.8125], "texture": "#7"},
				"up": {"uv": [2, 1.78125, 3.0625, 14.8125], "texture": "#7"},
				"down": {"uv": [2, 1.78125, 3.0625, 14.8125], "texture": "#7"}
			}
		},
		{
			"from": [4.35, 8.27, 0.7],
			"to": [6.65, 13.57, 5.7],
			"faces": {
				"north": {"uv": [6.65625, 0.71875, 9.40625, 9.1875], "texture": "#4"},
				"east": {"uv": [9.25, 0.6875, 15.4375, 8.53125], "texture": "#4"},
				"south": {"uv": [2, 1.78125, 3.0625, 14.8125], "texture": "#2"},
				"west": {"uv": [0.5, 0.6875, 6.78125, 8.8125], "texture": "#4"},
				"up": {"uv": [2, 1.78125, 3.0625, 14.8125], "texture": "#2"},
				"down": {"uv": [2, 1.78125, 3.0625, 14.8125], "texture": "#4"}
			}
		},
		{
			"from": [3.6, 3.6, 0],
			"to": [7.4, 4.9, 4],
			"faces": {
				"north": {"uv": [0.84375, 12.90625, 15.1875, 14.0625], "texture": "#3"},
				"east": {"uv": [0.84375, 12.90625, 15.1875, 14.0625], "texture": "#3"},
				"south": {"uv": [0.84375, 12.90625, 15.1875, 14.0625], "texture": "#3"},
				"west": {"uv": [2.0625, 1.9375, 2.625, 8.8125], "texture": "#2"},
				"up": {"uv": [9.125, 0.5, 15.5, 4.6875], "texture": "#3"},
				"down": {"uv": [9.125, 0.5, 15.5, 4.6875], "texture": "#3"}
			}
		},
		{
			"from": [3.6, 4.9, -0.5],
			"to": [7.4, 6.2, 3.5],
			"faces": {
				"north": {"uv": [0.5625, 0.6875, 3.8125, 1.84375], "texture": "#4"},
				"east": {"uv": [0.84375, 12.90625, 15.1875, 14.0625], "texture": "#4"},
				"south": {"uv": [0.84375, 12.90625, 15.1875, 14.0625], "texture": "#4"},
				"west": {"uv": [2.0625, 1.9375, 2.625, 8.8125], "texture": "#2"},
				"up": {"uv": [9.125, 0.5, 15.5, 4.6875], "texture": "#4"},
				"down": {"uv": [9.125, 0.5, 15.5, 4.6875], "texture": "#4"}
			}
		}
	]
}