{
	"credit": "Made with Blockbench",
	"textures": {
		"0": "block/Book_covers/base",
		"1": "block/Book_covers/base_rotated",
		"2": "block/Book_covers/Book Aqua",
		"3": "block/Book_covers/Book Black",
		"4": "block/Book_covers/Book Blue",
		"5": "block/Book_covers/Book Green",
		"7": "block/Book_covers/Book Red",
		"8": "block/Book_covers/Book brown",
		"9": "block/Book_covers/Book Magenta",
		"particle": "block/Book_covers/base"
	},
	"elements": [
		{
			"from": [0, 0, 0],
			"to": [16, 1, 16],
			"faces": {
				"north": {"uv": [0, 0, 16, 1], "texture": "#1"},
				"east": {"uv": [0, 0, 16, 1], "texture": "#1"},
				"south": {"uv": [0, 0, 16, 1], "texture": "#1"},
				"west": {"uv": [0, 0, 16, 1], "texture": "#1"},
				"up": {"uv": [0, 0, 16, 16], "texture": "#1"},
				"down": {"uv": [0, 0, 16, 16], "texture": "#1"}
			}
		},
		{
			"from": [0, 15, 0],
			"to": [16, 16, 16],
			"faces": {
				"north": {"uv": [0, 0, 16, 1], "texture": "#1"},
				"east": {"uv": [0, 0, 16, 1], "texture": "#1"},
				"south": {"uv": [0, 0, 16, 1], "texture": "#1"},
				"west": {"uv": [0, 0, 16, 1], "texture": "#1"},
				"up": {"uv": [0, 0, 16, 16], "texture": "#1"},
				"down": {"uv": [0, 0, 16, 16], "texture": "#1"}
			}
		},
		{
			"from": [0, 7.75, 0],
			"to": [16, 8.25, 16],
			"rotation": {"angle": 0, "axis": "y", "origin": [0, 7.75, 0]},
			"faces": {
				"north": {"uv": [0, 0, 16, 0.5], "texture": "#1"},
				"east": {"uv": [0, 0, 16, 0.5], "texture": "#1"},
				"south": {"uv": [0, 0, 16, 0.5], "texture": "#1"},
				"west": {"uv": [0, 0, 16, 0.5], "texture": "#1"},
				"up": {"uv": [0, 0, 16, 16], "texture": "#1"},
				"down": {"uv": [0, 0, 16, 16], "texture": "#1"}
			}
		},
		{
			"from": [0, 1, 0],
			"to": [1, 7.75, 1],
			"faces": {
				"north": {"uv": [0, 0, 1, 6.75], "texture": "#0"},
				"east": {"uv": [0, 0, 1, 6.75], "texture": "#0"},
				"south": {"uv": [0, 0, 1, 6.75], "texture": "#0"},
				"west": {"uv": [0, 0, 1, 6.75], "texture": "#0"},
				"up": {"uv": [0, 0, 1, 1], "texture": "#0"},
				"down": {"uv": [0, 0, 1, 1], "texture": "#0"}
			}
		},
		{
			"from": [0, 1, 15],
			"to": [1, 7.75, 16],
			"faces": {
				"north": {"uv": [0, 0, 1, 6.75], "texture": "#0"},
				"east": {"uv": [0, 0, 1, 6.75], "texture": "#0"},
				"south": {"uv": [0, 0, 1, 6.75], "texture": "#0"},
				"west": {"uv": [0, 0, 1, 6.75], "texture": "#0"},
				"up": {"uv": [0, 0, 1, 1], "texture": "#0"},
				"down": {"uv": [0, 0, 1, 1], "texture": "#0"}
			}
		},
		{
			"from": [15, 1, 15],
			"to": [16, 7.75, 16],
			"faces": {
				"north": {"uv": [0, 0, 1, 6.75], "texture": "#0"},
				"east": {"uv": [0, 0, 1, 6.75], "texture": "#0"},
				"south": {"uv": [0, 0, 1, 6.75], "texture": "#0"},
				"west": {"uv": [0, 0, 1, 6.75], "texture": "#0"},
				"up": {"uv": [0, 0, 1, 1], "texture": "#0"},
				"down": {"uv": [0, 0, 1, 1], "texture": "#0"}
			}
		},
		{
			"from": [15, 1, 0],
			"to": [16, 7.75, 1],
			"faces": {
				"north": {"uv": [0, 0, 1, 6.75], "texture": "#0"},
				"east": {"uv": [0, 0, 1, 6.75], "texture": "#0"},
				"south": {"uv": [0, 0, 1, 6.75], "texture": "#0"},
				"west": {"uv": [0, 0, 1, 6.75], "texture": "#0"},
				"up": {"uv": [0, 0, 1, 1], "texture": "#0"},
				"down": {"uv": [0, 0, 1, 1], "texture": "#0"}
			}
		},
		{
			"from": [15, 8.25, 15],
			"to": [16, 15, 16],
			"faces": {
				"north": {"uv": [0, 0, 1, 6.75], "texture": "#0"},
				"east": {"uv": [0, 0, 1, 6.75], "texture": "#0"},
				"south": {"uv": [0, 0, 1, 6.75], "texture": "#0"},
				"west": {"uv": [0, 0, 1, 6.75], "texture": "#0"},
				"up": {"uv": [0, 0, 1, 1], "texture": "#0"},
				"down": {"uv": [0, 0, 1, 1], "texture": "#0"}
			}
		},
		{
			"from": [15, 8.25, 0],
			"to": [16, 15, 1],
			"faces": {
				"north": {"uv": [0, 0, 1, 6.75], "texture": "#0"},
				"east": {"uv": [0, 0, 1, 6.75], "texture": "#0"},
				"south": {"uv": [0, 0, 1, 6.75], "texture": "#0"},
				"west": {"uv": [0, 0, 1, 6.75], "texture": "#0"},
				"up": {"uv": [0, 0, 1, 1], "texture": "#0"},
				"down": {"uv": [0, 0, 1, 1], "texture": "#0"}
			}
		},
		{
			"from": [0, 8.25, 15],
			"to": [1, 15, 16],
			"faces": {
				"north": {"uv": [0, 0, 1, 6.75], "texture": "#0"},
				"east": {"uv": [0, 0, 1, 6.75], "texture": "#0"},
				"south": {"uv": [0, 0, 1, 6.75], "texture": "#0"},
				"west": {"uv": [0, 0, 1, 6.75], "texture": "#0"},
				"up": {"uv": [0, 0, 1, 1], "texture": "#0"},
				"down": {"uv": [0, 0, 1, 1], "texture": "#0"}
			}
		},
		{
			"from": [0, 8.25, 0],
			"to": [1, 15, 1],
			"faces": {
				"north": {"uv": [0, 0, 1, 6.75], "texture": "#0"},
				"east": {"uv": [0, 0, 1, 6.75], "texture": "#0"},
				"south": {"uv": [0, 0, 1, 6.75], "texture": "#0"},
				"west": {"uv": [0, 0, 1, 6.75], "texture": "#0"},
				"up": {"uv": [0, 0, 1, 1], "texture": "#0"},
				"down": {"uv": [0, 0, 1, 1], "texture": "#0"}
			}
		},
		{
			"from": [12.7, 1, 0.5],
			"to": [14.7, 6, 3.5],
			"faces": {
				"north": {"uv": [0.53125, 0.8125, 6.5, 8.78125], "texture": "#3"},
				"east": {"uv": [9.4375, 0.75, 15.40625, 8.71875], "texture": "#3"},
				"south": {"uv": [2, 1.78125, 3.0625, 14.8125], "texture": "#2"},
				"west": {"uv": [0.53125, 0.8125, 6.5, 8.78125], "texture": "#3"},
				"up": {"uv": [2, 1.78125, 3.0625, 14.8125], "texture": "#2"},
				"down": {"uv": [2, 1.78125, 3.0625, 14.8125], "texture": "#2"}
			}
		},
		{
			"from": [10.7, 8.26, 0.5],
			"to": [12.7, 12.26, 6.5],
			"faces": {
				"north": {"uv": [0.53125, 0.8125, 6.5, 8.78125], "texture": "#3"},
				"east": {"uv": [9.4375, 0.75, 15.40625, 8.71875], "texture": "#3"},
				"south": {"uv": [2, 1.78125, 3.0625, 14.8125], "texture": "#2"},
				"west": {"uv": [0.53125, 0.8125, 6.5, 8.78125], "texture": "#3"},
				"up": {"uv": [2, 1.78125, 3.0625, 14.8125], "texture": "#2"},
				"down": {"uv": [2, 1.78125, 3.0625, 14.8125], "texture": "#2"}
			}
		},
		{
			"from": [8.7, 8.26, -0.2],
			"to": [10.7, 12.26, 6.8],
			"faces": {
				"north": {"uv": [6.59375, 0.90625, 9.0625, 8.375], "texture": "#9"},
				"east": {"uv": [9.4375, 0.75, 15.40625, 8.71875], "texture": "#9"},
				"south": {"uv": [2, 1.78125, 3.0625, 14.8125], "texture": "#2"},
				"west": {"uv": [0.53125, 0.8125, 6.5, 8.78125], "texture": "#9"},
				"up": {"uv": [2, 1.78125, 3.0625, 14.8125], "texture": "#2"},
				"down": {"uv": [2, 1.78125, 3.0625, 14.8125], "texture": "#2"}
			}
		},
		{
			"from": [11.4, 1, 0.3],
			"to": [12.7, 7.5, 3.3],
			"faces": {
				"north": {"uv": [6.6875, 0.6875, 9.3125, 9.0625], "texture": "#9"},
				"east": {"uv": [9.09375, 0.8125, 15.1875, 8.9375], "texture": "#9"},
				"south": {"uv": [2, 1.78125, 3.0625, 14.8125], "texture": "#2"},
				"west": {"uv": [0.59375, 0.75, 6.6875, 8.875], "texture": "#9"},
				"up": {"uv": [2, 1.78125, 3.0625, 14.8125], "texture": "#2"},
				"down": {"uv": [2, 1.78125, 3.0625, 14.8125], "texture": "#2"}
			}
		},
		{
			"from": [1.3, 8.27, 0.3],
			"to": [1.7, 13.77, 4.3],
			"faces": {
				"north": {"uv": [6.6875, 0.6875, 9.3125, 9.0625], "texture": "#9"},
				"east": {"uv": [9.09375, 0.8125, 15.1875, 8.9375], "texture": "#9"},
				"south": {"uv": [2, 1.78125, 3.0625, 14.8125], "texture": "#2"},
				"west": {"uv": [0.59375, 0.875, 6.6875, 9.4375], "texture": "#9"},
				"up": {"uv": [2, 1.78125, 3.0625, 14.8125], "texture": "#2"},
				"down": {"uv": [2, 1.78125, 3.0625, 14.8125], "texture": "#2"}
			}
		},
		{
			"from": [1.3, 1, -0.3],
			"to": [3.2, 7.5, 4.7],
			"faces": {
				"north": {"uv": [6.6875, 0.6875, 9.3125, 9.0625], "texture": "#8"},
				"east": {"uv": [9.09375, 0.8125, 15.1875, 8.9375], "texture": "#8"},
				"south": {"uv": [2, 1.78125, 3.0625, 14.8125], "texture": "#2"},
				"west": {"uv": [0.59375, 0.75, 6.6875, 8.875], "texture": "#8"},
				"up": {"uv": [2, 1.78125, 3.0625, 14.8125], "texture": "#2"},
				"down": {"uv": [2, 1.78125, 3.0625, 14.8125], "texture": "#2"}
			}
		},
		{
			"from": [6.7, 8.26, -0.3],
			"to": [8.6, 14.76, 4.7],
			"faces": {
				"north": {"uv": [6.6875, 0.6875, 9.3125, 9.0625], "texture": "#8"},
				"east": {"uv": [9.09375, 0.8125, 15.1875, 8.9375], "texture": "#8"},
				"south": {"uv": [2, 1.78125, 3.0625, 14.8125], "texture": "#2"},
				"west": {"uv": [0.59375, 0.75, 6.6875, 8.875], "texture": "#8"},
				"up": {"uv": [2, 1.78125, 3.0625, 14.8125], "texture": "#2"},
				"down": {"uv": [2, 1.78125, 3.0625, 14.8125], "texture": "#2"}
			}
		},
		{
			"from": [5.35, 8.26, 10.7],
			"to": [7.25, 14.76, 15.7],
			"faces": {
				"north": {"uv": [2, 1.78125, 3.0625, 14.8125], "texture": "#2"},
				"east": {"uv": [9.09375, 0.8125, 15.1875, 8.9375], "texture": "#4"},
				"south": {"uv": [6.71875, 0.71875, 9.25, 9.0625], "texture": "#4"},
				"west": {"uv": [0.59375, 0.75, 6.6875, 8.875], "texture": "#4"},
				"up": {"uv": [2, 1.78125, 3.0625, 14.8125], "texture": "#2"},
				"down": {"uv": [2, 1.78125, 3.0625, 14.8125], "texture": "#2"}
			}
		},
		{
			"from": [7.25, 8.26, 10.7],
			"to": [9.15, 13.76, 14.7],
			"faces": {
				"north": {"uv": [2, 1.78125, 3.0625, 14.8125], "texture": "#2"},
				"east": {"uv": [9.09375, 0.8125, 15.1875, 8.9375], "texture": "#3"},
				"south": {"uv": [6.71875, 0.71875, 9.25, 9.0625], "texture": "#3"},
				"west": {"uv": [0.59375, 0.75, 6.6875, 8.875], "texture": "#3"},
				"up": {"uv": [2, 1.78125, 3.0625, 14.8125], "texture": "#2"},
				"down": {"uv": [2, 1.78125, 3.0625, 14.8125], "texture": "#2"}
			}
		},
		{
			"from": [4.9, 1, 11.7],
			"to": [6.8, 7.5, 15.7],
			"faces": {
				"north": {"uv": [2, 1.78125, 3.0625, 14.8125], "texture": "#2"},
				"east": {"uv": [9.09375, 0.8125, 15.1875, 8.9375], "texture": "#3"},
				"south": {"uv": [6.71875, 0.71875, 9.25, 9.0625], "texture": "#3"},
				"west": {"uv": [0.59375, 0.75, 6.6875, 8.875], "texture": "#3"},
				"up": {"uv": [2, 1.78125, 3.0625, 14.8125], "texture": "#2"},
				"down": {"uv": [2, 1.78125, 3.0625, 14.8125], "texture": "#2"}
			}
		},
		{
			"from": [6.9, 1, 11.7],
			"to": [8.8, 6.5, 15.7],
			"faces": {
				"north": {"uv": [2, 1.78125, 3.0625, 14.8125], "texture": "#2"},
				"east": {"uv": [9.09375, 0.8125, 15.1875, 8.9375], "texture": "#7"},
				"south": {"uv": [6.71875, 0.71875, 9.25, 9.0625], "texture": "#7"},
				"west": {"uv": [0.59375, 0.75, 6.6875, 8.875], "texture": "#7"},
				"up": {"uv": [2, 1.78125, 3.0625, 14.8125], "texture": "#2"},
				"down": {"uv": [2, 1.78125, 3.0625, 14.8125], "texture": "#2"}
			}
		},
		{
			"from": [13, 1, 11.7],
			"to": [14.9, 7.5, 15.7],
			"faces": {
				"north": {"uv": [2, 1.78125, 3.0625, 14.8125], "texture": "#2"},
				"east": {"uv": [9.09375, 0.8125, 15.1875, 8.9375], "texture": "#8"},
				"south": {"uv": [6.71875, 0.71875, 9.25, 9.0625], "texture": "#8"},
				"west": {"uv": [0.59375, 0.75, 6.6875, 8.875], "texture": "#8"},
				"up": {"uv": [2, 1.78125, 3.0625, 14.8125], "texture": "#2"},
				"down": {"uv": [2, 1.78125, 3.0625, 14.8125], "texture": "#2"}
			}
		},
		{
			"from": [9, 4, 10.3],
			"to": [9.9, 7.5, 14.3],
			"faces": {
				"north": {"uv": [2, 1.78125, 3.0625, 14.8125], "texture": "#2"},
				"east": {"uv": [9.09375, 0.8125, 15.1875, 8.9375], "texture": "#5"},
				"south": {"uv": [6.71875, 0.71875, 9.25, 9.0625], "texture": "#5"},
				"west": {"uv": [0.59375, 0.75, 6.6875, 8.875], "texture": "#5"},
				"up": {"uv": [2, 1.78125, 3.0625, 14.8125], "texture": "#2"},
				"down": {"uv": [2, 1.78125, 3.0625, 14.8125], "texture": "#2"}
			}
		},
		{
			"from": [10, 4, 10.3],
			"to": [10.9, 7.5, 14.3],
			"faces": {
				"north": {"uv": [2, 1.78125, 3.0625, 14.8125], "texture": "#2"},
				"east": {"uv": [8.78125, 1.1875, 14.875, 5.75], "texture": "#2"},
				"south": {"uv": [8.78125, 1.1875, 14.875, 5.75], "texture": "#2"},
				"west": {"uv": [8.78125, 1.1875, 14.875, 5.75], "texture": "#2"},
				"up": {"uv": [2, 1.78125, 3.0625, 14.8125], "texture": "#2"},
				"down": {"uv": [2, 1.78125, 3.0625, 14.8125], "texture": "#2"}
			}
		},
		{
			"from": [11, 4, 10.3],
			"to": [12.7, 7.5, 13.6],
			"faces": {
				"north": {"uv": [2, 1.78125, 3.0625, 14.8125], "texture": "#2"},
				"east": {"uv": [8.78125, 1.1875, 14.875, 5.75], "texture": "#3"},
				"south": {"uv": [8.78125, 1.1875, 14.875, 5.75], "texture": "#3"},
				"west": {"uv": [8.78125, 1.1875, 14.875, 5.75], "texture": "#3"},
				"up": {"uv": [2, 1.78125, 3.0625, 14.8125], "texture": "#2"},
				"down": {"uv": [2, 1.78125, 3.0625, 14.8125], "texture": "#2"}
			}
		},
		{
			"from": [8.9, 1, 8.7],
			"to": [12.8, 2.5, 15.7],
			"faces": {
				"north": {"uv": [2, 1.78125, 3.0625, 14.8125], "texture": "#2"},
				"east": {"uv": [2, 1.78125, 3.0625, 14.8125], "texture": "#2"},
				"south": {"uv": [2, 1.78125, 3.0625, 14.8125], "texture": "#2"},
				"west": {"uv": [0.59375, 0.75, 6.6875, 8.875], "texture": "#8"},
				"up": {"uv": [9.09375, 0.8125, 15.1875, 8.9375], "texture": "#8"},
				"down": {"uv": [9.09375, 0.8125, 15.1875, 8.9375], "texture": "#8"}
			}
		},
		{
			"from": [9.9, 1, 4.7],
			"to": [15.8, 2.5, 8],
			"faces": {
				"north": {"uv": [9.09375, 0.8125, 15.1875, 8.9375], "texture": "#7"},
				"east": {"uv": [5.53125, 13, 7.46875, 14.15625], "texture": "#7"},
				"south": {"uv": [5.53125, 13, 7.46875, 14.15625], "texture": "#7"},
				"west": {"uv": [0.59375, 0.75, 6.6875, 8.875], "texture": "#7"},
				"up": {"uv": [9.09375, 0.8125, 15.1875, 8.9375], "texture": "#7"},
				"down": {"uv": [9.09375, 0.8125, 15.1875, 8.9375], "texture": "#7"}
			}
		},
		{
			"from": [9.9, 3.5, 5.05],
			"to": [14.5, 3.9, 7.75],
			"faces": {
				"north": {"uv": [9.09375, 0.8125, 15.1875, 8.9375], "texture": "#3"},
				"east": {"uv": [5.53125, 13, 7.46875, 14.15625], "texture": "#3"},
				"south": {"uv": [5.53125, 13, 7.46875, 14.15625], "texture": "#3"},
				"west": {"uv": [0.59375, 0.75, 6.6875, 8.875], "texture": "#3"},
				"up": {"uv": [9.09375, 0.8125, 15.1875, 8.9375], "texture": "#3"},
				"down": {"uv": [9.09375, 0.8125, 15.1875, 8.9375], "texture": "#3"}
			}
		},
		{
			"from": [9.9, 2.5, 4.9],
			"to": [14.8, 3.5, 7.9],
			"faces": {
				"north": {"uv": [9.09375, 0.8125, 15.1875, 8.9375], "texture": "#4"},
				"east": {"uv": [5.53125, 13, 7.46875, 14.15625], "texture": "#4"},
				"south": {"uv": [5.53125, 13, 7.46875, 14.15625], "texture": "#4"},
				"west": {"uv": [0.59375, 0.75, 6.6875, 8.875], "texture": "#4"},
				"up": {"uv": [9.09375, 0.8125, 15.1875, 8.9375], "texture": "#4"},
				"down": {"uv": [9.09375, 0.8125, 15.1875, 8.9375], "texture": "#4"}
			}
		},
		{
			"from": [8.9, 2.5, 9.7],
			"to": [12.8, 4, 14.7],
			"faces": {
				"north": {"uv": [2, 1.78125, 3.0625, 14.8125], "texture": "#2"},
				"east": {"uv": [2, 1.78125, 3.0625, 14.8125], "texture": "#2"},
				"south": {"uv": [2, 1.78125, 3.0625, 14.8125], "texture": "#2"},
				"west": {"uv": [0.59375, 0.75, 6.6875, 8.875], "texture": "#8"},
				"up": {"uv": [9.09375, 0.8125, 15.1875, 8.9375], "texture": "#8"},
				"down": {"uv": [9.09375, 0.8125, 15.1875, 8.9375], "texture": "#8"}
			}
		},
		{
			"from": [9.18, 8.26, 10.7],
			"to": [11.08, 13.76, 15.7],
			"faces": {
				"north": {"uv": [2, 1.78125, 3.0625, 14.8125], "texture": "#2"},
				"east": {"uv": [9.09375, 0.8125, 15.1875, 8.9375], "texture": "#5"},
				"south": {"uv": [6.71875, 0.71875, 9.25, 9.0625], "texture": "#5"},
				"west": {"uv": [0.59375, 0.75, 6.6875, 8.875], "texture": "#5"},
				"up": {"uv": [2, 1.78125, 3.0625, 14.8125], "texture": "#2"},
				"down": {"uv": [2, 1.78125, 3.0625, 14.8125], "texture": "#2"}
			}
		},
		{
			"from": [11.75, 8.26, 12.2],
			"to": [14.65, 14.76, 16.2],
			"faces": {
				"north": {"uv": [2, 1.78125, 3.0625, 14.8125], "texture": "#2"},
				"east": {"uv": [9.34375, 0.71875, 15.375, 8.84375], "texture": "#9"},
				"south": {"uv": [6.71875, 0.71875, 9.25, 9.0625], "texture": "#9"},
				"west": {"uv": [0.59375, 0.75, 6.6875, 8.875], "texture": "#9"},
				"up": {"uv": [2, 1.78125, 3.0625, 14.8125], "texture": "#2"},
				"down": {"uv": [2, 1.78125, 3.0625, 14.8125], "texture": "#2"}
			}
		},
		{
			"from": [11.18, 8.26, 10.7],
			"to": [11.68, 14.26, 15.7],
			"faces": {
				"north": {"uv": [2, 1.78125, 3.0625, 14.8125], "texture": "#2"},
				"east": {"uv": [12.78125, 0.625, 15.3125, 5.46875], "texture": "#2"},
				"south": {"uv": [12.78125, 0.625, 15.3125, 5.46875], "texture": "#2"},
				"west": {"uv": [12.78125, 0.625, 15.3125, 5.46875], "texture": "#2"},
				"up": {"uv": [2, 1.78125, 3.0625, 14.8125], "texture": "#2"},
				"down": {"uv": [2, 1.78125, 3.0625, 14.8125], "texture": "#2"}
			}
		},
		{
			"from": [7.8, 1, -0.3],
			"to": [10.1, 7.5, 4.7],
			"faces": {
				"north": {"uv": [6.59375, 0.71875, 9.3125, 9], "texture": "#7"},
				"east": {"uv": [9.4375, 0.75, 15.40625, 8.71875], "texture": "#7"},
				"south": {"uv": [1.59375, 0.6875, 3.25, 15.3125], "texture": "#2"},
				"west": {"uv": [0.53125, 0.8125, 6.5, 8.78125], "texture": "#7"},
				"up": {"uv": [1.59375, 0.6875, 3.25, 15.3125], "texture": "#2"},
				"down": {"uv": [1.59375, 0.6875, 3.25, 15.3125], "texture": "#2"}
			}
		},
		{
			"from": [12.5, 8.26, -0.3],
			"to": [14.8, 14.76, 3.7],
			"faces": {
				"north": {"uv": [6.59375, 0.71875, 9.3125, 9], "texture": "#7"},
				"east": {"uv": [9.4375, 0.75, 15.40625, 8.71875], "texture": "#7"},
				"south": {"uv": [1.59375, 0.6875, 3.25, 15.3125], "texture": "#2"},
				"west": {"uv": [0.53125, 0.8125, 6.5, 8.78125], "texture": "#7"},
				"up": {"uv": [1.59375, 0.6875, 3.25, 15.3125], "texture": "#2"},
				"down": {"uv": [1.59375, 0.6875, 3.25, 15.3125], "texture": "#2"}
			}
		},
		{
			"from": [14.8, 8.26, 1.7],
			"to": [15.1, 14.76, 6.7],
			"faces": {
				"north": {"uv": [6.59375, 0.71875, 9.3125, 9], "texture": "#9"},
				"east": {"uv": [0.4375, 0.6875, 7.8125, 8.96875], "texture": "#9"},
				"south": {"uv": [2, 1.78125, 3.0625, 14.8125], "texture": "#2"},
				"west": {"uv": [0.53125, 0.8125, 6.5, 8.78125], "texture": "#9"},
				"up": {"uv": [2, 1.78125, 3.0625, 14.8125], "texture": "#2"},
				"down": {"uv": [2, 1.78125, 3.0625, 14.8125], "texture": "#2"}
			}
		},
		{
			"from": [-0.3, 8.26, 5.2],
			"to": [3.7, 14.76, 7.5],
			"faces": {
				"north": {"uv": [9.4375, 0.75, 15.40625, 8.71875], "texture": "#7"},
				"east": {"uv": [1.59375, 0.6875, 3.25, 15.3125], "texture": "#2"},
				"south": {"uv": [0.53125, 0.8125, 6.5, 8.78125], "texture": "#7"},
				"west": {"uv": [6.59375, 0.71875, 9.3125, 9], "texture": "#7"},
				"up": {"uv": [1.59375, 0.6875, 3.25, 15.3125], "rotation": 270, "texture": "#2"},
				"down": {"uv": [1.59375, 0.6875, 3.25, 15.3125], "rotation": 90, "texture": "#2"}
			}
		},
		{
			"from": [10.7, 8.26, 7.2],
			"to": [16.1, 14.76, 9.5],
			"faces": {
				"north": {"uv": [9.4375, 0.75, 15.40625, 8.71875], "texture": "#8"},
				"east": {"uv": [6.59375, 0.71875, 9.3125, 9], "texture": "#8"},
				"south": {"uv": [0.53125, 0.8125, 6.5, 8.78125], "texture": "#8"},
				"west": {"uv": [2, 1.78125, 3.0625, 14.8125], "texture": "#2"},
				"up": {"uv": [2, 1.78125, 3.0625, 14.8125], "texture": "#2"},
				"down": {"uv": [2, 1.78125, 3.0625, 14.8125], "texture": "#2"}
			}
		},
		{
			"from": [11.7, 8.26, 9.5],
			"to": [15.1, 13.76, 10.7],
			"faces": {
				"north": {"uv": [9.4375, 0.75, 15.40625, 8.71875], "texture": "#7"},
				"east": {"uv": [6.59375, 0.71875, 9.3125, 9], "texture": "#7"},
				"south": {"uv": [0.53125, 0.8125, 6.5, 8.78125], "texture": "#7"},
				"west": {"uv": [2, 1.78125, 3.0625, 14.8125], "texture": "#2"},
				"up": {"uv": [2, 1.78125, 3.0625, 14.8125], "texture": "#2"},
				"down": {"uv": [2, 1.78125, 3.0625, 14.8125], "texture": "#2"}
			}
		},
		{
			"from": [11.7, 8.26, 10.85],
			"to": [16.1, 14.76, 12.05],
			"faces": {
				"north": {"uv": [9.4375, 0.75, 15.40625, 8.71875], "texture": "#3"},
				"east": {"uv": [7, 1, 9, 9], "texture": "#3"},
				"south": {"uv": [0.53125, 0.8125, 6.5, 8.78125], "texture": "#3"},
				"west": {"uv": [2, 1.78125, 3.0625, 14.8125], "texture": "#2"},
				"up": {"uv": [2, 1.78125, 3.0625, 14.8125], "texture": "#2"},
				"down": {"uv": [2, 1.78125, 3.0625, 14.8125], "texture": "#2"}
			}
		},
		{
			"from": [0.7, 1, 5.2],
			"to": [2.7, 6.5, 7.5],
			"faces": {
				"north": {"uv": [9.4375, 0.75, 15.40625, 8.71875], "texture": "#5"},
				"east": {"uv": [2.15625, 1.125, 3.03125, 14.75], "texture": "#2"},
				"south": {"uv": [0.53125, 0.8125, 6.5, 8.78125], "texture": "#5"},
				"west": {"uv": [6.59375, 0.71875, 9.3125, 9], "texture": "#5"},
				"up": {"uv": [2.15625, 1.125, 3.03125, 14.75], "texture": "#2"},
				"down": {"uv": [2.15625, 1.125, 3.03125, 14.75], "texture": "#2"}
			}
		},
		{
			"from": [-0.3, 1, 7.5],
			"to": [4.7, 7.5, 9.8],
			"faces": {
				"north": {"uv": [12.625, 0.625, 15.34375, 6.375], "texture": "#2"},
				"east": {"uv": [2.15625, 1.125, 3.03125, 14.75], "texture": "#2"},
				"south": {"uv": [12.625, 0.625, 15.34375, 6.375], "texture": "#2"},
				"west": {"uv": [12.625, 0.625, 15.34375, 6.375], "texture": "#2"},
				"up": {"uv": [2.15625, 1.125, 3.03125, 14.75], "texture": "#2"},
				"down": {"uv": [2.15625, 1.125, 3.03125, 14.75], "texture": "#2"}
			}
		},
		{
			"from": [0.7, 1, 9.8],
			"to": [4.7, 7.5, 12.1],
			"faces": {
				"north": {"uv": [12.625, 0.625, 15.34375, 6.375], "texture": "#7"},
				"east": {"uv": [2.15625, 1.125, 3.03125, 14.75], "texture": "#2"},
				"south": {"uv": [12.625, 0.625, 15.34375, 6.375], "texture": "#7"},
				"west": {"uv": [12.625, 0.625, 15.34375, 6.375], "texture": "#7"},
				"up": {"uv": [2.15625, 1.125, 3.03125, 14.75], "texture": "#2"},
				"down": {"uv": [2.15625, 1.125, 3.03125, 14.75], "texture": "#2"}
			}
		},
		{
			"from": [12.7, 1, 8.2],
			"to": [15.7, 7.5, 9.5],
			"faces": {
				"north": {"uv": [12.625, 0.625, 15.34375, 6.375], "texture": "#7"},
				"east": {"uv": [12.34375, 1.125, 15.0625, 6.875], "texture": "#7"},
				"south": {"uv": [12.34375, 1.125, 15.0625, 6.875], "texture": "#7"},
				"west": {"uv": [12.34375, 1.125, 15.0625, 6.875], "texture": "#7"},
				"up": {"uv": [2.15625, 1.125, 3.03125, 14.75], "texture": "#2"},
				"down": {"uv": [2.15625, 1.125, 3.03125, 14.75], "texture": "#2"}
			}
		},
		{
			"from": [12.7, 1, 9.5],
			"to": [15.7, 6.5, 11.5],
			"faces": {
				"north": {"uv": [12.625, 0.625, 15.34375, 6.375], "texture": "#4"},
				"east": {"uv": [12.34375, 1.125, 15.0625, 6.875], "texture": "#4"},
				"south": {"uv": [12.34375, 1.125, 15.0625, 6.875], "texture": "#4"},
				"west": {"uv": [2.15625, 1.125, 3.03125, 14.75], "texture": "#2"},
				"up": {"uv": [2.15625, 1.125, 3.03125, 14.75], "texture": "#2"},
				"down": {"uv": [2.15625, 1.125, 3.03125, 14.75], "texture": "#2"}
			}
		},
		{
			"from": [-0.3, 1, 12.1],
			"to": [4.7, 6.5, 14.8],
			"faces": {
				"north": {"uv": [12.625, 0.625, 15.34375, 6.375], "texture": "#3"},
				"east": {"uv": [2.15625, 1.125, 3.03125, 14.75], "texture": "#2"},
				"south": {"uv": [12.625, 0.625, 15.34375, 6.375], "texture": "#3"},
				"west": {"uv": [12.625, 0.625, 15.34375, 6.375], "texture": "#3"},
				"up": {"uv": [2.15625, 1.125, 3.03125, 14.75], "texture": "#2"},
				"down": {"uv": [2.15625, 1.125, 3.03125, 14.75], "texture": "#2"}
			}
		},
		{
			"from": [0.7, 6.5, 12.1],
			"to": [4.7, 7.5, 14.8],
			"faces": {
				"north": {"uv": [12.125, 2.25, 14.84375, 8], "texture": "#9"},
				"east": {"uv": [2, 1.78125, 3.0625, 14.8125], "texture": "#2"},
				"south": {"uv": [2, 1.78125, 3.0625, 14.8125], "texture": "#2"},
				"west": {"uv": [12.125, 2.25, 14.84375, 8], "texture": "#9"},
				"up": {"uv": [12.125, 2.25, 14.84375, 8], "texture": "#9"},
				"down": {"uv": [12.125, 2.25, 14.84375, 8], "texture": "#9"}
			}
		},
		{
			"from": [0.3, 8.26, 7.5],
			"to": [2.3, 13.76, 8.5],
			"faces": {
				"north": {"uv": [9.4375, 0.75, 15.40625, 8.71875], "texture": "#4"},
				"east": {"uv": [2, 1.78125, 3.0625, 14.8125], "texture": "#2"},
				"south": {"uv": [0.53125, 0.8125, 6.5, 8.78125], "texture": "#4"},
				"west": {"uv": [6.59375, 0.71875, 9.3125, 9], "texture": "#4"},
				"up": {"uv": [2, 1.78125, 3.0625, 14.8125], "texture": "#2"},
				"down": {"uv": [2, 1.78125, 3.0625, 14.8125], "texture": "#2"}
			}
		},
		{
			"from": [10.1, 1, 1],
			"to": [11.4, 7.1, 4],
			"faces": {
				"north": {"uv": [14.28125, 0.9375, 15.46875, 6.21875], "texture": "#2"},
				"east": {"uv": [7.28125, 0.6875, 14.90625, 6.6875], "texture": "#2"},
				"south": {"uv": [2, 1.78125, 3.0625, 14.8125], "texture": "#2"},
				"west": {"uv": [7.28125, 0.6875, 14.90625, 6.6875], "texture": "#2"},
				"up": {"uv": [2, 1.78125, 3.0625, 14.8125], "texture": "#2"},
				"down": {"uv": [2, 1.78125, 3.0625, 14.8125], "texture": "#2"}
			}
		},
		{
			"from": [5.5, 1, 0],
			"to": [7.8, 6.3, 5],
			"faces": {
				"north": {"uv": [6.65625, 0.71875, 9.40625, 9.1875], "texture": "#5"},
				"east": {"uv": [9.25, 0.6875, 15.4375, 8.53125], "texture": "#5"},
				"south": {"uv": [2, 1.78125, 3.0625, 14.8125], "texture": "#2"},
				"west": {"uv": [0.5, 0.6875, 6.78125, 8.8125], "texture": "#5"},
				"up": {"uv": [2, 1.78125, 3.0625, 14.8125], "texture": "#2"},
				"down": {"uv": [2, 1.78125, 3.0625, 14.8125], "texture": "#2"}
			}
		},
		{
			"from": [2, 8.27, -0.2],
			"to": [4.3, 14.57, 4.8],
			"faces": {
				"north": {"uv": [6.65625, 1.125, 9.40625, 9.0625], "texture": "#5"},
				"east": {"uv": [9.25, 0.6875, 15.4375, 8.53125], "texture": "#5"},
				"south": {"uv": [2, 1.78125, 3.0625, 14.8125], "texture": "#2"},
				"west": {"uv": [0.5, 0.6875, 6.78125, 8.8125], "texture": "#5"},
				"up": {"uv": [2, 1.78125, 3.0625, 14.8125], "texture": "#2"},
				"down": {"uv": [2, 1.78125, 3.0625, 14.8125], "texture": "#2"}
			}
		},
		{
			"from": [3.8, 8.27, 7.7],
			"to": [8.8, 14.57, 10],
			"rotation": {"angle": -22.5, "axis": "y", "origin": [0, 0, 0]},
			"faces": {
				"north": {"uv": [9.25, 0.6875, 15.4375, 8.53125], "texture": "#5"},
				"east": {"uv": [2, 1.78125, 3.0625, 14.8125], "texture": "#2"},
				"south": {"uv": [0.5, 0.6875, 6.78125, 8.8125], "texture": "#5"},
				"west": {"uv": [6.65625, 1.125, 9.40625, 9.0625], "texture": "#5"},
				"up": {"uv": [2, 1.78125, 3.0625, 14.8125], "rotation": 270, "texture": "#2"},
				"down": {"uv": [2, 1.78125, 3.0625, 14.8125], "rotation": 90, "texture": "#2"}
			}
		},
		{
			"from": [4.8, 8.27, 10],
			"to": [9.8, 14.57, 12.3],
			"rotation": {"angle": -22.5, "axis": "y", "origin": [0, 0, 0]},
			"faces": {
				"north": {"uv": [9.25, 0.6875, 15.4375, 8.53125], "texture": "#8"},
				"east": {"uv": [2, 1.78125, 3.0625, 14.8125], "texture": "#2"},
				"south": {"uv": [0.5, 0.6875, 6.78125, 8.8125], "texture": "#8"},
				"west": {"uv": [6.65625, 1.125, 9.40625, 9.0625], "texture": "#8"},
				"up": {"uv": [2, 1.78125, 3.0625, 14.8125], "texture": "#2"},
				"down": {"uv": [2, 1.78125, 3.0625, 14.8125], "texture": "#2"}
			}
		},
		{
			"from": [3.2, 1, 0.7],
			"to": [5.5, 6.3, 5.7],
			"faces": {
				"north": {"uv": [6.65625, 0.71875, 9.40625, 9.1875], "texture": "#4"},
				"east": {"uv": [9.25, 0.6875, 15.4375, 8.53125], "texture": "#4"},
				"south": {"uv": [2, 1.78125, 3.0625, 14.8125], "texture": "#2"},
				"west": {"uv": [0.5, 0.6875, 6.78125, 8.8125], "texture": "#4"},
				"up": {"uv": [2, 1.78125, 3.0625, 14.8125], "texture": "#2"},
				"down": {"uv": [2, 1.78125, 3.0625, 14.8125], "texture": "#4"}
			}
		},
		{
			"from": [4.35, 8.27, 0.7],
			"to": [6.65, 13.57, 5.7],
			"faces": {
				"north": {"uv": [6.65625, 0.71875, 9.40625, 9.1875], "texture": "#4"},
				"east": {"uv": [9.25, 0.6875, 15.4375, 8.53125], "texture": "#4"},
				"south": {"uv": [2, 1.78125, 3.0625, 14.8125], "texture": "#2"},
				"west": {"uv": [0.5, 0.6875, 6.78125, 8.8125], "texture": "#4"},
				"up": {"uv": [2, 1.78125, 3.0625, 14.8125], "texture": "#2"},
				"down": {"uv": [2, 1.78125, 3.0625, 14.8125], "texture": "#4"}
			}
		},
		{
			"from": [3.6, 6.3, 1],
			"to": [7.4, 7.6, 5],
			"faces": {
				"north": {"uv": [0.84375, 12.90625, 15.1875, 14.0625], "texture": "#3"},
				"east": {"uv": [0.84375, 12.90625, 15.1875, 14.0625], "texture": "#3"},
				"south": {"uv": [0.84375, 12.90625, 15.1875, 14.0625], "texture": "#3"},
				"west": {"uv": [9.125, 0.5, 15.5, 4.6875], "texture": "#3"},
				"up": {"uv": [9.125, 0.5, 15.5, 4.6875], "texture": "#3"},
				"down": {"uv": [9.125, 0.5, 15.5, 4.6875], "texture": "#3"}
			}
		},
		{
			"from": [8.6, 12.26, 0],
			"to": [12.4, 13.56, 7],
			"faces": {
				"north": {"uv": [6.9375, 6.59375, 15.28125, 9.25], "texture": "#2"},
				"east": {"uv": [8.09375, 10.09375, 14.78125, 11.25], "texture": "#2"},
				"south": {"uv": [1.1875, 13.375, 8.1875, 14], "texture": "#4"},
				"west": {"uv": [1.1875, 13.375, 8.1875, 14], "texture": "#4"},
				"up": {"uv": [8.0625, 1.625, 14.4375, 5.8125], "texture": "#2"},
				"down": {"uv": [9.125, 0.5, 15.5, 4.6875], "texture": "#2"}
			}
		},
		{
			"from": [8.6, 13.56, 1],
			"to": [12.4, 14.26, 6],
			"faces": {
				"north": {"uv": [0.84375, 12.90625, 15.1875, 14.0625], "texture": "#3"},
				"east": {"uv": [1.1875, 3.59375, 6.75, 4.75], "texture": "#3"},
				"south": {"uv": [0.84375, 12.90625, 15.1875, 14.0625], "texture": "#3"},
				"west": {"uv": [0.84375, 12.90625, 15.1875, 14.0625], "texture": "#3"},
				"up": {"uv": [9.125, 0.5, 15.5, 4.6875], "texture": "#3"},
				"down": {"uv": [9.125, 0.5, 15.5, 4.6875], "texture": "#3"}
			}
		}
	],
	"display": {
		"thirdperson_righthand": {
			"scale": [0.27148, 0.35547, 0.32617]
		},
		"thirdperson_lefthand": {
			"scale": [0.27148, 0.35547, 0.32617]
		},
		"firstperson_righthand": {
			"scale": [0.27148, 0.35547, 0.25195]
		},
		"firstperson_lefthand": {
			"scale": [0.27148, 0.35547, 0.25195]
		},
		"ground": {
			"scale": [0.29102, 0.34961, 0.33398]
		},
		"gui": {
			"rotation": [24.75, 27, 0],
			"scale": [0.5332, 0.58789, 0.625]
		},
		"fixed": {
			"translation": [0, 0, 6.5]
		}
	}
}