{
	"credit": "Made with Blockbench",
	"parent": "block/block",
	"textures": {
		"0": "block/chain",
		"particle": "block/chain"
	},
	"elements": [
		{
			"from": [7.75, 0, 7.75],
			"to": [8.25, 2, 8.25],
			"rotation": {"angle": 0, "axis": "y", "origin": [7.75, 7, 7.75]},
			"faces": {
				"north": {"uv": [0, 0, 0.5, 2], "texture": "#0"},
				"east": {"uv": [0, 0, 5.59375, 16], "texture": "#0"},
				"south": {"uv": [0, 0, 0.5, 2], "texture": "#0"},
				"west": {"uv": [0, 0, 0.5, 2], "texture": "#0"},
				"up": {"uv": [0, 0, 0.5, 0.5], "texture": "#0"},
				"down": {"uv": [0, 0, 0.5, 0.5], "texture": "#0"}
			}
		},
		{
			"from": [7.9, 14, 7.9],
			"to": [8.1, 16, 8.1],
			"rotation": {"angle": 0, "axis": "y", "origin": [7.9, 5, 7.9]},
			"faces": {
				"north": {"uv": [0, 0, 5.59375, 16], "texture": "#0"},
				"east": {"uv": [0, 0, 5.59375, 16], "texture": "#0"},
				"south": {"uv": [0, 0, 5.59375, 16], "texture": "#0"},
				"west": {"uv": [0, 0, 5.59375, 16], "texture": "#0"},
				"up": {"uv": [0, 0, 5.59375, 16], "texture": "#0"},
				"down": {"uv": [0, 0, 5.59375, 16], "texture": "#0"}
			}
		},
		{
			"from": [7.75, 12, 7.75],
			"to": [8.25, 14, 8.25],
			"rotation": {"angle": 0, "axis": "y", "origin": [7.75, 7, 7.75]},
			"faces": {
				"north": {"uv": [0, 0, 5.59375, 16], "texture": "#0"},
				"east": {"uv": [0, 0, 5.59375, 16], "texture": "#0"},
				"south": {"uv": [0, 0, 5.59375, 16], "texture": "#0"},
				"west": {"uv": [0, 0, 5.59375, 16], "texture": "#0"},
				"up": {"uv": [0, 0, 5.59375, 16], "texture": "#0"},
				"down": {"uv": [0, 0, 5.59375, 16], "texture": "#0"}
			}
		},
		{
			"from": [7.9, 10, 7.9],
			"to": [8.1, 12, 8.1],
			"rotation": {"angle": 0, "axis": "y", "origin": [7.9, 5, 7.9]},
			"faces": {
				"north": {"uv": [0, 0, 5.59375, 16], "texture": "#0"},
				"east": {"uv": [0, 0, 5.59375, 16], "texture": "#0"},
				"south": {"uv": [0, 0, 5.59375, 16], "texture": "#0"},
				"west": {"uv": [0, 0, 5.59375, 16], "texture": "#0"},
				"up": {"uv": [0, 0, 5.59375, 16], "texture": "#0"},
				"down": {"uv": [0, 0, 5.59375, 16], "texture": "#0"}
			}
		},
		{
			"from": [7.75, 8, 7.75],
			"to": [8.25, 10, 8.25],
			"rotation": {"angle": 0, "axis": "y", "origin": [7.75, 7, 7.75]},
			"faces": {
				"north": {"uv": [0, 0, 5.59375, 16], "texture": "#0"},
				"east": {"uv": [0, 0, 5.59375, 16], "texture": "#0"},
				"south": {"uv": [0, 0, 5.59375, 16], "texture": "#0"},
				"west": {"uv": [0, 0, 5.59375, 16], "texture": "#0"},
				"up": {"uv": [0, 0, 5.59375, 16], "texture": "#0"},
				"down": {"uv": [0, 0, 5.59375, 16], "texture": "#0"}
			}
		},
		{
			"from": [7.9, 6, 7.9],
			"to": [8.1, 8, 8.1],
			"rotation": {"angle": 0, "axis": "y", "origin": [7.9, 5, 7.9]},
			"faces": {
				"north": {"uv": [0, 0, 5.59375, 16], "texture": "#0"},
				"east": {"uv": [0, 0, 5.59375, 16], "texture": "#0"},
				"south": {"uv": [0, 0, 5.59375, 16], "texture": "#0"},
				"west": {"uv": [0, 0, 5.59375, 16], "texture": "#0"},
				"up": {"uv": [0, 0, 5.59375, 16], "texture": "#0"},
				"down": {"uv": [0, 0, 5.59375, 16], "texture": "#0"}
			}
		},
		{
			"from": [7.75, 4, 7.75],
			"to": [8.25, 6, 8.25],
			"rotation": {"angle": 0, "axis": "y", "origin": [7.75, 7, 7.75]},
			"faces": {
				"north": {"uv": [0, 0, 5.59375, 16], "texture": "#0"},
				"east": {"uv": [0, 0, 5.59375, 16], "texture": "#0"},
				"south": {"uv": [0, 0, 5.59375, 16], "texture": "#0"},
				"west": {"uv": [0, 0, 5.59375, 16], "texture": "#0"},
				"up": {"uv": [0, 0, 5.59375, 16], "texture": "#0"},
				"down": {"uv": [0, 0, 5.59375, 16], "texture": "#0"}
			}
		},
		{
			"from": [7.9, 2, 7.9],
			"to": [8.1, 4, 8.1],
			"rotation": {"angle": 0, "axis": "y", "origin": [7.9, 5, 7.9]},
			"faces": {
				"north": {"uv": [0, 0, 5.59375, 16], "texture": "#0"},
				"east": {"uv": [0, 0, 5.59375, 16], "texture": "#0"},
				"south": {"uv": [0, 0, 5.59375, 16], "texture": "#0"},
				"west": {"uv": [0, 0, 5.59375, 16], "texture": "#0"},
				"up": {"uv": [0, 0, 5.59375, 16], "texture": "#0"},
				"down": {"uv": [0, 0, 5.59375, 16], "texture": "#0"}
			}
		},
		{
			"from": [7.75, 0, 7.75],
			"to": [8.25, 2, 8.25],
			"rotation": {"angle": 0, "axis": "y", "origin": [7.75, 7, 7.75]},
			"faces": {
				"north": {"uv": [0, 0, 5.59375, 16], "texture": "#0"},
				"east": {"uv": [0, 0, 5.59375, 16], "texture": "#0"},
				"south": {"uv": [0, 0, 5.59375, 16], "texture": "#0"},
				"west": {"uv": [0, 0, 5.59375, 16], "texture": "#0"},
				"up": {"uv": [0, 0, 5.59375, 16], "texture": "#0"},
				"down": {"uv": [0, 0, 5.59375, 16], "texture": "#0"}
			}
		},
		{
			"from": [7.75, 4, 7.75],
			"to": [8.25, 6, 8.25],
			"rotation": {"angle": 0, "axis": "y", "origin": [7.75, 7, 7.75]},
			"faces": {
				"north": {"uv": [0, 0, 0.5, 2], "texture": "#0"},
				"east": {"uv": [0, 0, 5.59375, 16], "texture": "#0"},
				"south": {"uv": [0, 0, 0.5, 2], "texture": "#0"},
				"west": {"uv": [0, 0, 0.5, 2], "texture": "#0"},
				"up": {"uv": [0, 0, 0.5, 0.5], "texture": "#0"},
				"down": {"uv": [0, 0, 0.5, 0.5], "texture": "#0"}
			}
		},
		{
			"from": [7.75, 8, 7.75],
			"to": [8.25, 10, 8.25],
			"rotation": {"angle": 0, "axis": "y", "origin": [7.75, 7, 7.75]},
			"faces": {
				"north": {"uv": [0, 0, 0.5, 2], "texture": "#0"},
				"east": {"uv": [0, 0, 5.59375, 16], "texture": "#0"},
				"south": {"uv": [0, 0, 0.5, 2], "texture": "#0"},
				"west": {"uv": [0, 0, 0.5, 2], "texture": "#0"},
				"up": {"uv": [0, 0, 0.5, 0.5], "texture": "#0"},
				"down": {"uv": [0, 0, 0.5, 0.5], "texture": "#0"}
			}
		},
		{
			"from": [7.75, 12, 7.75],
			"to": [8.25, 14, 8.25],
			"rotation": {"angle": 0, "axis": "y", "origin": [7.75, 7, 7.75]},
			"faces": {
				"north": {"uv": [0, 0, 0.5, 2], "texture": "#0"},
				"east": {"uv": [0, 0, 5.59375, 16], "texture": "#0"},
				"south": {"uv": [0, 0, 0.5, 2], "texture": "#0"},
				"west": {"uv": [0, 0, 0.5, 2], "texture": "#0"},
				"up": {"uv": [0, 0, 0.5, 0.5], "texture": "#0"},
				"down": {"uv": [0, 0, 0.5, 0.5], "texture": "#0"}
			}
		},
		{
			"from": [7.9, 2, 7.9],
			"to": [8.1, 4, 8.1],
			"rotation": {"angle": 0, "axis": "y", "origin": [7.9, 5, 7.9]},
			"faces": {
				"north": {"uv": [0, 0, 0.2, 2], "texture": "#0"},
				"east": {"uv": [0, 0, 5.59375, 16], "texture": "#0"},
				"south": {"uv": [0, 0, 0.2, 2], "texture": "#0"},
				"west": {"uv": [0, 0, 0.2, 2], "texture": "#0"},
				"up": {"uv": [0, 0, 0.2, 0.2], "texture": "#0"},
				"down": {"uv": [0, 0, 0.2, 0.2], "texture": "#0"}
			}
		},
		{
			"from": [7.9, 6, 7.9],
			"to": [8.1, 8, 8.1],
			"rotation": {"angle": 0, "axis": "y", "origin": [7.9, 5, 7.9]},
			"faces": {
				"north": {"uv": [0, 0, 0.2, 2], "texture": "#0"},
				"east": {"uv": [0, 0, 5.59375, 16], "texture": "#0"},
				"south": {"uv": [0, 0, 0.2, 2], "texture": "#0"},
				"west": {"uv": [0, 0, 0.2, 2], "texture": "#0"},
				"up": {"uv": [0, 0, 0.2, 0.2], "texture": "#0"},
				"down": {"uv": [0, 0, 0.2, 0.2], "texture": "#0"}
			}
		},
		{
			"from": [7.9, 10, 7.9],
			"to": [8.1, 12, 8.1],
			"rotation": {"angle": 0, "axis": "y", "origin": [7.9, 5, 7.9]},
			"faces": {
				"north": {"uv": [0, 0, 0.2, 2], "texture": "#0"},
				"east": {"uv": [0, 0, 5.59375, 16], "texture": "#0"},
				"south": {"uv": [0, 0, 0.2, 2], "texture": "#0"},
				"west": {"uv": [0, 0, 0.2, 2], "texture": "#0"},
				"up": {"uv": [0, 0, 0.2, 0.2], "texture": "#0"},
				"down": {"uv": [0, 0, 0.2, 0.2], "texture": "#0"}
			}
		},
		{
			"from": [7.9, 14, 7.9],
			"to": [8.1, 16, 8.1],
			"rotation": {"angle": 0, "axis": "y", "origin": [7.9, 5, 7.9]},
			"faces": {
				"north": {"uv": [0, 0, 0.2, 2], "texture": "#0"},
				"east": {"uv": [0, 0, 5.59375, 16], "texture": "#0"},
				"south": {"uv": [0, 0, 0.2, 2], "texture": "#0"},
				"west": {"uv": [0, 0, 0.2, 2], "texture": "#0"},
				"up": {"uv": [0, 0, 0.2, 0.2], "texture": "#0"},
				"down": {"uv": [0, 0, 0.2, 0.2], "texture": "#0"}
			}
		}
	]
}