{
	"credit": "Made with Blockbench",
	"textures": {
		"0": "block/crimson_trapdoor",
		"particle": "block/crimson_trapdoor"
	},
	"elements": [
		{
			"from": [14, 0, 14],
			"to": [16, 16, 16],
			"faces": {
				"north": {"uv": [9.46875, 0, 11.46875, 16], "rotation": 180, "texture": "#0"},
				"east": {"uv": [8.625, 15.34375, 16, 16], "rotation": 270, "texture": "#0"},
				"south": {"uv": [8.71875, 2.5, 10.5, 14.9375], "texture": "#0"},
				"west": {"uv": [9.21875, 5.40625, 16, 6.90625], "rotation": 90, "texture": "#0"},
				"up": {"uv": [11.78125, 7.40625, 13.78125, 9.40625], "rotation": 180, "texture": "#0"},
				"down": {"uv": [12.5625, 10.40625, 14.5625, 12.40625], "texture": "#0"}
			}
		},
		{
			"from": [0, 0, 14],
			"to": [2, 16, 16],
			"faces": {
				"north": {"uv": [9.46875, 0, 11.46875, 16], "rotation": 180, "texture": "#0"},
				"east": {"uv": [8.625, 15.34375, 16, 16], "rotation": 270, "texture": "#0"},
				"south": {"uv": [8.71875, 2.5, 10.5, 14.9375], "texture": "#0"},
				"west": {"uv": [9.21875, 5.40625, 16, 6.90625], "rotation": 90, "texture": "#0"},
				"up": {"uv": [11.78125, 7.40625, 13.78125, 9.40625], "rotation": 180, "texture": "#0"},
				"down": {"uv": [12.5625, 10.40625, 14.5625, 12.40625], "texture": "#0"}
			}
		},
		{
			"from": [2, 14, 14],
			"to": [14, 16, 16],
			"faces": {
				"north": {"uv": [9.46875, 0, 11.46875, 16], "rotation": 90, "texture": "#0"},
				"east": {"uv": [11.78125, 7.40625, 13.78125, 9.40625], "rotation": 270, "texture": "#0"},
				"south": {"uv": [8.71875, 2.5, 10.5, 14.9375], "rotation": 90, "texture": "#0"},
				"west": {"uv": [12.5625, 10.40625, 14.5625, 12.40625], "rotation": 90, "texture": "#0"},
				"up": {"uv": [9.21875, 5.40625, 16, 6.90625], "rotation": 180, "texture": "#0"},
				"down": {"uv": [8.625, 15.34375, 16, 16], "texture": "#0"}
			}
		},
		{
			"from": [2, 0, 14],
			"to": [14, 2, 16],
			"faces": {
				"north": {"uv": [9.46875, 0, 11.46875, 16], "rotation": 90, "texture": "#0"},
				"east": {"uv": [11.78125, 7.40625, 13.78125, 9.40625], "rotation": 270, "texture": "#0"},
				"south": {"uv": [8.71875, 2.5, 10.5, 14.9375], "rotation": 90, "texture": "#0"},
				"west": {"uv": [12.5625, 10.40625, 14.5625, 12.40625], "rotation": 90, "texture": "#0"},
				"up": {"uv": [9.21875, 5.40625, 16, 6.90625], "rotation": 180, "texture": "#0"},
				"down": {"uv": [8.625, 15.34375, 16, 16], "texture": "#0"}
			}
		},
		{
			"from": [2, 2, 14.5],
			"to": [14, 14, 15.5],
			"faces": {
				"north": {"uv": [0, 0, 7.96875, 7.84375], "rotation": 180, "texture": "#0"},
				"east": {"uv": [0, 0, 12, 1], "rotation": 270, "texture": "#0"},
				"south": {"uv": [0, 0, 7.96875, 7.84375], "texture": "#0"},
				"west": {"uv": [0, 0, 12, 1], "rotation": 90, "texture": "#0"},
				"up": {"uv": [0, 0, 12, 1], "rotation": 180, "texture": "#0"},
				"down": {"uv": [0, 0, 12, 1], "texture": "#0"}
			}
		},
		{
			"from": [6, 16.01, 14.5],
			"to": [10, 16.01, 15.5],
			"faces": {
				"north": {"uv": [12.75, 0, 16, 0.46875], "rotation": 180, "texture": "#0"},
				"east": {"uv": [14.21875, 1.71875, 14.71875, 2.71875], "rotation": 270, "texture": "#0"},
				"south": {"uv": [12.59375, 0, 16, 0.34375], "texture": "#0"},
				"west": {"uv": [12.90625, 1.3125, 13.40625, 2.3125], "rotation": 90, "texture": "#0"},
				"up": {"uv": [12.46875, 0, 16, 0.96875], "rotation": 180, "texture": "#0"},
				"down": {"uv": [12.53125, 0.5, 16, 1.3125], "texture": "#0"}
			}
		}
	]
}