{
	"credit": "Made with Blockbench",
	"textures": {
		"0": "block/crimson_trapdoor",
		"particle": "block/crimson_trapdoor"
	},
	"elements": [
		{
			"from": [14, 0, 0],
			"to": [16, 2, 16],
			"faces": {
				"north": {"uv": [11.78125, 7.40625, 13.78125, 9.40625], "texture": "#0"},
				"east": {"uv": [8.625, 15.34375, 16, 16], "texture": "#0"},
				"south": {"uv": [12.5625, 10.40625, 14.5625, 12.40625], "texture": "#0"},
				"west": {"uv": [9.21875, 5.40625, 16, 6.90625], "texture": "#0"},
				"up": {"uv": [8.71875, 2.5, 10.5, 14.9375], "texture": "#0"},
				"down": {"uv": [9.46875, 0, 11.46875, 16], "texture": "#0"}
			}
		},
		{
			"from": [0, 0, 0],
			"to": [2, 2, 16],
			"faces": {
				"north": {"uv": [11.78125, 7.40625, 13.78125, 9.40625], "texture": "#0"},
				"east": {"uv": [8.625, 15.34375, 16, 16], "texture": "#0"},
				"south": {"uv": [12.5625, 10.40625, 14.5625, 12.40625], "texture": "#0"},
				"west": {"uv": [9.21875, 5.40625, 16, 6.90625], "texture": "#0"},
				"up": {"uv": [8.71875, 2.5, 10.5, 14.9375], "texture": "#0"},
				"down": {"uv": [9.46875, 0, 11.46875, 16], "texture": "#0"}
			}
		},
		{
			"from": [2, 0, 0],
			"to": [14, 2, 2],
			"faces": {
				"north": {"uv": [9.21875, 5.40625, 16, 6.90625], "texture": "#0"},
				"east": {"uv": [11.78125, 7.40625, 13.78125, 9.40625], "texture": "#0"},
				"south": {"uv": [8.625, 15.34375, 16, 16], "texture": "#0"},
				"west": {"uv": [12.5625, 10.40625, 14.5625, 12.40625], "texture": "#0"},
				"up": {"uv": [8.71875, 2.5, 10.5, 14.9375], "rotation": 90, "texture": "#0"},
				"down": {"uv": [9.46875, 0, 11.46875, 16], "rotation": 270, "texture": "#0"}
			}
		},
		{
			"from": [2, 0, 14],
			"to": [14, 2, 16],
			"faces": {
				"north": {"uv": [9.21875, 5.40625, 16, 6.90625], "texture": "#0"},
				"east": {"uv": [11.78125, 7.40625, 13.78125, 9.40625], "texture": "#0"},
				"south": {"uv": [8.625, 15.34375, 16, 16], "texture": "#0"},
				"west": {"uv": [12.5625, 10.40625, 14.5625, 12.40625], "texture": "#0"},
				"up": {"uv": [8.71875, 2.5, 10.5, 14.9375], "rotation": 90, "texture": "#0"},
				"down": {"uv": [9.46875, 0, 11.46875, 16], "rotation": 270, "texture": "#0"}
			}
		},
		{
			"from": [2, 0.5, 2],
			"to": [14, 1.5, 14],
			"faces": {
				"north": {"uv": [0, 0, 12, 1], "texture": "#0"},
				"east": {"uv": [0, 0, 12, 1], "texture": "#0"},
				"south": {"uv": [0, 0, 12, 1], "texture": "#0"},
				"west": {"uv": [0, 0, 12, 1], "texture": "#0"},
				"up": {"uv": [0, 0, 7.96875, 7.84375], "texture": "#0"},
				"down": {"uv": [0, 0, 7.96875, 7.84375], "texture": "#0"}
			}
		},
		{
			"from": [6, 0.5, -0.01],
			"to": [10, 1.5, -0.01],
			"faces": {
				"north": {"uv": [12.46875, 0, 16, 0.96875], "texture": "#0"},
				"east": {"uv": [14.21875, 1.71875, 14.71875, 2.71875], "texture": "#0"},
				"south": {"uv": [12.53125, 0.5, 16, 1.3125], "texture": "#0"},
				"west": {"uv": [12.90625, 1.3125, 13.40625, 2.3125], "texture": "#0"},
				"up": {"uv": [12.59375, 0, 16, 0.34375], "texture": "#0"},
				"down": {"uv": [12.75, 0, 16, 0.46875], "texture": "#0"}
			}
		}
	],
	"display": {
		"thirdperson_righthand": {
			"translation": [0, 2.75, 0],
			"scale": [0.25391, 0.34375, 0.24609]
		},
		"thirdperson_lefthand": {
			"translation": [0, 2.75, 0],
			"scale": [0.25391, 0.34375, 0.24609]
		},
		"firstperson_righthand": {
			"rotation": [68.25, 0, 0],
			"translation": [1.75, 2.75, 3.75],
			"scale": [0.25391, 0.34375, 0.24609]
		},
		"firstperson_lefthand": {
			"rotation": [68.25, 0, 0],
			"translation": [1.75, 2.75, 3.75],
			"scale": [0.25391, 0.34375, 0.24609]
		},
		"ground": {
			"translation": [0, 4.5, 0],
			"scale": [0.45117, 1, 0.43945]
		},
		"gui": {
			"rotation": [127.49, -0.74, -46.51],
			"translation": [5, -3, 0],
			"scale": [0.74609, 1, 0.78125]
		},
		"fixed": {
			"rotation": [90.75, 0, 0],
			"translation": [0, 0, 5.5]
		}
	}
}