{
	"credit": "Made with Blockbench",
	"textures": {
		"0": "block/crimson_door_bottom",
		"1": "block/crimson_door_top",
		"particle": "block/crimson_door_bottom"
	},
	"elements": [
		{
			"from": [0, 0, 0],
			"to": [2, 16, 1],
			"faces": {
				"north": {"uv": [0, 0, 2, 16], "texture": "#0"},
				"east": {"uv": [0, 0, 1, 16], "texture": "#0"},
				"south": {"uv": [0, 0, 2, 16], "texture": "#0"},
				"west": {"uv": [0, 0, 1, 16], "texture": "#0"},
				"up": {"uv": [0, 0, 2, 1], "texture": "#0"},
				"down": {"uv": [0, 0, 2, 1], "texture": "#0"}
			}
		},
		{
			"from": [0, 0, 15],
			"to": [2, 16, 16],
			"faces": {
				"north": {"uv": [0, 0, 2, 16], "texture": "#0"},
				"east": {"uv": [0, 0, 1, 16], "texture": "#0"},
				"south": {"uv": [0, 0, 2, 16], "texture": "#0"},
				"west": {"uv": [0, 0, 1, 16], "texture": "#0"},
				"up": {"uv": [0, 0, 2, 1], "texture": "#0"},
				"down": {"uv": [0, 0, 2, 1], "texture": "#0"}
			}
		},
		{
			"from": [0.5, 1, 1],
			"to": [1.5, 16, 15],
			"faces": {
				"north": {"uv": [0, 0, 10.1875, 16], "texture": "#1"},
				"east": {"uv": [0, 0, 10.1875, 16], "texture": "#1"},
				"south": {"uv": [0, 0, 10.1875, 16], "texture": "#1"},
				"west": {"uv": [0, 0, 10.1875, 16], "texture": "#1"},
				"up": {"uv": [0, 0, 10.1875, 16], "texture": "#1"},
				"down": {"uv": [0, 0, 10.1875, 16], "texture": "#1"}
			}
		}
	]
}