{
	"credit": "Made with Blockbench",
	"textures": {
		"0": "block/crimson_door_bottom",
		"1": "block/crimson_door_top",
		"particle": "block/crimson_door_bottom"
	},
	"elements": [
		{
			"from": [0, 0, 0],
			"to": [2, 16, 1],
			"faces": {
				"north": {"uv": [0, 0, 2, 16], "texture": "#0"},
				"east": {"uv": [0, 0, 1, 16], "texture": "#0"},
				"south": {"uv": [0, 0, 2, 16], "texture": "#0"},
				"west": {"uv": [0, 0, 1, 16], "texture": "#0"},
				"up": {"uv": [0, 0, 2, 1], "texture": "#0"},
				"down": {"uv": [0, 0, 2, 1], "texture": "#0"}
			}
		},
		{
			"from": [0, 0, 15],
			"to": [2, 16, 16],
			"faces": {
				"north": {"uv": [0, 0, 2, 16], "texture": "#0"},
				"east": {"uv": [0, 0, 1, 16], "texture": "#0"},
				"south": {"uv": [0, 0, 2, 16], "texture": "#0"},
				"west": {"uv": [0, 0, 1, 16], "texture": "#0"},
				"up": {"uv": [0, 0, 2, 1], "texture": "#0"},
				"down": {"uv": [0, 0, 2, 1], "texture": "#0"}
			}
		},
		{
			"from": [0, 15, 1],
			"to": [2, 16, 15],
			"faces": {
				"north": {"uv": [0, 0, 2, 1], "texture": "#0"},
				"east": {"uv": [0, 0, 14, 1], "texture": "#0"},
				"south": {"uv": [0, 0, 2, 1], "texture": "#0"},
				"west": {"uv": [0, 0, 14, 1], "texture": "#0"},
				"up": {"uv": [0, 0, 2, 14], "texture": "#0"},
				"down": {"uv": [0, 0, 2, 14], "texture": "#0"}
			}
		},
		{
			"from": [0.5, 0, 1],
			"to": [1.5, 15, 15],
			"faces": {
				"north": {"uv": [0, 0, 10.1875, 16], "texture": "#1"},
				"east": {"uv": [0, 0, 10.1875, 16], "texture": "#1"},
				"south": {"uv": [0, 0, 10.1875, 16], "texture": "#1"},
				"west": {"uv": [0, 0, 10.1875, 16], "texture": "#1"},
				"up": {"uv": [0, 0, 10.1875, 16], "texture": "#1"},
				"down": {"uv": [0, 0, 10.1875, 16], "texture": "#1"}
			}
		},
		{
			"from": [0, 0, 14],
			"to": [2, 3, 15],
			"faces": {
				"north": {"uv": [15.25, 0, 16, 3.59375], "texture": "#1"},
				"east": {"uv": [13.625, 0, 16, 6.875], "texture": "#1"},
				"south": {"uv": [15.25, 0, 16, 3.59375], "texture": "#1"},
				"west": {"uv": [13.625, 0, 16, 6.875], "texture": "#1"},
				"up": {"uv": [15.25, 0, 16, 3.59375], "texture": "#1"},
				"down": {"uv": [15.25, 0, 16, 3.59375], "texture": "#1"}
			}
		},
		{
			"from": [2, 2, 12],
			"to": [2.3, 2.3, 15],
			"faces": {
				"north": {"uv": [10.9375, 6.3125, 12.375, 15.53125], "texture": "#1"},
				"east": {"uv": [10.9375, 6.3125, 12.375, 15.53125], "texture": "#1"},
				"south": {"uv": [10.9375, 6.3125, 12.375, 15.53125], "texture": "#1"},
				"west": {"uv": [10.9375, 6.3125, 12.375, 15.53125], "texture": "#1"},
				"up": {"uv": [10.9375, 6.3125, 12.375, 15.53125], "texture": "#1"},
				"down": {"uv": [10.9375, 6.3125, 12.375, 15.53125], "texture": "#1"}
			}
		},
		{
			"from": [-0.3, 2, 12],
			"to": [0, 2.3, 15],
			"faces": {
				"north": {"uv": [10.9375, 6.3125, 12.375, 15.53125], "texture": "#1"},
				"east": {"uv": [10.9375, 6.3125, 12.375, 15.53125], "texture": "#1"},
				"south": {"uv": [10.9375, 6.3125, 12.375, 15.53125], "texture": "#1"},
				"west": {"uv": [10.9375, 6.3125, 12.375, 15.53125], "texture": "#1"},
				"up": {"uv": [10.9375, 6.3125, 12.375, 15.53125], "texture": "#1"},
				"down": {"uv": [10.9375, 6.3125, 12.375, 15.53125], "texture": "#1"}
			}
		}
	]
}