{
	"credit": "Made with Blockbench",
	"textures": {
		"0": "block/dark_prismarine",
		"1": "block/dark_prismarine2",
		"particle": "block/dark_prismarine"
	},
	"elements": [
		{
			"from": [0, 0, 0],
			"to": [5, 5, 5],
			"faces": {
				"north": {"uv": [3.51563, 3.07813, 12.48438, 12.6875], "texture": "#0"},
				"east": {"uv": [3.51563, 3.07813, 12.48438, 12.6875], "texture": "#0"},
				"south": {"uv": [3.51563, 3.07813, 12.48438, 12.6875], "texture": "#0"},
				"west": {"uv": [3.51563, 3.07813, 12.48438, 12.6875], "texture": "#0"},
				"up": {"uv": [3.51563, 3.07813, 12.48438, 12.6875], "texture": "#0"},
				"down": {"uv": [3.51563, 3.07813, 12.48438, 12.6875], "texture": "#0"}
			}
		},
		{
			"from": [11, 0, 0],
			"to": [16, 5, 5],
			"faces": {
				"north": {"uv": [3.51563, 3.07813, 12.48438, 12.6875], "texture": "#0"},
				"east": {"uv": [3.51563, 3.07813, 12.48438, 12.6875], "texture": "#0"},
				"south": {"uv": [3.51563, 3.07813, 12.48438, 12.6875], "texture": "#0"},
				"west": {"uv": [3.51563, 3.07813, 12.48438, 12.6875], "texture": "#0"},
				"up": {"uv": [3.51563, 3.07813, 12.48438, 12.6875], "texture": "#0"},
				"down": {"uv": [3.51563, 3.07813, 12.48438, 12.6875], "texture": "#0"}
			}
		},
		{
			"from": [5.5, 0, 0],
			"to": [10.5, 5, 5],
			"faces": {
				"north": {"uv": [3.51563, 3.07813, 12.48438, 12.6875], "texture": "#1"},
				"east": {"uv": [3.51563, 3.07813, 12.48438, 12.6875], "texture": "#1"},
				"south": {"uv": [3.51563, 3.07813, 12.48438, 12.6875], "texture": "#1"},
				"west": {"uv": [3.51563, 3.07813, 12.48438, 12.6875], "texture": "#1"},
				"up": {"uv": [3.51563, 3.07813, 12.48438, 12.6875], "texture": "#1"},
				"down": {"uv": [3.51563, 3.07813, 12.48438, 12.6875], "texture": "#1"}
			}
		},
		{
			"from": [5.5, 0, 11],
			"to": [10.5, 5, 16],
			"faces": {
				"north": {"uv": [3.51563, 3.07813, 12.48438, 12.6875], "texture": "#1"},
				"east": {"uv": [3.51563, 3.07813, 12.48438, 12.6875], "texture": "#1"},
				"south": {"uv": [3.51563, 3.07813, 12.48438, 12.6875], "texture": "#1"},
				"west": {"uv": [3.51563, 3.07813, 12.48438, 12.6875], "texture": "#1"},
				"up": {"uv": [3.51563, 3.07813, 12.48438, 12.6875], "texture": "#1"},
				"down": {"uv": [3.51563, 3.07813, 12.48438, 12.6875], "texture": "#1"}
			}
		},
		{
			"from": [0, 0, 11],
			"to": [5, 5, 16],
			"faces": {
				"north": {"uv": [3.51563, 3.07813, 12.48438, 12.6875], "texture": "#0"},
				"east": {"uv": [3.51563, 3.07813, 12.48438, 12.6875], "texture": "#0"},
				"south": {"uv": [3.51563, 3.07813, 12.48438, 12.6875], "texture": "#0"},
				"west": {"uv": [3.51563, 3.07813, 12.48438, 12.6875], "texture": "#0"},
				"up": {"uv": [3.51563, 3.07813, 12.48438, 12.6875], "texture": "#0"},
				"down": {"uv": [3.51563, 3.07813, 12.48438, 12.6875], "texture": "#0"}
			}
		},
		{
			"from": [11, 0, 11],
			"to": [16, 5, 16],
			"faces": {
				"north": {"uv": [3.51563, 3.07813, 12.48438, 12.6875], "texture": "#0"},
				"east": {"uv": [3.51563, 3.07813, 12.48438, 12.6875], "texture": "#0"},
				"south": {"uv": [3.51563, 3.07813, 12.48438, 12.6875], "texture": "#0"},
				"west": {"uv": [3.51563, 3.07813, 12.48438, 12.6875], "texture": "#0"},
				"up": {"uv": [3.51563, 3.07813, 12.48438, 12.6875], "texture": "#0"},
				"down": {"uv": [3.51563, 3.07813, 12.48438, 12.6875], "texture": "#0"}
			}
		},
		{
			"from": [5.5, 0, 5.5],
			"to": [10.5, 5, 10.5],
			"faces": {
				"north": {"uv": [3.51563, 3.07813, 12.48438, 12.6875], "texture": "#0"},
				"east": {"uv": [3.51563, 3.07813, 12.48438, 12.6875], "texture": "#0"},
				"south": {"uv": [3.51563, 3.07813, 12.48438, 12.6875], "texture": "#0"},
				"west": {"uv": [3.51563, 3.07813, 12.48438, 12.6875], "texture": "#0"},
				"up": {"uv": [3.51563, 3.07813, 12.48438, 12.6875], "texture": "#0"},
				"down": {"uv": [3.51563, 3.07813, 12.48438, 12.6875], "texture": "#0"}
			}
		},
		{
			"from": [0, 0, 5.5],
			"to": [5, 5, 10.5],
			"faces": {
				"north": {"uv": [3.51563, 3.07813, 12.48438, 12.6875], "texture": "#1"},
				"east": {"uv": [3.51563, 3.07813, 12.48438, 12.6875], "texture": "#1"},
				"south": {"uv": [3.51563, 3.07813, 12.48438, 12.6875], "texture": "#1"},
				"west": {"uv": [3.51563, 3.07813, 12.48438, 12.6875], "texture": "#1"},
				"up": {"uv": [3.51563, 3.07813, 12.48438, 12.6875], "texture": "#1"},
				"down": {"uv": [3.51563, 3.07813, 12.48438, 12.6875], "texture": "#1"}
			}
		},
		{
			"from": [11, 0, 5.5],
			"to": [16, 5, 10.5],
			"faces": {
				"north": {"uv": [3.51563, 3.07813, 12.48438, 12.6875], "texture": "#1"},
				"east": {"uv": [3.51563, 3.07813, 12.48438, 12.6875], "texture": "#1"},
				"south": {"uv": [3.51563, 3.07813, 12.48438, 12.6875], "texture": "#1"},
				"west": {"uv": [3.51563, 3.07813, 12.48438, 12.6875], "texture": "#1"},
				"up": {"uv": [3.51563, 3.07813, 12.48438, 12.6875], "texture": "#1"},
				"down": {"uv": [3.51563, 3.07813, 12.48438, 12.6875], "texture": "#1"}
			}
		},
		{
			"from": [0, 5.5, 0],
			"to": [5, 10.5, 5],
			"faces": {
				"north": {"uv": [3.51563, 3.07813, 12.48438, 12.6875], "texture": "#1"},
				"east": {"uv": [3.51563, 3.07813, 12.48438, 12.6875], "texture": "#1"},
				"south": {"uv": [3.51563, 3.07813, 12.48438, 12.6875], "texture": "#1"},
				"west": {"uv": [3.51563, 3.07813, 12.48438, 12.6875], "texture": "#1"},
				"up": {"uv": [3.51563, 3.07813, 12.48438, 12.6875], "texture": "#1"},
				"down": {"uv": [3.51563, 3.07813, 12.48438, 12.6875], "texture": "#1"}
			}
		},
		{
			"from": [11, 5.5, 0],
			"to": [16, 10.5, 5],
			"faces": {
				"north": {"uv": [3.51563, 3.07813, 12.48438, 12.6875], "texture": "#1"},
				"east": {"uv": [3.51563, 3.07813, 12.48438, 12.6875], "texture": "#1"},
				"south": {"uv": [3.51563, 3.07813, 12.48438, 12.6875], "texture": "#1"},
				"west": {"uv": [3.51563, 3.07813, 12.48438, 12.6875], "texture": "#1"},
				"up": {"uv": [3.51563, 3.07813, 12.48438, 12.6875], "texture": "#1"},
				"down": {"uv": [3.51563, 3.07813, 12.48438, 12.6875], "texture": "#1"}
			}
		},
		{
			"from": [5.5, 5.5, 0],
			"to": [10.5, 10.5, 5],
			"faces": {
				"north": {"uv": [3.51563, 3.07813, 12.48438, 12.6875], "texture": "#0"},
				"east": {"uv": [3.51563, 3.07813, 12.48438, 12.6875], "texture": "#0"},
				"south": {"uv": [3.51563, 3.07813, 12.48438, 12.6875], "texture": "#0"},
				"west": {"uv": [3.51563, 3.07813, 12.48438, 12.6875], "texture": "#0"},
				"up": {"uv": [3.51563, 3.07813, 12.48438, 12.6875], "texture": "#0"},
				"down": {"uv": [3.51563, 3.07813, 12.48438, 12.6875], "texture": "#0"}
			}
		},
		{
			"from": [11, 5.5, 11],
			"to": [16, 10.5, 16],
			"faces": {
				"north": {"uv": [3.51563, 3.07813, 12.48438, 12.6875], "texture": "#1"},
				"east": {"uv": [3.51563, 3.07813, 12.48438, 12.6875], "texture": "#1"},
				"south": {"uv": [3.51563, 3.07813, 12.48438, 12.6875], "texture": "#1"},
				"west": {"uv": [3.51563, 3.07813, 12.48438, 12.6875], "texture": "#1"},
				"up": {"uv": [3.51563, 3.07813, 12.48438, 12.6875], "texture": "#1"},
				"down": {"uv": [3.51563, 3.07813, 12.48438, 12.6875], "texture": "#1"}
			}
		},
		{
			"from": [0, 5.5, 11],
			"to": [5, 10.5, 16],
			"faces": {
				"north": {"uv": [3.51563, 3.07813, 12.48438, 12.6875], "texture": "#1"},
				"east": {"uv": [3.51563, 3.07813, 12.48438, 12.6875], "texture": "#1"},
				"south": {"uv": [3.51563, 3.07813, 12.48438, 12.6875], "texture": "#1"},
				"west": {"uv": [3.51563, 3.07813, 12.48438, 12.6875], "texture": "#1"},
				"up": {"uv": [3.51563, 3.07813, 12.48438, 12.6875], "texture": "#1"},
				"down": {"uv": [3.51563, 3.07813, 12.48438, 12.6875], "texture": "#1"}
			}
		},
		{
			"from": [5.5, 5.5, 11],
			"to": [10.5, 10.5, 16],
			"faces": {
				"north": {"uv": [3.51563, 3.07813, 12.48438, 12.6875], "texture": "#0"},
				"east": {"uv": [3.51563, 3.07813, 12.48438, 12.6875], "texture": "#0"},
				"south": {"uv": [3.51563, 3.07813, 12.48438, 12.6875], "texture": "#0"},
				"west": {"uv": [3.51563, 3.07813, 12.48438, 12.6875], "texture": "#0"},
				"up": {"uv": [3.51563, 3.07813, 12.48438, 12.6875], "texture": "#0"},
				"down": {"uv": [3.51563, 3.07813, 12.48438, 12.6875], "texture": "#0"}
			}
		},
		{
			"from": [11, 5.5, 5.5],
			"to": [16, 10.5, 10.5],
			"faces": {
				"north": {"uv": [3.51563, 3.07813, 12.48438, 12.6875], "texture": "#0"},
				"east": {"uv": [3.51563, 3.07813, 12.48438, 12.6875], "texture": "#0"},
				"south": {"uv": [3.51563, 3.07813, 12.48438, 12.6875], "texture": "#0"},
				"west": {"uv": [3.51563, 3.07813, 12.48438, 12.6875], "texture": "#0"},
				"up": {"uv": [3.51563, 3.07813, 12.48438, 12.6875], "texture": "#0"},
				"down": {"uv": [3.51563, 3.07813, 12.48438, 12.6875], "texture": "#0"}
			}
		},
		{
			"from": [0, 5.5, 5.5],
			"to": [5, 10.5, 10.5],
			"faces": {
				"north": {"uv": [3.51563, 3.07813, 12.48438, 12.6875], "texture": "#0"},
				"east": {"uv": [3.51563, 3.07813, 12.48438, 12.6875], "texture": "#0"},
				"south": {"uv": [3.51563, 3.07813, 12.48438, 12.6875], "texture": "#0"},
				"west": {"uv": [3.51563, 3.07813, 12.48438, 12.6875], "texture": "#0"},
				"up": {"uv": [3.51563, 3.07813, 12.48438, 12.6875], "texture": "#0"},
				"down": {"uv": [3.51563, 3.07813, 12.48438, 12.6875], "texture": "#0"}
			}
		},
		{
			"from": [5.5, 5.5, 5.5],
			"to": [10.5, 10.5, 10.5],
			"faces": {
				"north": {"uv": [3.51563, 3.07813, 12.48438, 12.6875], "texture": "#0"},
				"east": {"uv": [3.51563, 3.07813, 12.48438, 12.6875], "texture": "#0"},
				"south": {"uv": [3.51563, 3.07813, 12.48438, 12.6875], "texture": "#0"},
				"west": {"uv": [3.51563, 3.07813, 12.48438, 12.6875], "texture": "#0"},
				"up": {"uv": [3.51563, 3.07813, 12.48438, 12.6875], "texture": "#0"},
				"down": {"uv": [3.51563, 3.07813, 12.48438, 12.6875], "texture": "#0"}
			}
		},
		{
			"from": [5.5, 11, 5.5],
			"to": [10.5, 16, 10.5],
			"faces": {
				"north": {"uv": [3.51563, 3.07813, 12.48438, 12.6875], "texture": "#0"},
				"east": {"uv": [3.51563, 3.07813, 12.48438, 12.6875], "texture": "#0"},
				"south": {"uv": [3.51563, 3.07813, 12.48438, 12.6875], "texture": "#0"},
				"west": {"uv": [3.51563, 3.07813, 12.48438, 12.6875], "texture": "#0"},
				"up": {"uv": [3.51563, 3.07813, 12.48438, 12.6875], "texture": "#0"},
				"down": {"uv": [3.51563, 3.07813, 12.48438, 12.6875], "texture": "#0"}
			}
		},
		{
			"from": [0, 11, 5.5],
			"to": [5, 16, 10.5],
			"faces": {
				"north": {"uv": [3.51563, 3.07813, 12.48438, 12.6875], "texture": "#1"},
				"east": {"uv": [3.51563, 3.07813, 12.48438, 12.6875], "texture": "#1"},
				"south": {"uv": [3.51563, 3.07813, 12.48438, 12.6875], "texture": "#1"},
				"west": {"uv": [3.51563, 3.07813, 12.48438, 12.6875], "texture": "#1"},
				"up": {"uv": [3.51563, 3.07813, 12.48438, 12.6875], "texture": "#1"},
				"down": {"uv": [3.51563, 3.07813, 12.48438, 12.6875], "texture": "#1"}
			}
		},
		{
			"from": [11, 11, 5.5],
			"to": [16, 16, 10.5],
			"faces": {
				"north": {"uv": [3.51563, 3.07813, 12.48438, 12.6875], "texture": "#1"},
				"east": {"uv": [3.51563, 3.07813, 12.48438, 12.6875], "texture": "#1"},
				"south": {"uv": [3.51563, 3.07813, 12.48438, 12.6875], "texture": "#1"},
				"west": {"uv": [3.51563, 3.07813, 12.48438, 12.6875], "texture": "#1"},
				"up": {"uv": [3.51563, 3.07813, 12.48438, 12.6875], "texture": "#1"},
				"down": {"uv": [3.51563, 3.07813, 12.48438, 12.6875], "texture": "#1"}
			}
		},
		{
			"from": [0, 11, 0],
			"to": [5, 16, 5],
			"faces": {
				"north": {"uv": [3.51563, 3.07813, 12.48438, 12.6875], "texture": "#0"},
				"east": {"uv": [3.51563, 3.07813, 12.48438, 12.6875], "texture": "#0"},
				"south": {"uv": [3.51563, 3.07813, 12.48438, 12.6875], "texture": "#0"},
				"west": {"uv": [3.51563, 3.07813, 12.48438, 12.6875], "texture": "#0"},
				"up": {"uv": [3.51563, 3.07813, 12.48438, 12.6875], "texture": "#0"},
				"down": {"uv": [3.51563, 3.07813, 12.48438, 12.6875], "texture": "#0"}
			}
		},
		{
			"from": [11, 11, 0],
			"to": [16, 16, 5],
			"faces": {
				"north": {"uv": [3.51563, 3.07813, 12.48438, 12.6875], "texture": "#0"},
				"east": {"uv": [3.51563, 3.07813, 12.48438, 12.6875], "texture": "#0"},
				"south": {"uv": [3.51563, 3.07813, 12.48438, 12.6875], "texture": "#0"},
				"west": {"uv": [3.51563, 3.07813, 12.48438, 12.6875], "texture": "#0"},
				"up": {"uv": [3.51563, 3.07813, 12.48438, 12.6875], "texture": "#0"},
				"down": {"uv": [3.51563, 3.07813, 12.48438, 12.6875], "texture": "#0"}
			}
		},
		{
			"from": [5.5, 11, 0],
			"to": [10.5, 16, 5],
			"faces": {
				"north": {"uv": [3.51563, 3.07813, 12.48438, 12.6875], "texture": "#1"},
				"east": {"uv": [3.51563, 3.07813, 12.48438, 12.6875], "texture": "#1"},
				"south": {"uv": [3.51563, 3.07813, 12.48438, 12.6875], "texture": "#1"},
				"west": {"uv": [3.51563, 3.07813, 12.48438, 12.6875], "texture": "#1"},
				"up": {"uv": [3.51563, 3.07813, 12.48438, 12.6875], "texture": "#1"},
				"down": {"uv": [3.51563, 3.07813, 12.48438, 12.6875], "texture": "#1"}
			}
		},
		{
			"from": [11, 11, 11],
			"to": [16, 16, 16],
			"faces": {
				"north": {"uv": [3.51563, 3.07813, 12.48438, 12.6875], "texture": "#0"},
				"east": {"uv": [3.51563, 3.07813, 12.48438, 12.6875], "texture": "#0"},
				"south": {"uv": [3.51563, 3.07813, 12.48438, 12.6875], "texture": "#0"},
				"west": {"uv": [3.51563, 3.07813, 12.48438, 12.6875], "texture": "#0"},
				"up": {"uv": [3.51563, 3.07813, 12.48438, 12.6875], "texture": "#0"},
				"down": {"uv": [3.51563, 3.07813, 12.48438, 12.6875], "texture": "#0"}
			}
		},
		{
			"from": [0, 11, 11],
			"to": [5, 16, 16],
			"faces": {
				"north": {"uv": [3.51563, 3.07813, 12.48438, 12.6875], "texture": "#0"},
				"east": {"uv": [3.51563, 3.07813, 12.48438, 12.6875], "texture": "#0"},
				"south": {"uv": [3.51563, 3.07813, 12.48438, 12.6875], "texture": "#0"},
				"west": {"uv": [3.51563, 3.07813, 12.48438, 12.6875], "texture": "#0"},
				"up": {"uv": [3.51563, 3.07813, 12.48438, 12.6875], "texture": "#0"},
				"down": {"uv": [3.51563, 3.07813, 12.48438, 12.6875], "texture": "#0"}
			}
		},
		{
			"from": [5.5, 11, 11],
			"to": [10.5, 16, 16],
			"faces": {
				"north": {"uv": [3.51563, 3.07813, 12.48438, 12.6875], "texture": "#1"},
				"east": {"uv": [3.51563, 3.07813, 12.48438, 12.6875], "texture": "#1"},
				"south": {"uv": [3.51563, 3.07813, 12.48438, 12.6875], "texture": "#1"},
				"west": {"uv": [3.51563, 3.07813, 12.48438, 12.6875], "texture": "#1"},
				"up": {"uv": [3.51563, 3.07813, 12.48438, 12.6875], "texture": "#1"},
				"down": {"uv": [3.51563, 3.07813, 12.48438, 12.6875], "texture": "#1"}
			}
		}
	]
}