{
	"credit": "Made with Blockbench",
	"textures": {
		"0": "block/iron_trapdoor",
		"particle": "block/iron_trapdoor"
	},
	"elements": [
		{
			"from": [0, 15, 15],
			"to": [16, 16, 16],
			"faces": {
				"north": {"uv": [0, 11.6875, 16, 15.96875], "texture": "#0"},
				"east": {"uv": [0, 11.6875, 16, 15.96875], "texture": "#0"},
				"south": {"uv": [0, 11.6875, 16, 15.96875], "texture": "#0"},
				"west": {"uv": [0, 11.6875, 16, 15.96875], "texture": "#0"},
				"up": {"uv": [0, 11.6875, 16, 15.96875], "texture": "#0"},
				"down": {"uv": [0, 11.6875, 16, 15.96875], "texture": "#0"}
			}
		},
		{
			"from": [0, 15, 0],
			"to": [16, 16, 1],
			"faces": {
				"north": {"uv": [0, 11.6875, 16, 15.96875], "texture": "#0"},
				"east": {"uv": [0, 11.6875, 16, 15.96875], "texture": "#0"},
				"south": {"uv": [0, 11.6875, 16, 15.96875], "texture": "#0"},
				"west": {"uv": [0, 11.6875, 16, 15.96875], "texture": "#0"},
				"up": {"uv": [0, 11.6875, 16, 15.96875], "texture": "#0"},
				"down": {"uv": [0, 11.6875, 16, 15.96875], "texture": "#0"}
			}
		},
		{
			"from": [0, 15.5, 1],
			"to": [16, 15.5, 4],
			"faces": {
				"north": {"uv": [0, 0, 16, 0], "texture": "#0"},
				"east": {"uv": [0, 0, 3, 0], "texture": "#0"},
				"south": {"uv": [0, 0, 16, 0], "texture": "#0"},
				"west": {"uv": [0, 0, 3, 0], "texture": "#0"},
				"up": {"uv": [0, 7.1875, 16, 10.1875], "texture": "#0"},
				"down": {"uv": [0, 7.1875, 16, 10.1875], "texture": "#0"}
			}
		},
		{
			"from": [0, 15.5, 5],
			"to": [16, 15.5, 11],
			"faces": {
				"north": {"uv": [0, 0, 16, 0], "texture": "#0"},
				"east": {"uv": [0, 0, 6, 0], "texture": "#0"},
				"south": {"uv": [0, 0, 16, 0], "texture": "#0"},
				"west": {"uv": [0, 0, 6, 0], "texture": "#0"},
				"up": {"uv": [0, 0, 16, 5.625], "texture": "#0"},
				"down": {"uv": [0, 0, 16, 6], "texture": "#0"}
			}
		},
		{
			"from": [0, 15.5, 12],
			"to": [16, 15.5, 15],
			"faces": {
				"north": {"uv": [0, 0, 16, 0], "texture": "#0"},
				"east": {"uv": [0, 0, 3, 0], "texture": "#0"},
				"south": {"uv": [0, 0, 16, 0], "texture": "#0"},
				"west": {"uv": [0, 0, 3, 0], "texture": "#0"},
				"up": {"uv": [0, 7.5625, 16, 10.5625], "texture": "#0"},
				"down": {"uv": [0, 7.5625, 16, 10.5625], "texture": "#0"}
			}
		},
		{
			"from": [0, 15, 4],
			"to": [16, 16, 5],
			"faces": {
				"north": {"uv": [0, 11.6875, 16, 15.96875], "texture": "#0"},
				"east": {"uv": [0, 11.6875, 16, 15.96875], "texture": "#0"},
				"south": {"uv": [0, 11.6875, 16, 15.96875], "texture": "#0"},
				"west": {"uv": [0, 11.6875, 16, 15.96875], "texture": "#0"},
				"up": {"uv": [0, 11.6875, 16, 15.96875], "texture": "#0"},
				"down": {"uv": [0, 11.6875, 16, 15.96875], "texture": "#0"}
			}
		},
		{
			"from": [0, 15, 11],
			"to": [16, 16, 12],
			"faces": {
				"north": {"uv": [0, 11.6875, 16, 15.96875], "texture": "#0"},
				"east": {"uv": [0, 11.6875, 16, 15.96875], "texture": "#0"},
				"south": {"uv": [0, 11.6875, 16, 15.96875], "texture": "#0"},
				"west": {"uv": [0, 11.6875, 16, 15.96875], "texture": "#0"},
				"up": {"uv": [0, 11.6875, 16, 15.96875], "texture": "#0"},
				"down": {"uv": [0, 11.6875, 16, 15.96875], "texture": "#0"}
			}
		}
	],
	"groups": [
		{
			"name": "iron_trapdoor_bottom",
			"origin": [8, 8, 8],
			"color": 0,
			"children": [0, 1, 2, 3, 4, 5, 6]
		}
	]
}