{
	"credit": "Made with Blockbench",
	"textures": {
		"0": "block/iron_door_bottom",
		"particle": "block/iron_door_bottom"
	},
	"elements": [
		{
			"from": [0, 0, 0],
			"to": [2, 16, 2],
			"faces": {
				"north": {"uv": [0, 0, 6.0625, 16], "texture": "#0"},
				"east": {"uv": [0, 0, 6.0625, 16], "texture": "#0"},
				"south": {"uv": [0, 0, 6.0625, 16], "texture": "#0"},
				"west": {"uv": [0, 0, 6.0625, 16], "texture": "#0"},
				"up": {"uv": [0, 0, 6.0625, 16], "texture": "#0"},
				"down": {"uv": [0, 0, 6.0625, 16], "texture": "#0"}
			}
		},
		{
			"from": [0, 0, 14],
			"to": [2, 16, 16],
			"faces": {
				"north": {"uv": [7.375, 0, 13.4375, 16], "texture": "#0"},
				"east": {"uv": [7, 1.28125, 10.875, 9.5], "texture": "#0"},
				"south": {"uv": [5, 0, 11.0625, 16], "texture": "#0"},
				"west": {"uv": [5.6875, 0, 11.75, 16], "texture": "#0"},
				"up": {"uv": [9.9375, 0, 16, 16], "texture": "#0"},
				"down": {"uv": [9.78125, 2.625, 11.25, 7.0625], "texture": "#0"}
			}
		},
		{
			"from": [0, 0, 2],
			"to": [2, 2, 14],
			"faces": {
				"north": {"uv": [0, 0, 2, 2], "texture": "#0"},
				"east": {"uv": [0, 8.96875, 16, 16], "texture": "#0"},
				"south": {"uv": [0, 0, 2, 2], "texture": "#0"},
				"west": {"uv": [0, 0, 12, 2], "texture": "#0"},
				"up": {"uv": [0, 0, 2.0625, 16], "texture": "#0"},
				"down": {"uv": [0, 0, 2.0625, 16], "texture": "#0"}
			}
		},
		{
			"from": [0.5, 2, 2],
			"to": [1.5, 16, 4],
			"faces": {
				"north": {"uv": [0, 0, 6.0625, 16], "texture": "#0"},
				"east": {"uv": [0, 0, 6.0625, 16], "texture": "#0"},
				"south": {"uv": [0, 0, 6.0625, 16], "texture": "#0"},
				"west": {"uv": [0, 0, 6.0625, 16], "texture": "#0"},
				"up": {"uv": [0, 0, 6.0625, 16], "texture": "#0"},
				"down": {"uv": [0, 0, 6.0625, 16], "texture": "#0"}
			}
		},
		{
			"from": [0.5, 2, 12],
			"to": [1.5, 16, 14],
			"faces": {
				"north": {"uv": [0, 0, 6.0625, 16], "texture": "#0"},
				"east": {"uv": [0, 0, 6.0625, 16], "texture": "#0"},
				"south": {"uv": [0, 0, 6.0625, 16], "texture": "#0"},
				"west": {"uv": [0, 0, 6.0625, 16], "texture": "#0"},
				"up": {"uv": [0, 0, 6.0625, 16], "texture": "#0"},
				"down": {"uv": [0, 0, 6.0625, 16], "texture": "#0"}
			}
		},
		{
			"from": [0, 0, 14],
			"to": [2, 16, 16],
			"faces": {
				"north": {"uv": [0, 0, 2, 16], "texture": "#0"},
				"east": {"uv": [0, 0, 6.0625, 16], "texture": "#0"},
				"south": {"uv": [0, 0, 2, 16], "texture": "#0"},
				"west": {"uv": [0, 0, 2, 16], "texture": "#0"},
				"up": {"uv": [0, 0, 2, 2], "texture": "#0"},
				"down": {"uv": [0, 0, 2, 2], "texture": "#0"}
			}
		},
		{
			"from": [0.5, 2, 4],
			"to": [1.5, 4, 12],
			"faces": {
				"north": {"uv": [0, 0, 1, 2], "texture": "#0"},
				"east": {"uv": [0, 8.9375, 14.125, 16], "texture": "#0"},
				"south": {"uv": [0, 0, 1, 2], "texture": "#0"},
				"west": {"uv": [0, 0, 8, 2], "texture": "#0"},
				"up": {"uv": [0, 0, 1, 8], "texture": "#0"},
				"down": {"uv": [0, 0, 1, 8], "texture": "#0"}
			}
		},
		{
			"from": [0.75, 5, 5],
			"to": [1.25, 5.5, 12],
			"faces": {
				"north": {"uv": [0, 0, 0.5, 0.5], "texture": "#0"},
				"east": {"uv": [0, 0, 7, 0.5], "texture": "#0"},
				"south": {"uv": [0, 0, 0.5, 0.5], "texture": "#0"},
				"west": {"uv": [0, 0, 7, 0.5], "texture": "#0"},
				"up": {"uv": [0, 0, 0.5, 7], "rotation": 180, "texture": "#0"},
				"down": {"uv": [0, 0, 0.5, 7], "rotation": 180, "texture": "#0"}
			}
		},
		{
			"from": [0.75, 7, 7],
			"to": [1.25, 7.5, 12],
			"faces": {
				"north": {"uv": [0, 0, 0.5, 0.5], "texture": "#0"},
				"east": {"uv": [0, 0, 5, 0.5], "texture": "#0"},
				"south": {"uv": [0, 0, 0.5, 0.5], "texture": "#0"},
				"west": {"uv": [0, 0, 5, 0.5], "texture": "#0"},
				"up": {"uv": [0, 0, 0.5, 5], "rotation": 180, "texture": "#0"},
				"down": {"uv": [0, 0, 0.5, 5], "rotation": 180, "texture": "#0"}
			}
		},
		{
			"from": [0.75, 9, 9],
			"to": [1.25, 9.5, 12],
			"faces": {
				"north": {"uv": [0, 0, 0.5, 0.5], "texture": "#0"},
				"east": {"uv": [0, 0, 3, 0.5], "texture": "#0"},
				"south": {"uv": [0, 0, 0.5, 0.5], "texture": "#0"},
				"west": {"uv": [0, 0, 3, 0.5], "texture": "#0"},
				"up": {"uv": [0, 0, 0.5, 3], "rotation": 180, "texture": "#0"},
				"down": {"uv": [0, 0, 0.5, 3], "rotation": 180, "texture": "#0"}
			}
		},
		{
			"from": [0.75, 5.5, 5],
			"to": [1.25, 16, 5.5],
			"faces": {
				"north": {"uv": [0, 0, 0.5, 10.5], "texture": "#0"},
				"east": {"uv": [0, 0, 0.5, 10.5], "texture": "#0"},
				"south": {"uv": [0, 0, 0.5, 10.5], "texture": "#0"},
				"west": {"uv": [0, 0, 0.5, 10.5], "texture": "#0"},
				"up": {"uv": [0, 0, 0.5, 0.5], "rotation": 180, "texture": "#0"},
				"down": {"uv": [0, 0, 0.5, 0.5], "rotation": 180, "texture": "#0"}
			}
		},
		{
			"from": [0.75, 7.5, 7],
			"to": [1.25, 16, 7.5],
			"faces": {
				"north": {"uv": [0, 0, 0.5, 8.5], "texture": "#0"},
				"east": {"uv": [0, 0, 0.5, 8.5], "texture": "#0"},
				"south": {"uv": [0, 0, 0.5, 8.5], "texture": "#0"},
				"west": {"uv": [0, 0, 0.5, 8.5], "texture": "#0"},
				"up": {"uv": [0, 0, 0.5, 0.5], "rotation": 180, "texture": "#0"},
				"down": {"uv": [0, 0, 0.5, 0.5], "rotation": 180, "texture": "#0"}
			}
		},
		{
			"from": [0.75, 9.5, 9],
			"to": [1.25, 16, 9.5],
			"faces": {
				"north": {"uv": [0, 0, 0.5, 6.5], "texture": "#0"},
				"east": {"uv": [0, 0, 0.5, 6.5], "texture": "#0"},
				"south": {"uv": [0, 0, 0.5, 6.5], "texture": "#0"},
				"west": {"uv": [0, 0, 0.5, 6.5], "texture": "#0"},
				"up": {"uv": [0, 0, 0.5, 0.5], "rotation": 180, "texture": "#0"},
				"down": {"uv": [0, 0, 0.5, 0.5], "rotation": 180, "texture": "#0"}
			}
		}
	],
	"display": {
		"thirdperson_righthand": {
			"rotation": [75, 315, 0],
			"translation": [0, 2.5, 0],
			"scale": [0.375, 0.375, 0.375]
		},
		"firstperson_righthand": {
			"rotation": [0, 315, 0],
			"translation": [0, 2.5, 0],
			"scale": [0.4, 0.4, 0.4]
		},
		"ground": {
			"translation": [0, 3, 0],
			"scale": [0.25, 0.25, 0.25]
		},
		"gui": {
			"rotation": [30, 43, 0],
			"scale": [0.625, 0.625, 0.625]
		},
		"head": {
			"rotation": [0, 180, 0]
		},
		"fixed": {
			"rotation": [0, 180, 0]
		}
	}
}