{
	"credit": "Made with Blockbench",
	"textures": {
		"0": "block/iron_trapdoor",
		"particle": "block/iron_trapdoor"
	},
	"elements": [
		{
			"from": [0, 0, 15],
			"to": [16, 1, 16],
			"faces": {
				"north": {"uv": [0, 11.6875, 16, 15.96875], "texture": "#0"},
				"east": {"uv": [0, 11.6875, 16, 15.96875], "texture": "#0"},
				"south": {"uv": [0, 11.6875, 16, 15.96875], "texture": "#0"},
				"west": {"uv": [0, 11.6875, 16, 15.96875], "texture": "#0"},
				"up": {"uv": [0, 11.6875, 16, 15.96875], "texture": "#0"},
				"down": {"uv": [0, 11.6875, 16, 15.96875], "texture": "#0"}
			}
		},
		{
			"from": [0, 0, 0],
			"to": [16, 1, 1],
			"faces": {
				"north": {"uv": [0, 11.6875, 16, 15.96875], "texture": "#0"},
				"east": {"uv": [0, 11.6875, 16, 15.96875], "texture": "#0"},
				"south": {"uv": [0, 11.6875, 16, 15.96875], "texture": "#0"},
				"west": {"uv": [0, 11.6875, 16, 15.96875], "texture": "#0"},
				"up": {"uv": [0, 11.6875, 16, 15.96875], "texture": "#0"},
				"down": {"uv": [0, 11.6875, 16, 15.96875], "texture": "#0"}
			}
		},
		{
			"from": [0, 0.5, 1],
			"to": [16, 0.5, 4],
			"faces": {
				"north": {"uv": [0, 0, 16, 0], "texture": "#0"},
				"east": {"uv": [0, 0, 3, 0], "texture": "#0"},
				"south": {"uv": [0, 0, 16, 0], "texture": "#0"},
				"west": {"uv": [0, 0, 3, 0], "texture": "#0"},
				"up": {"uv": [0, 7.1875, 16, 10.1875], "texture": "#0"},
				"down": {"uv": [0, 7.1875, 16, 10.1875], "texture": "#0"}
			}
		},
		{
			"from": [0, 0.5, 5],
			"to": [16, 0.5, 11],
			"faces": {
				"north": {"uv": [0, 0, 16, 0], "texture": "#0"},
				"east": {"uv": [0, 0, 6, 0], "texture": "#0"},
				"south": {"uv": [0, 0, 16, 0], "texture": "#0"},
				"west": {"uv": [0, 0, 6, 0], "texture": "#0"},
				"up": {"uv": [0, 0, 16, 5.625], "texture": "#0"},
				"down": {"uv": [0, 0, 16, 6], "texture": "#0"}
			}
		},
		{
			"from": [0, 0.5, 12],
			"to": [16, 0.5, 15],
			"faces": {
				"north": {"uv": [0, 0, 16, 0], "texture": "#0"},
				"east": {"uv": [0, 0, 3, 0], "texture": "#0"},
				"south": {"uv": [0, 0, 16, 0], "texture": "#0"},
				"west": {"uv": [0, 0, 3, 0], "texture": "#0"},
				"up": {"uv": [0, 7.5625, 16, 10.5625], "texture": "#0"},
				"down": {"uv": [0, 7.5625, 16, 10.5625], "texture": "#0"}
			}
		},
		{
			"from": [0, 0, 4],
			"to": [16, 1, 5],
			"faces": {
				"north": {"uv": [0, 11.6875, 16, 15.96875], "texture": "#0"},
				"east": {"uv": [0, 11.6875, 16, 15.96875], "texture": "#0"},
				"south": {"uv": [0, 11.6875, 16, 15.96875], "texture": "#0"},
				"west": {"uv": [0, 11.6875, 16, 15.96875], "texture": "#0"},
				"up": {"uv": [0, 11.6875, 16, 15.96875], "texture": "#0"},
				"down": {"uv": [0, 11.6875, 16, 15.96875], "texture": "#0"}
			}
		},
		{
			"from": [0, 0, 11],
			"to": [16, 1, 12],
			"faces": {
				"north": {"uv": [0, 11.6875, 16, 15.96875], "texture": "#0"},
				"east": {"uv": [0, 11.6875, 16, 15.96875], "texture": "#0"},
				"south": {"uv": [0, 11.6875, 16, 15.96875], "texture": "#0"},
				"west": {"uv": [0, 11.6875, 16, 15.96875], "texture": "#0"},
				"up": {"uv": [0, 11.6875, 16, 15.96875], "texture": "#0"},
				"down": {"uv": [0, 11.6875, 16, 15.96875], "texture": "#0"}
			}
		}
	],
	"display": {
		"thirdperson_righthand": {
			"translation": [0, 7.75, 0],
			"scale": [0.41602, 1, 0.3457]
		},
		"thirdperson_lefthand": {
			"translation": [0, 7.75, 0],
			"scale": [0.41602, 1, 0.3457]
		},
		"firstperson_righthand": {
			"rotation": [60.75, 0, 0],
			"translation": [1.25, 4.5, 5],
			"scale": [0.41602, 1, 0.3457]
		},
		"firstperson_lefthand": {
			"rotation": [60.75, 0, 0],
			"translation": [1.25, 4.5, 5],
			"scale": [0.41602, 1, 0.3457]
		},
		"ground": {
			"translation": [0, 4.25, 0],
			"scale": [0.27344, 1, 0.25195]
		},
		"gui": {
			"rotation": [107.1, 0.4, -32.75],
			"translation": [4, -1.75, 0],
			"scale": [0.64844, 1, 0.70313]
		},
		"fixed": {
			"rotation": [89.25, 0, 0],
			"translation": [0, 0.25, 24.75],
			"scale": [1, 3.36914, 1]
		}
	}
}