{
	"credit": "Made with Blockbench",
	"textures": {
		"0": "block/iron_door_bottom",
		"1": "block/iron_door_top"
	},
	"elements": [
		{
			"from": [0, 0, 0],
			"to": [2, 16, 2],
			"faces": {
				"north": {"uv": [0, 0, 6.0625, 16], "texture": "#0"},
				"east": {"uv": [0, 0, 6.0625, 16], "texture": "#0"},
				"south": {"uv": [0, 0, 6.0625, 16], "texture": "#0"},
				"west": {"uv": [0, 0, 6.0625, 16], "texture": "#0"},
				"up": {"uv": [0, 0, 6.0625, 16], "texture": "#0"},
				"down": {"uv": [0, 0, 6.0625, 16], "texture": "#0"}
			}
		},
		{
			"from": [0, 0, 14],
			"to": [2, 16, 16],
			"faces": {
				"north": {"uv": [7.375, 0, 13.4375, 16], "texture": "#0"},
				"east": {"uv": [7, 1.28125, 10.875, 9.5], "texture": "#0"},
				"south": {"uv": [5, 0, 11.0625, 16], "texture": "#0"},
				"west": {"uv": [5.6875, 0, 11.75, 16], "texture": "#0"},
				"up": {"uv": [9.9375, 0, 16, 16], "texture": "#0"},
				"down": {"uv": [9.78125, 2.625, 11.25, 7.0625], "texture": "#0"}
			}
		},
		{
			"from": [0, 14, 2],
			"to": [2, 16, 14],
			"faces": {
				"north": {"uv": [0, 0, 2, 2], "texture": "#0"},
				"east": {"uv": [0, 8.96875, 16, 16], "texture": "#0"},
				"south": {"uv": [0, 0, 2, 2], "texture": "#0"},
				"west": {"uv": [0, 0, 12, 2], "texture": "#0"},
				"up": {"uv": [0, 0, 2.0625, 16], "texture": "#0"},
				"down": {"uv": [0, 0, 2.0625, 16], "texture": "#0"}
			}
		},
		{
			"from": [0.5, 0, 2],
			"to": [1.5, 14, 4],
			"faces": {
				"north": {"uv": [0, 0, 6.0625, 16], "texture": "#0"},
				"east": {"uv": [0, 0, 6.0625, 16], "texture": "#0"},
				"south": {"uv": [0, 0, 6.0625, 16], "texture": "#0"},
				"west": {"uv": [0, 0, 6.0625, 16], "texture": "#0"},
				"up": {"uv": [0, 0, 6.0625, 16], "texture": "#0"},
				"down": {"uv": [0, 0, 6.0625, 16], "texture": "#0"}
			}
		},
		{
			"from": [0.5, 0, 12],
			"to": [1.5, 14, 14],
			"faces": {
				"north": {"uv": [0, 0, 6.0625, 16], "texture": "#0"},
				"east": {"uv": [0, 0, 6.0625, 16], "texture": "#0"},
				"south": {"uv": [0, 0, 6.0625, 16], "texture": "#0"},
				"west": {"uv": [0, 0, 6.0625, 16], "texture": "#0"},
				"up": {"uv": [0, 0, 6.0625, 16], "texture": "#0"},
				"down": {"uv": [0, 0, 6.0625, 16], "texture": "#0"}
			}
		},
		{
			"from": [0, 0, 14],
			"to": [2, 16, 16],
			"faces": {
				"north": {"uv": [0, 0, 2, 16], "texture": "#0"},
				"east": {"uv": [0, 0, 6.0625, 16], "texture": "#0"},
				"south": {"uv": [0, 0, 2, 16], "texture": "#0"},
				"west": {"uv": [0, 0, 2, 16], "texture": "#0"},
				"up": {"uv": [0, 0, 2, 2], "texture": "#0"},
				"down": {"uv": [0, 0, 2, 2], "texture": "#0"}
			}
		},
		{
			"from": [0.5, 12, 4],
			"to": [1.5, 14, 12],
			"faces": {
				"north": {"uv": [0, 0, 1, 2], "texture": "#0"},
				"east": {"uv": [0, 8.9375, 14.125, 16], "texture": "#0"},
				"south": {"uv": [0, 0, 1, 2], "texture": "#0"},
				"west": {"uv": [0, 0, 8, 2], "texture": "#0"},
				"up": {"uv": [0, 0, 1, 8], "texture": "#0"},
				"down": {"uv": [0, 0, 1, 8], "texture": "#0"}
			}
		},
		{
			"from": [0.75, 10.5, 4],
			"to": [1.25, 11, 9.5],
			"faces": {
				"north": {"uv": [0, 0, 0.5, 0.5], "rotation": 180, "texture": "#0"},
				"east": {"uv": [0, 0, 7, 0.5], "rotation": 180, "texture": "#0"},
				"south": {"uv": [0, 0, 0.5, 0.5], "rotation": 180, "texture": "#0"},
				"west": {"uv": [0, 0, 7, 0.5], "rotation": 180, "texture": "#0"},
				"up": {"uv": [0, 0, 0.5, 7], "rotation": 180, "texture": "#0"},
				"down": {"uv": [0, 0, 0.5, 7], "rotation": 180, "texture": "#0"}
			}
		},
		{
			"from": [0.75, 8.5, 4],
			"to": [1.25, 9, 7.5],
			"faces": {
				"north": {"uv": [0, 0, 0.5, 0.5], "rotation": 180, "texture": "#0"},
				"east": {"uv": [0, 0, 5, 0.5], "rotation": 180, "texture": "#0"},
				"south": {"uv": [0, 0, 0.5, 0.5], "rotation": 180, "texture": "#0"},
				"west": {"uv": [0, 0, 5, 0.5], "rotation": 180, "texture": "#0"},
				"up": {"uv": [0, 0, 0.5, 5], "rotation": 180, "texture": "#0"},
				"down": {"uv": [0, 0, 0.5, 5], "rotation": 180, "texture": "#0"}
			}
		},
		{
			"from": [0.75, 6.5, 4],
			"to": [1.25, 7, 5.5],
			"faces": {
				"north": {"uv": [0, 0, 0.5, 0.5], "rotation": 180, "texture": "#0"},
				"east": {"uv": [0, 0, 3, 0.5], "rotation": 180, "texture": "#0"},
				"south": {"uv": [0, 0, 0.5, 0.5], "rotation": 180, "texture": "#0"},
				"west": {"uv": [0, 0, 3, 0.5], "rotation": 180, "texture": "#0"},
				"up": {"uv": [0, 0, 0.5, 3], "rotation": 180, "texture": "#0"},
				"down": {"uv": [0, 0, 0.5, 3], "rotation": 180, "texture": "#0"}
			}
		},
		{
			"from": [0.75, 0, 9],
			"to": [1.25, 10.5, 9.5],
			"faces": {
				"north": {"uv": [0, 0, 0.5, 10.5], "rotation": 180, "texture": "#0"},
				"east": {"uv": [0, 0, 0.5, 10.5], "rotation": 180, "texture": "#0"},
				"south": {"uv": [0, 0, 0.5, 10.5], "rotation": 180, "texture": "#0"},
				"west": {"uv": [0, 0, 0.5, 10.5], "rotation": 180, "texture": "#0"},
				"up": {"uv": [0, 0, 0.5, 0.5], "rotation": 180, "texture": "#0"},
				"down": {"uv": [0, 0, 0.5, 0.5], "rotation": 180, "texture": "#0"}
			}
		},
		{
			"from": [0.75, 0, 7],
			"to": [1.25, 8.5, 7.5],
			"faces": {
				"north": {"uv": [0, 0, 0.5, 8.5], "rotation": 180, "texture": "#0"},
				"east": {"uv": [0, 0, 0.5, 8.5], "rotation": 180, "texture": "#0"},
				"south": {"uv": [0, 0, 0.5, 8.5], "rotation": 180, "texture": "#0"},
				"west": {"uv": [0, 0, 0.5, 8.5], "rotation": 180, "texture": "#0"},
				"up": {"uv": [0, 0, 0.5, 0.5], "rotation": 180, "texture": "#0"},
				"down": {"uv": [0, 0, 0.5, 0.5], "rotation": 180, "texture": "#0"}
			}
		},
		{
			"from": [0.75, 0, 5],
			"to": [1.25, 6.5, 5.5],
			"faces": {
				"north": {"uv": [0, 0, 0.5, 6.5], "rotation": 180, "texture": "#0"},
				"east": {"uv": [0, 0, 0.5, 6.5], "rotation": 180, "texture": "#0"},
				"south": {"uv": [0, 0, 0.5, 6.5], "rotation": 180, "texture": "#0"},
				"west": {"uv": [0, 0, 0.5, 6.5], "rotation": 180, "texture": "#0"},
				"up": {"uv": [0, 0, 0.5, 0.5], "rotation": 180, "texture": "#0"},
				"down": {"uv": [0, 0, 0.5, 0.5], "rotation": 180, "texture": "#0"}
			}
		},
		{
			"from": [-0.001, 0, 0.3],
			"to": [2.009, 3, 1.8],
			"faces": {
				"north": {"uv": [6.4375, 4.0625, 8.5625, 8.34375], "texture": "#1"},
				"east": {"uv": [0, 0, 2.125, 4.28125], "texture": "#1"},
				"south": {"uv": [0, 0, 2.125, 4.28125], "texture": "#1"},
				"west": {"uv": [0, 0, 2.125, 4.28125], "texture": "#1"},
				"up": {"uv": [0, 0, 0, 1.5], "texture": "#1"},
				"down": {"uv": [0, 0, 0, 1.5], "texture": "#1"}
			}
		}
	],
	"display": {
		"thirdperson_righthand": {
			"rotation": [75, 315, 0],
			"translation": [0, 2.5, 0],
			"scale": [0.375, 0.375, 0.375]
		},
		"firstperson_righthand": {
			"rotation": [0, 315, 0],
			"translation": [0, 2.5, 0],
			"scale": [0.4, 0.4, 0.4]
		},
		"ground": {
			"translation": [0, 3, 0],
			"scale": [0.25, 0.25, 0.25]
		},
		"gui": {
			"rotation": [30, 43, 0],
			"scale": [0.625, 0.625, 0.625]
		},
		"head": {
			"rotation": [0, 180, 0]
		},
		"fixed": {
			"rotation": [0, 180, 0]
		}
	},
	"groups": [
		{
			"name": "iron_door_top_hinge",
			"origin": [8, 8, 8],
			"color": 0,
			"children": [
				0,
				1,
				2,
				3,
				4,
				5,
				6,
				{
					"name": "door_handle",
					"origin": [8, 8, 8],
					"color": 0,
					"children": []
				},
				{
					"name": "iron_door_top",
					"origin": [8, 8, 8],
					"color": 0,
					"children": [7, 8, 9, 10, 11, 12]
				}
			]
		},
		{
			"name": "door knock",
			"origin": [8, 8, 8],
			"color": 0,
			"children": [
				{
					"name": "iron_door_top",
					"origin": [8, 8, 8],
					"color": 0,
					"children": [
						{
							"name": "door_handle",
							"origin": [8, 8, 8],
							"color": 0,
							"children": [13]
						}
					]
				}
			]
		}
	]
}