{
	"credit": "Made with Blockbench",
	"textures": {
		"0": "block/iron_trapdoor",
		"particle": "block/iron_trapdoor"
	},
	"elements": [
		{
			"from": [0, 0, 15],
			"to": [16, 1, 16],
			"faces": {
				"north": {"uv": [0, 11.6875, 16, 15.96875], "rotation": 180, "texture": "#0"},
				"east": {"uv": [0, 11.6875, 16, 15.96875], "rotation": 270, "texture": "#0"},
				"south": {"uv": [0, 11.6875, 16, 15.96875], "texture": "#0"},
				"west": {"uv": [0, 11.6875, 16, 15.96875], "rotation": 90, "texture": "#0"},
				"up": {"uv": [0, 11.6875, 16, 15.96875], "rotation": 180, "texture": "#0"},
				"down": {"uv": [0, 11.6875, 16, 15.96875], "texture": "#0"}
			}
		},
		{
			"from": [0, 15, 15],
			"to": [16, 16, 16],
			"faces": {
				"north": {"uv": [0, 11.6875, 16, 15.96875], "rotation": 180, "texture": "#0"},
				"east": {"uv": [0, 11.6875, 16, 15.96875], "rotation": 270, "texture": "#0"},
				"south": {"uv": [0, 11.6875, 16, 15.96875], "texture": "#0"},
				"west": {"uv": [0, 11.6875, 16, 15.96875], "rotation": 90, "texture": "#0"},
				"up": {"uv": [0, 11.6875, 16, 15.96875], "rotation": 180, "texture": "#0"},
				"down": {"uv": [0, 11.6875, 16, 15.96875], "texture": "#0"}
			}
		},
		{
			"from": [0, 12, 15.5],
			"to": [16, 15, 15.5],
			"faces": {
				"north": {"uv": [0, 7.1875, 16, 10.1875], "rotation": 180, "texture": "#0"},
				"east": {"uv": [0, 0, 3, 0], "rotation": 270, "texture": "#0"},
				"south": {"uv": [0, 7.1875, 16, 10.1875], "texture": "#0"},
				"west": {"uv": [0, 0, 3, 0], "rotation": 90, "texture": "#0"},
				"up": {"uv": [0, 0, 16, 0], "rotation": 180, "texture": "#0"},
				"down": {"uv": [0, 0, 16, 0], "texture": "#0"}
			}
		},
		{
			"from": [0, 5, 15.5],
			"to": [16, 11, 15.5],
			"faces": {
				"north": {"uv": [0, 0, 16, 6], "rotation": 180, "texture": "#0"},
				"east": {"uv": [0, 0, 6, 0], "rotation": 270, "texture": "#0"},
				"south": {"uv": [0, 0, 16, 5.625], "texture": "#0"},
				"west": {"uv": [0, 0, 6, 0], "rotation": 90, "texture": "#0"},
				"up": {"uv": [0, 0, 16, 0], "rotation": 180, "texture": "#0"},
				"down": {"uv": [0, 0, 16, 0], "texture": "#0"}
			}
		},
		{
			"from": [0, 1, 15.5],
			"to": [16, 4, 15.5],
			"faces": {
				"north": {"uv": [0, 7.5625, 16, 10.5625], "rotation": 180, "texture": "#0"},
				"east": {"uv": [0, 0, 3, 0], "rotation": 270, "texture": "#0"},
				"south": {"uv": [0, 7.5625, 16, 10.5625], "texture": "#0"},
				"west": {"uv": [0, 0, 3, 0], "rotation": 90, "texture": "#0"},
				"up": {"uv": [0, 0, 16, 0], "rotation": 180, "texture": "#0"},
				"down": {"uv": [0, 0, 16, 0], "texture": "#0"}
			}
		},
		{
			"from": [0, 11, 15],
			"to": [16, 12, 16],
			"faces": {
				"north": {"uv": [0, 11.6875, 16, 15.96875], "rotation": 180, "texture": "#0"},
				"east": {"uv": [0, 11.6875, 16, 15.96875], "rotation": 270, "texture": "#0"},
				"south": {"uv": [0, 11.6875, 16, 15.96875], "texture": "#0"},
				"west": {"uv": [0, 11.6875, 16, 15.96875], "rotation": 90, "texture": "#0"},
				"up": {"uv": [0, 11.6875, 16, 15.96875], "rotation": 180, "texture": "#0"},
				"down": {"uv": [0, 11.6875, 16, 15.96875], "texture": "#0"}
			}
		},
		{
			"from": [0, 4, 15],
			"to": [16, 5, 16],
			"faces": {
				"north": {"uv": [0, 11.6875, 16, 15.96875], "rotation": 180, "texture": "#0"},
				"east": {"uv": [0, 11.6875, 16, 15.96875], "rotation": 270, "texture": "#0"},
				"south": {"uv": [0, 11.6875, 16, 15.96875], "texture": "#0"},
				"west": {"uv": [0, 11.6875, 16, 15.96875], "rotation": 90, "texture": "#0"},
				"up": {"uv": [0, 11.6875, 16, 15.96875], "rotation": 180, "texture": "#0"},
				"down": {"uv": [0, 11.6875, 16, 15.96875], "texture": "#0"}
			}
		}
	]
}