{
	"credit": "Made with Blockbench",
	"textures": {
		"particle": "block/wood_2",
		"wood": "block/wood_2",
		"back": "block/item_frame"
	},
	"elements": [
		{
			"from": [3, 3, 15.5],
			"to": [13, 13, 16],
			"faces": {
				"north": {"uv": [3, 3, 13, 13], "texture": "#back"},
				"south": {"uv": [3, 3, 13, 13], "texture": "#back"}
			}
		},
		{
			"from": [2, 2, 15],
			"to": [14, 3, 16],
			"faces": {
				"north": {"uv": [0, 0, 16, 16], "texture": "#wood"},
				"east": {"uv": [0, 0, 16, 16], "texture": "#wood"},
				"south": {"uv": [0, 0, 16, 16], "texture": "#wood"},
				"west": {"uv": [0, 0, 16, 16], "texture": "#wood"},
				"up": {"uv": [0, 0, 16, 16], "texture": "#wood"},
				"down": {"uv": [0, 0, 16, 16], "texture": "#wood"}
			}
		},
		{
			"from": [2, 13, 15],
			"to": [14, 14, 16],
			"faces": {
				"north": {"uv": [0, 0, 16, 16], "texture": "#wood"},
				"east": {"uv": [0, 0, 16, 16], "texture": "#wood"},
				"south": {"uv": [0, 0, 16, 16], "texture": "#wood"},
				"west": {"uv": [0, 0, 16, 16], "texture": "#wood"},
				"up": {"uv": [0, 0, 16, 16], "texture": "#wood"},
				"down": {"uv": [0, 0, 16, 16], "texture": "#wood"}
			}
		},
		{
			"from": [2, 3, 15],
			"to": [3, 13, 16],
			"faces": {
				"north": {"uv": [0, 0, 16, 16], "texture": "#wood"},
				"east": {"uv": [0, 0, 16, 16], "texture": "#wood"},
				"south": {"uv": [0, 0, 16, 16], "texture": "#wood"},
				"west": {"uv": [0, 0, 16, 16], "texture": "#wood"},
				"up": {"uv": [0, 0, 16, 16], "texture": "#wood"},
				"down": {"uv": [0, 0, 16, 16], "texture": "#wood"}
			}
		},
		{
			"from": [13, 3, 15],
			"to": [14, 13, 16],
			"faces": {
				"north": {"uv": [0, 0, 16, 16], "texture": "#wood"},
				"east": {"uv": [0, 0, 16, 16], "texture": "#wood"},
				"south": {"uv": [0, 0, 16, 16], "texture": "#wood"},
				"west": {"uv": [0, 0, 16, 16], "texture": "#wood"},
				"up": {"uv": [0, 0, 16, 16], "texture": "#wood"},
				"down": {"uv": [0, 0, 16, 16], "texture": "#wood"}
			}
		}
	]
}