{
	"credit": "Made with Blockbench",
	"textures": {
		"1": "block/jungle_planks"
	},
	"elements": [
		{
			"from": [0, 0, 14],
			"to": [1, 16, 16],
			"faces": {
				"north": {"uv": [0, 0, 16, 16], "texture": "#1"},
				"east": {"uv": [0, 0, 16, 16], "texture": "#1"},
				"south": {"uv": [0, 0, 16, 16], "texture": "#1"},
				"west": {"uv": [0, 0, 16, 16], "texture": "#1"},
				"up": {"uv": [0, 0, 16, 16], "texture": "#1"},
				"down": {"uv": [0, 0, 16, 16], "texture": "#1"}
			}
		},
		{
			"from": [15, 0, 14],
			"to": [16, 16, 16],
			"faces": {
				"north": {"uv": [0, 0, 16, 16], "texture": "#1"},
				"east": {"uv": [0, 0, 16, 16], "texture": "#1"},
				"south": {"uv": [0, 0, 16, 16], "texture": "#1"},
				"west": {"uv": [0, 0, 16, 16], "texture": "#1"},
				"up": {"uv": [0, 0, 16, 16], "texture": "#1"},
				"down": {"uv": [0, 0, 16, 16], "texture": "#1"}
			}
		},
		{
			"from": [0.5, 0, 14.7],
			"to": [15.5, 1, 15.2],
			"faces": {
				"north": {"uv": [0, 0.34375, 16, 3.1875], "texture": "#1"},
				"east": {"uv": [0, 0.34375, 16, 3.1875], "texture": "#1"},
				"south": {"uv": [0, 0.34375, 16, 3.1875], "texture": "#1"},
				"west": {"uv": [0, 0.34375, 16, 3.1875], "texture": "#1"},
				"up": {"uv": [0, 0.34375, 16, 3.1875], "texture": "#1"},
				"down": {"uv": [0, 0.34375, 16, 3.1875], "texture": "#1"}
			}
		},
		{
			"from": [0.5, 2, 14.7],
			"to": [15.5, 3, 15.2],
			"faces": {
				"north": {"uv": [0, 0.34375, 16, 3.1875], "texture": "#1"},
				"east": {"uv": [0, 0.34375, 16, 3.1875], "texture": "#1"},
				"south": {"uv": [0, 0.34375, 16, 3.1875], "texture": "#1"},
				"west": {"uv": [0, 0.34375, 16, 3.1875], "texture": "#1"},
				"up": {"uv": [0, 0.34375, 16, 3.1875], "texture": "#1"},
				"down": {"uv": [0, 0.34375, 16, 3.1875], "texture": "#1"}
			}
		},
		{
			"from": [0.5, 4, 14.7],
			"to": [15.5, 5, 15.2],
			"faces": {
				"north": {"uv": [0, 0.34375, 16, 3.1875], "texture": "#1"},
				"east": {"uv": [0, 0.34375, 16, 3.1875], "texture": "#1"},
				"south": {"uv": [0, 0.34375, 16, 3.1875], "texture": "#1"},
				"west": {"uv": [0, 0.34375, 16, 3.1875], "texture": "#1"},
				"up": {"uv": [0, 0.34375, 16, 3.1875], "texture": "#1"},
				"down": {"uv": [0, 0.34375, 16, 3.1875], "texture": "#1"}
			}
		},
		{
			"from": [0.5, 6, 14.7],
			"to": [15.5, 7, 15.2],
			"faces": {
				"north": {"uv": [0, 0.34375, 16, 3.1875], "texture": "#1"},
				"east": {"uv": [0, 0.34375, 16, 3.1875], "texture": "#1"},
				"south": {"uv": [0, 0.34375, 16, 3.1875], "texture": "#1"},
				"west": {"uv": [0, 0.34375, 16, 3.1875], "texture": "#1"},
				"up": {"uv": [0, 0.34375, 16, 3.1875], "texture": "#1"},
				"down": {"uv": [0, 0.34375, 16, 3.1875], "texture": "#1"}
			}
		},
		{
			"from": [0.5, 8, 14.7],
			"to": [15.5, 9, 15.2],
			"faces": {
				"north": {"uv": [0, 0.34375, 16, 3.1875], "texture": "#1"},
				"east": {"uv": [0, 0.34375, 16, 3.1875], "texture": "#1"},
				"south": {"uv": [0, 0.34375, 16, 3.1875], "texture": "#1"},
				"west": {"uv": [0, 0.34375, 16, 3.1875], "texture": "#1"},
				"up": {"uv": [0, 0.34375, 16, 3.1875], "texture": "#1"},
				"down": {"uv": [0, 0.34375, 16, 3.1875], "texture": "#1"}
			}
		},
		{
			"from": [0.5, 10, 14.7],
			"to": [15.5, 11, 15.2],
			"faces": {
				"north": {"uv": [0, 0.34375, 16, 3.1875], "texture": "#1"},
				"east": {"uv": [0, 0.34375, 16, 3.1875], "texture": "#1"},
				"south": {"uv": [0, 0.34375, 16, 3.1875], "texture": "#1"},
				"west": {"uv": [0, 0.34375, 16, 3.1875], "texture": "#1"},
				"up": {"uv": [0, 0.34375, 16, 3.1875], "texture": "#1"},
				"down": {"uv": [0, 0.34375, 16, 3.1875], "texture": "#1"}
			}
		},
		{
			"from": [0.5, 12, 14.7],
			"to": [15.5, 13, 15.2],
			"faces": {
				"north": {"uv": [0, 0.34375, 16, 3.1875], "texture": "#1"},
				"east": {"uv": [0, 0.34375, 16, 3.1875], "texture": "#1"},
				"south": {"uv": [0, 0.34375, 16, 3.1875], "texture": "#1"},
				"west": {"uv": [0, 0.34375, 16, 3.1875], "texture": "#1"},
				"up": {"uv": [0, 0.34375, 16, 3.1875], "texture": "#1"},
				"down": {"uv": [0, 0.34375, 16, 3.1875], "texture": "#1"}
			}
		},
		{
			"from": [0.5, 14, 14.7],
			"to": [15.5, 15, 15.2],
			"faces": {
				"north": {"uv": [0, 0.34375, 16, 3.1875], "texture": "#1"},
				"east": {"uv": [0, 0.34375, 16, 3.1875], "texture": "#1"},
				"south": {"uv": [0, 0.34375, 16, 3.1875], "texture": "#1"},
				"west": {"uv": [0, 0.34375, 16, 3.1875], "texture": "#1"},
				"up": {"uv": [0, 0.34375, 16, 3.1875], "texture": "#1"},
				"down": {"uv": [0, 0.34375, 16, 3.1875], "texture": "#1"}
			}
		}
	]
}