{
	"credit": "Made with Blockbench",
	"textures": {
		"0": "block/oak_door_bottom",
		"1": "block/oak_door_top",
		"particle": "block/oak_door_bottom"
	},
	"elements": [
		{
			"from": [0, 0, 0],
			"to": [1, 2, 16],
			"faces": {
				"north": {"uv": [0, 0, 1, 2], "texture": "#0"},
				"east": {"uv": [0, 0, 16, 2], "texture": "#0"},
				"south": {"uv": [0, 0, 1, 2], "texture": "#0"},
				"west": {"uv": [0, 0, 16, 2], "texture": "#0"},
				"up": {"uv": [0, 0, 1, 16], "texture": "#0"},
				"down": {"uv": [0, 0, 1, 16], "texture": "#0"}
			}
		},
		{
			"from": [0, 14, 0],
			"to": [1, 16, 16],
			"faces": {
				"north": {"uv": [0, 0, 1, 2], "texture": "#0"},
				"east": {"uv": [0, 0, 16, 2], "texture": "#0"},
				"south": {"uv": [0, 0, 1, 2], "texture": "#0"},
				"west": {"uv": [0, 0, 16, 2], "texture": "#0"},
				"up": {"uv": [0, 0, 1, 16], "texture": "#0"},
				"down": {"uv": [0, 0, 1, 16], "texture": "#0"}
			}
		},
		{
			"from": [0, 7, 2],
			"to": [1, 9, 14],
			"faces": {
				"north": {"uv": [0, 0, 1, 2], "texture": "#0"},
				"east": {"uv": [0, 0, 12, 2], "texture": "#0"},
				"south": {"uv": [0, 0, 1, 2], "texture": "#0"},
				"west": {"uv": [0, 0, 12, 2], "texture": "#0"},
				"up": {"uv": [0, 0, 1, 12], "texture": "#0"},
				"down": {"uv": [0, 0, 1, 12], "texture": "#0"}
			}
		},
		{
			"from": [0, 2, 14],
			"to": [1, 14, 16],
			"faces": {
				"north": {"uv": [0, 0, 1, 12], "texture": "#0"},
				"east": {"uv": [0, 0, 2, 12], "texture": "#0"},
				"south": {"uv": [0, 0, 1, 12], "texture": "#0"},
				"west": {"uv": [0, 0, 2, 12], "texture": "#0"},
				"up": {"uv": [0, 0, 1, 2], "texture": "#0"},
				"down": {"uv": [0, 0, 1, 2], "texture": "#0"}
			}
		},
		{
			"from": [-0.01, 2, 6.8],
			"to": [0.99, 14, 8.8],
			"faces": {
				"north": {"uv": [0, 0, 1, 12], "texture": "#0"},
				"east": {"uv": [0, 0, 2, 12], "texture": "#0"},
				"south": {"uv": [0, 0, 1, 12], "texture": "#0"},
				"west": {"uv": [0, 0, 2, 12], "texture": "#0"},
				"up": {"uv": [0, 0, 1, 2], "texture": "#0"},
				"down": {"uv": [0, 0, 1, 2], "texture": "#0"}
			}
		},
		{
			"from": [0, 2, 0],
			"to": [1, 14, 2],
			"faces": {
				"north": {"uv": [0, 0, 1, 12], "texture": "#0"},
				"east": {"uv": [0, 0, 2, 12], "texture": "#0"},
				"south": {"uv": [0, 0, 1, 12], "texture": "#0"},
				"west": {"uv": [0, 0, 2, 12], "texture": "#0"},
				"up": {"uv": [0, 0, 1, 2], "texture": "#0"},
				"down": {"uv": [0, 0, 1, 2], "texture": "#0"}
			}
		},
		{
			"from": [-0.1, 0, 15],
			"to": [1.1, 1, 15.3],
			"faces": {
				"north": {"uv": [11.21875, 5.9375, 12.21875, 7.9375], "texture": "#1"},
				"east": {"uv": [11.21875, 5.9375, 12.21875, 7.9375], "texture": "#1"},
				"south": {"uv": [11.21875, 5.9375, 12.21875, 7.9375], "texture": "#1"},
				"west": {"uv": [11.21875, 5.9375, 12.21875, 7.9375], "texture": "#1"},
				"up": {"uv": [11.21875, 5.9375, 12.21875, 7.9375], "texture": "#1"},
				"down": {"uv": [11.21875, 5.9375, 12.21875, 7.9375], "texture": "#1"}
			}
		},
		{
			"from": [-0.1, 1, 14.85],
			"to": [1.1, 1.6, 15.45],
			"faces": {
				"north": {"uv": [11.21875, 5.9375, 12.21875, 7.9375], "texture": "#1"},
				"east": {"uv": [11.21875, 5.9375, 12.21875, 7.9375], "texture": "#1"},
				"south": {"uv": [11.21875, 5.9375, 12.21875, 7.9375], "texture": "#1"},
				"west": {"uv": [11.21875, 5.9375, 12.21875, 7.9375], "texture": "#1"},
				"up": {"uv": [11.21875, 5.9375, 12.21875, 7.9375], "texture": "#1"},
				"down": {"uv": [11.21875, 5.9375, 12.21875, 7.9375], "texture": "#1"}
			}
		}
	]
}