{
	"credit": "Made with Blockbench",
	"textures": {
		"0": "block/oak_door_bottom",
		"particle": "block/oak_door_bottom"
	},
	"elements": [
		{
			"from": [0, 0, 0],
			"to": [1, 2, 16],
			"faces": {
				"north": {"uv": [0, 0, 1, 2], "texture": "#0"},
				"east": {"uv": [0, 0, 16, 2], "texture": "#0"},
				"south": {"uv": [0, 0, 1, 2], "texture": "#0"},
				"west": {"uv": [0, 0, 16, 2], "texture": "#0"},
				"up": {"uv": [0, 0, 1, 16], "texture": "#0"},
				"down": {"uv": [0, 0, 1, 16], "texture": "#0"}
			}
		},
		{
			"from": [0, 2, 0],
			"to": [1, 16, 1.8],
			"faces": {
				"north": {"uv": [0, 0, 1, 14], "texture": "#0"},
				"east": {"uv": [0, 0, 1.8, 14], "texture": "#0"},
				"south": {"uv": [0, 0, 1, 14], "texture": "#0"},
				"west": {"uv": [0, 0, 1.8, 14], "texture": "#0"},
				"up": {"uv": [0, 0, 1, 1.8], "texture": "#0"},
				"down": {"uv": [0, 0, 1, 1.8], "texture": "#0"}
			}
		},
		{
			"from": [0, 2, 14.2],
			"to": [1, 16, 16],
			"faces": {
				"north": {"uv": [0, 0, 1, 14], "texture": "#0"},
				"east": {"uv": [0, 0, 1.8, 14], "texture": "#0"},
				"south": {"uv": [0, 0, 1, 14], "texture": "#0"},
				"west": {"uv": [0, 0, 1.8, 14], "texture": "#0"},
				"up": {"uv": [0, 0, 1, 1.8], "texture": "#0"},
				"down": {"uv": [0, 0, 1, 1.8], "texture": "#0"}
			}
		},
		{
			"from": [0, 2.24, 1.8],
			"to": [1, 2.99, 14.2],
			"faces": {
				"north": {"uv": [1.65625, 0.78125, 14.05625, 1.53125], "texture": "#0"},
				"east": {"uv": [1.65625, 0.78125, 14.05625, 1.53125], "texture": "#0"},
				"south": {"uv": [0, 0, 1, 0.75], "texture": "#0"},
				"west": {"uv": [1.65625, 0.78125, 14.05625, 1.53125], "texture": "#0"},
				"up": {"uv": [1.65625, 0.78125, 14.05625, 1.53125], "texture": "#0"},
				"down": {"uv": [1.65625, 0.78125, 14.05625, 1.53125], "texture": "#0"}
			}
		},
		{
			"from": [0, 3.24, 1.8],
			"to": [1, 3.99, 14.2],
			"faces": {
				"north": {"uv": [1.65625, 0.78125, 14.05625, 1.53125], "texture": "#0"},
				"east": {"uv": [1.65625, 0.78125, 14.05625, 1.53125], "texture": "#0"},
				"south": {"uv": [0, 0, 1, 0.75], "texture": "#0"},
				"west": {"uv": [1.65625, 0.78125, 14.05625, 1.53125], "texture": "#0"},
				"up": {"uv": [1.65625, 0.78125, 14.05625, 1.53125], "texture": "#0"},
				"down": {"uv": [1.65625, 0.78125, 14.05625, 1.53125], "texture": "#0"}
			}
		},
		{
			"from": [0, 4.24, 1.8],
			"to": [1, 4.99, 14.2],
			"faces": {
				"north": {"uv": [1.65625, 0.78125, 14.05625, 1.53125], "texture": "#0"},
				"east": {"uv": [1.65625, 0.78125, 14.05625, 1.53125], "texture": "#0"},
				"south": {"uv": [0, 0, 1, 0.75], "texture": "#0"},
				"west": {"uv": [1.65625, 0.78125, 14.05625, 1.53125], "texture": "#0"},
				"up": {"uv": [1.65625, 0.78125, 14.05625, 1.53125], "texture": "#0"},
				"down": {"uv": [1.65625, 0.78125, 14.05625, 1.53125], "texture": "#0"}
			}
		},
		{
			"from": [0, 5.24, 1.8],
			"to": [1, 5.99, 14.2],
			"faces": {
				"north": {"uv": [1.65625, 0.78125, 14.05625, 1.53125], "texture": "#0"},
				"east": {"uv": [1.65625, 0.78125, 14.05625, 1.53125], "texture": "#0"},
				"south": {"uv": [0, 0, 1, 0.75], "texture": "#0"},
				"west": {"uv": [1.65625, 0.78125, 14.05625, 1.53125], "texture": "#0"},
				"up": {"uv": [1.65625, 0.78125, 14.05625, 1.53125], "texture": "#0"},
				"down": {"uv": [1.65625, 0.78125, 14.05625, 1.53125], "texture": "#0"}
			}
		},
		{
			"from": [0, 6.24, 1.8],
			"to": [1, 6.99, 14.2],
			"faces": {
				"north": {"uv": [1.65625, 0.78125, 14.05625, 1.53125], "texture": "#0"},
				"east": {"uv": [1.65625, 0.78125, 14.05625, 1.53125], "texture": "#0"},
				"south": {"uv": [0, 0, 1, 0.75], "texture": "#0"},
				"west": {"uv": [1.65625, 0.78125, 14.05625, 1.53125], "texture": "#0"},
				"up": {"uv": [1.65625, 0.78125, 14.05625, 1.53125], "texture": "#0"},
				"down": {"uv": [1.65625, 0.78125, 14.05625, 1.53125], "texture": "#0"}
			}
		},
		{
			"from": [0, 7.24, 1.8],
			"to": [1, 7.99, 14.2],
			"faces": {
				"north": {"uv": [1.65625, 0.78125, 14.05625, 1.53125], "texture": "#0"},
				"east": {"uv": [1.65625, 0.78125, 14.05625, 1.53125], "texture": "#0"},
				"south": {"uv": [0, 0, 1, 0.75], "texture": "#0"},
				"west": {"uv": [1.65625, 0.78125, 14.05625, 1.53125], "texture": "#0"},
				"up": {"uv": [1.65625, 0.78125, 14.05625, 1.53125], "texture": "#0"},
				"down": {"uv": [1.65625, 0.78125, 14.05625, 1.53125], "texture": "#0"}
			}
		},
		{
			"from": [0, 8.24, 1.8],
			"to": [1, 8.99, 14.2],
			"faces": {
				"north": {"uv": [1.65625, 0.78125, 14.05625, 1.53125], "texture": "#0"},
				"east": {"uv": [1.65625, 0.78125, 14.05625, 1.53125], "texture": "#0"},
				"south": {"uv": [0, 0, 1, 0.75], "texture": "#0"},
				"west": {"uv": [1.65625, 0.78125, 14.05625, 1.53125], "texture": "#0"},
				"up": {"uv": [1.65625, 0.78125, 14.05625, 1.53125], "texture": "#0"},
				"down": {"uv": [1.65625, 0.78125, 14.05625, 1.53125], "texture": "#0"}
			}
		},
		{
			"from": [0, 9.24, 1.8],
			"to": [1, 9.99, 14.2],
			"faces": {
				"north": {"uv": [1.65625, 0.78125, 14.05625, 1.53125], "texture": "#0"},
				"east": {"uv": [1.65625, 0.78125, 14.05625, 1.53125], "texture": "#0"},
				"south": {"uv": [0, 0, 1, 0.75], "texture": "#0"},
				"west": {"uv": [1.65625, 0.78125, 14.05625, 1.53125], "texture": "#0"},
				"up": {"uv": [1.65625, 0.78125, 14.05625, 1.53125], "texture": "#0"},
				"down": {"uv": [1.65625, 0.78125, 14.05625, 1.53125], "texture": "#0"}
			}
		},
		{
			"from": [0, 10.24, 1.8],
			"to": [1, 10.99, 14.2],
			"faces": {
				"north": {"uv": [1.65625, 0.78125, 14.05625, 1.53125], "texture": "#0"},
				"east": {"uv": [1.65625, 0.78125, 14.05625, 1.53125], "texture": "#0"},
				"south": {"uv": [0, 0, 1, 0.75], "texture": "#0"},
				"west": {"uv": [1.65625, 0.78125, 14.05625, 1.53125], "texture": "#0"},
				"up": {"uv": [1.65625, 0.78125, 14.05625, 1.53125], "texture": "#0"},
				"down": {"uv": [1.65625, 0.78125, 14.05625, 1.53125], "texture": "#0"}
			}
		},
		{
			"from": [0, 11.24, 1.8],
			"to": [1, 11.99, 14.2],
			"faces": {
				"north": {"uv": [1.65625, 0.78125, 14.05625, 1.53125], "texture": "#0"},
				"east": {"uv": [1.65625, 0.78125, 14.05625, 1.53125], "texture": "#0"},
				"south": {"uv": [0, 0, 1, 0.75], "texture": "#0"},
				"west": {"uv": [1.65625, 0.78125, 14.05625, 1.53125], "texture": "#0"},
				"up": {"uv": [1.65625, 0.78125, 14.05625, 1.53125], "texture": "#0"},
				"down": {"uv": [1.65625, 0.78125, 14.05625, 1.53125], "texture": "#0"}
			}
		},
		{
			"from": [0, 12.24, 1.8],
			"to": [1, 12.99, 14.2],
			"faces": {
				"north": {"uv": [1.65625, 0.78125, 14.05625, 1.53125], "texture": "#0"},
				"east": {"uv": [1.65625, 0.78125, 14.05625, 1.53125], "texture": "#0"},
				"south": {"uv": [0, 0, 1, 0.75], "texture": "#0"},
				"west": {"uv": [1.65625, 0.78125, 14.05625, 1.53125], "texture": "#0"},
				"up": {"uv": [1.65625, 0.78125, 14.05625, 1.53125], "texture": "#0"},
				"down": {"uv": [1.65625, 0.78125, 14.05625, 1.53125], "texture": "#0"}
			}
		},
		{
			"from": [0, 13.24, 1.8],
			"to": [1, 13.99, 14.2],
			"faces": {
				"north": {"uv": [1.65625, 0.78125, 14.05625, 1.53125], "texture": "#0"},
				"east": {"uv": [1.65625, 0.78125, 14.05625, 1.53125], "texture": "#0"},
				"south": {"uv": [0, 0, 1, 0.75], "texture": "#0"},
				"west": {"uv": [1.65625, 0.78125, 14.05625, 1.53125], "texture": "#0"},
				"up": {"uv": [1.65625, 0.78125, 14.05625, 1.53125], "texture": "#0"},
				"down": {"uv": [1.65625, 0.78125, 14.05625, 1.53125], "texture": "#0"}
			}
		},
		{
			"from": [0, 14.24, 1.8],
			"to": [1, 15.01, 14.2],
			"faces": {
				"north": {"uv": [1.65625, 0.78125, 14.05625, 1.53125], "texture": "#0"},
				"east": {"uv": [1.65625, 0.78125, 14.05625, 1.53125], "texture": "#0"},
				"south": {"uv": [0, 0, 1, 0.75], "texture": "#0"},
				"west": {"uv": [1.65625, 0.78125, 14.05625, 1.53125], "texture": "#0"},
				"up": {"uv": [1.65625, 0.78125, 14.05625, 1.53125], "texture": "#0"},
				"down": {"uv": [1.65625, 0.78125, 14.05625, 1.53125], "texture": "#0"}
			}
		},
		{
			"from": [0, 15, 1.8],
			"to": [1, 16, 14.2],
			"faces": {
				"north": {"uv": [1.65625, 0.78125, 14.05625, 1.53125], "texture": "#0"},
				"east": {"uv": [1.65625, 0.78125, 14.05625, 1.53125], "texture": "#0"},
				"south": {"uv": [0, 0, 1, 0.75], "texture": "#0"},
				"west": {"uv": [1.65625, 0.78125, 14.05625, 1.53125], "texture": "#0"},
				"up": {"uv": [1.65625, 0.78125, 14.05625, 1.53125], "texture": "#0"},
				"down": {"uv": [1.65625, 0.78125, 14.05625, 1.53125], "texture": "#0"}
			}
		}
	]
}