{
	"credit": "Made with Blockbench",
	"textures": {
		"0": "block/oak_door_bottom",
		"particle": "block/oak_door_bottom"
	},
	"elements": [
		{
			"from": [0, 16, 0],
			"to": [1, 17, 16],
			"faces": {
				"north": {"uv": [0, 0, 1, 1], "texture": "#0"},
				"east": {"uv": [0, 0, 16, 1], "texture": "#0"},
				"south": {"uv": [0, 0, 1, 1], "texture": "#0"},
				"west": {"uv": [0, 0, 16, 1], "texture": "#0"},
				"up": {"uv": [0, 0, 1, 16], "texture": "#0"},
				"down": {"uv": [0, 0, 1, 16], "texture": "#0"}
			}
		},
		{
			"from": [15, 16, 0],
			"to": [16, 17, 16],
			"faces": {
				"north": {"uv": [0, 0, 1, 1], "texture": "#0"},
				"east": {"uv": [0, 0, 16, 1], "texture": "#0"},
				"south": {"uv": [0, 0, 1, 1], "texture": "#0"},
				"west": {"uv": [0, 0, 16, 1], "texture": "#0"},
				"up": {"uv": [0, 0, 1, 16], "texture": "#0"},
				"down": {"uv": [0, 0, 1, 16], "texture": "#0"}
			}
		},
		{
			"from": [1, 16, 0],
			"to": [15, 17, 1],
			"faces": {
				"north": {"uv": [0, 0, 14, 1], "texture": "#0"},
				"east": {"uv": [0, 0, 1, 1], "texture": "#0"},
				"south": {"uv": [0, 0, 14, 1], "texture": "#0"},
				"west": {"uv": [0, 0, 1, 1], "texture": "#0"},
				"up": {"uv": [0, 0, 14, 1], "texture": "#0"},
				"down": {"uv": [0, 0, 14, 1], "texture": "#0"}
			}
		},
		{
			"from": [1, 16, 15],
			"to": [15, 17, 16],
			"faces": {
				"north": {"uv": [0, 0, 14, 1], "texture": "#0"},
				"east": {"uv": [0, 0, 1, 1], "texture": "#0"},
				"south": {"uv": [0, 0, 14, 1], "texture": "#0"},
				"west": {"uv": [0, 0, 1, 1], "texture": "#0"},
				"up": {"uv": [0, 0, 14, 1], "texture": "#0"},
				"down": {"uv": [0, 0, 14, 1], "texture": "#0"}
			}
		},
		{
			"from": [1, 16.25, 14],
			"to": [15, 16.75, 14.5],
			"faces": {
				"north": {"uv": [0, 0, 14, 0.5], "texture": "#0"},
				"east": {"uv": [0, 0, 0.5, 0.5], "texture": "#0"},
				"south": {"uv": [0, 0, 14, 0.5], "texture": "#0"},
				"west": {"uv": [0, 0, 0.5, 0.5], "texture": "#0"},
				"up": {"uv": [0, 0, 14, 0.5], "texture": "#0"},
				"down": {"uv": [0, 0, 14, 0.5], "texture": "#0"}
			}
		},
		{
			"from": [1, 16.25, 13],
			"to": [15, 16.75, 13.5],
			"faces": {
				"north": {"uv": [0, 0, 14, 0.5], "texture": "#0"},
				"east": {"uv": [0, 0, 0.5, 0.5], "texture": "#0"},
				"south": {"uv": [0, 0, 14, 0.5], "texture": "#0"},
				"west": {"uv": [0, 0, 0.5, 0.5], "texture": "#0"},
				"up": {"uv": [0, 0, 14, 0.5], "texture": "#0"},
				"down": {"uv": [0, 0, 14, 0.5], "texture": "#0"}
			}
		},
		{
			"from": [1, 16.25, 12],
			"to": [15, 16.75, 12.5],
			"faces": {
				"north": {"uv": [0, 0, 14, 0.5], "texture": "#0"},
				"east": {"uv": [0, 0, 0.5, 0.5], "texture": "#0"},
				"south": {"uv": [0, 0, 14, 0.5], "texture": "#0"},
				"west": {"uv": [0, 0, 0.5, 0.5], "texture": "#0"},
				"up": {"uv": [0, 0, 14, 0.5], "texture": "#0"},
				"down": {"uv": [0, 0, 14, 0.5], "texture": "#0"}
			}
		},
		{
			"from": [1, 16.25, 11],
			"to": [15, 16.75, 11.5],
			"faces": {
				"north": {"uv": [0, 0, 14, 0.5], "texture": "#0"},
				"east": {"uv": [0, 0, 0.5, 0.5], "texture": "#0"},
				"south": {"uv": [0, 0, 14, 0.5], "texture": "#0"},
				"west": {"uv": [0, 0, 0.5, 0.5], "texture": "#0"},
				"up": {"uv": [0, 0, 14, 0.5], "texture": "#0"},
				"down": {"uv": [0, 0, 14, 0.5], "texture": "#0"}
			}
		},
		{
			"from": [1, 16.25, 10],
			"to": [15, 16.75, 10.5],
			"faces": {
				"north": {"uv": [0, 0, 14, 0.5], "texture": "#0"},
				"east": {"uv": [0, 0, 0.5, 0.5], "texture": "#0"},
				"south": {"uv": [0, 0, 14, 0.5], "texture": "#0"},
				"west": {"uv": [0, 0, 0.5, 0.5], "texture": "#0"},
				"up": {"uv": [0, 0, 14, 0.5], "texture": "#0"},
				"down": {"uv": [0, 0, 14, 0.5], "texture": "#0"}
			}
		},
		{
			"from": [1, 16.25, 9],
			"to": [15, 16.75, 9.5],
			"faces": {
				"north": {"uv": [0, 0, 14, 0.5], "texture": "#0"},
				"east": {"uv": [0, 0, 0.5, 0.5], "texture": "#0"},
				"south": {"uv": [0, 0, 14, 0.5], "texture": "#0"},
				"west": {"uv": [0, 0, 0.5, 0.5], "texture": "#0"},
				"up": {"uv": [0, 0, 14, 0.5], "texture": "#0"},
				"down": {"uv": [0, 0, 14, 0.5], "texture": "#0"}
			}
		},
		{
			"from": [1, 16.25, 8],
			"to": [15, 16.75, 8.5],
			"faces": {
				"north": {"uv": [0, 0, 14, 0.5], "texture": "#0"},
				"east": {"uv": [0, 0, 0.5, 0.5], "texture": "#0"},
				"south": {"uv": [0, 0, 14, 0.5], "texture": "#0"},
				"west": {"uv": [0, 0, 0.5, 0.5], "texture": "#0"},
				"up": {"uv": [0, 0, 14, 0.5], "texture": "#0"},
				"down": {"uv": [0, 0, 14, 0.5], "texture": "#0"}
			}
		},
		{
			"from": [1, 16.25, 7],
			"to": [15, 16.75, 7.5],
			"faces": {
				"north": {"uv": [0, 0, 14, 0.5], "texture": "#0"},
				"east": {"uv": [0, 0, 0.5, 0.5], "texture": "#0"},
				"south": {"uv": [0, 0, 14, 0.5], "texture": "#0"},
				"west": {"uv": [0, 0, 0.5, 0.5], "texture": "#0"},
				"up": {"uv": [0, 0, 14, 0.5], "texture": "#0"},
				"down": {"uv": [0, 0, 14, 0.5], "texture": "#0"}
			}
		},
		{
			"from": [1, 16.25, 6],
			"to": [15, 16.75, 6.5],
			"faces": {
				"north": {"uv": [0, 0, 14, 0.5], "texture": "#0"},
				"east": {"uv": [0, 0, 0.5, 0.5], "texture": "#0"},
				"south": {"uv": [0, 0, 14, 0.5], "texture": "#0"},
				"west": {"uv": [0, 0, 0.5, 0.5], "texture": "#0"},
				"up": {"uv": [0, 0, 14, 0.5], "texture": "#0"},
				"down": {"uv": [0, 0, 14, 0.5], "texture": "#0"}
			}
		},
		{
			"from": [1, 16.25, 4],
			"to": [15, 16.75, 4.5],
			"faces": {
				"north": {"uv": [0, 0, 14, 0.5], "texture": "#0"},
				"east": {"uv": [0, 0, 0.5, 0.5], "texture": "#0"},
				"south": {"uv": [0, 0, 14, 0.5], "texture": "#0"},
				"west": {"uv": [0, 0, 0.5, 0.5], "texture": "#0"},
				"up": {"uv": [0, 0, 14, 0.5], "texture": "#0"},
				"down": {"uv": [0, 0, 14, 0.5], "texture": "#0"}
			}
		},
		{
			"from": [1, 16.25, 5],
			"to": [15, 16.75, 5.5],
			"faces": {
				"north": {"uv": [0, 0, 14, 0.5], "texture": "#0"},
				"east": {"uv": [0, 0, 0.5, 0.5], "texture": "#0"},
				"south": {"uv": [0, 0, 14, 0.5], "texture": "#0"},
				"west": {"uv": [0, 0, 0.5, 0.5], "texture": "#0"},
				"up": {"uv": [0, 0, 14, 0.5], "texture": "#0"},
				"down": {"uv": [0, 0, 14, 0.5], "texture": "#0"}
			}
		},
		{
			"from": [1, 16.25, 3],
			"to": [15, 16.75, 3.5],
			"faces": {
				"north": {"uv": [0, 0, 14, 0.5], "texture": "#0"},
				"east": {"uv": [0, 0, 0.5, 0.5], "texture": "#0"},
				"south": {"uv": [0, 0, 14, 0.5], "texture": "#0"},
				"west": {"uv": [0, 0, 0.5, 0.5], "texture": "#0"},
				"up": {"uv": [0, 0, 14, 0.5], "texture": "#0"},
				"down": {"uv": [0, 0, 14, 0.5], "texture": "#0"}
			}
		},
		{
			"from": [1, 16.25, 2],
			"to": [15, 16.75, 2.5],
			"faces": {
				"north": {"uv": [0, 0, 14, 0.5], "texture": "#0"},
				"east": {"uv": [0, 0, 0.5, 0.5], "texture": "#0"},
				"south": {"uv": [0, 0, 14, 0.5], "texture": "#0"},
				"west": {"uv": [0, 0, 0.5, 0.5], "texture": "#0"},
				"up": {"uv": [0, 0, 14, 0.5], "texture": "#0"},
				"down": {"uv": [0, 0, 14, 0.5], "texture": "#0"}
			}
		},
		{
			"from": [1, 16.25, 1],
			"to": [15, 16.75, 1.5],
			"faces": {
				"north": {"uv": [0, 0, 14, 0.5], "texture": "#0"},
				"east": {"uv": [0, 0, 0.5, 0.5], "texture": "#0"},
				"south": {"uv": [0, 0, 14, 0.5], "texture": "#0"},
				"west": {"uv": [0, 0, 0.5, 0.5], "texture": "#0"},
				"up": {"uv": [0, 0, 14, 0.5], "texture": "#0"},
				"down": {"uv": [0, 0, 14, 0.5], "texture": "#0"}
			}
		}
	]
}