{
	"credit": "Made with Blockbench",
	"parent": "block/block",
	"ambientocclusion": false,
	"textures": {
		"particle": "block/Fence/fence_wood",
		"texture": "block/Fence/fence_wood"
	},
	"elements": [
		{
			"name": "Left-hand post",
			"from": [0, 0, 7],
			"to": [2, 16, 9],
			"faces": {
				"north": {"uv": [0, 0, 2, 11], "texture": "#texture"},
				"east": {"uv": [7, 0, 9, 11], "texture": "#texture"},
				"south": {"uv": [0, 0, 2, 11], "texture": "#texture"},
				"west": {"uv": [7, 0, 9, 11], "texture": "#texture", "cullface": "west"},
				"up": {"uv": [0, 7, 2, 9], "texture": "#texture"},
				"down": {"uv": [0, 7, 2, 9], "texture": "#texture"}
			}
		},
		{
			"name": "Right-hand post",
			"from": [14, 0, 7],
			"to": [16, 16, 9],
			"faces": {
				"north": {"uv": [14, 0, 16, 11], "texture": "#texture"},
				"east": {"uv": [7, 0, 9, 11], "texture": "#texture", "cullface": "east"},
				"south": {"uv": [14, 0, 16, 11], "texture": "#texture"},
				"west": {"uv": [7, 0, 9, 11], "texture": "#texture"},
				"up": {"uv": [14, 7, 16, 9], "texture": "#texture"},
				"down": {"uv": [14, 7, 16, 9], "texture": "#texture"}
			}
		},
		{
			"name": "Inner vertical post of left-hand gate door",
			"from": [6, 2, 7],
			"to": [8, 13, 9],
			"faces": {
				"north": {"uv": [0, 0, 3.375, 4.8125], "texture": "#texture"},
				"east": {"uv": [0, 0, 3.375, 4.8125], "texture": "#texture"},
				"south": {"uv": [0, 0, 3.375, 4.8125], "texture": "#texture"},
				"west": {"uv": [0, 0, 3.375, 4.8125], "texture": "#texture"},
				"up": {"uv": [0, 0, 3.375, 4.8125], "texture": "#texture"},
				"down": {"uv": [0, 0, 3.375, 4.8125], "texture": "#texture"}
			}
		},
		{
			"name": "Inner vertical post of right-hand gate door",
			"from": [8, 2, 7],
			"to": [10, 13, 9],
			"faces": {
				"north": {"uv": [0, 0, 3.375, 4.8125], "texture": "#texture"},
				"east": {"uv": [0, 0, 3.375, 4.8125], "texture": "#texture"},
				"south": {"uv": [0, 0, 3.375, 4.8125], "texture": "#texture"},
				"west": {"uv": [0, 0, 3.375, 4.8125], "texture": "#texture"},
				"up": {"uv": [0, 0, 3.375, 4.8125], "texture": "#texture"},
				"down": {"uv": [0, 0, 3.375, 4.8125], "texture": "#texture"}
			}
		},
		{
			"name": "Lower horizontal bar of left-hand gate door",
			"from": [2, 2, 7],
			"to": [6, 5, 9],
			"faces": {
				"north": {"uv": [0, 0, 4.84375, 1.53125], "texture": "#texture"},
				"east": {"uv": [0, 0, 4.84375, 1.53125], "texture": "#texture"},
				"south": {"uv": [0, 0, 4.84375, 1.53125], "texture": "#texture"},
				"west": {"uv": [0, 0, 4.84375, 1.53125], "texture": "#texture"},
				"up": {"uv": [0, 0, 4.84375, 1.53125], "texture": "#texture"},
				"down": {"uv": [0, 0, 4.84375, 1.53125], "texture": "#texture"}
			}
		},
		{
			"name": "Upper horizontal bar of left-hand gate door",
			"from": [2, 10, 7],
			"to": [6, 13, 9],
			"faces": {
				"north": {"uv": [0, 0, 4.84375, 1.53125], "texture": "#texture"},
				"east": {"uv": [0, 0, 4.84375, 1.53125], "texture": "#texture"},
				"south": {"uv": [0, 0, 4.84375, 1.53125], "texture": "#texture"},
				"west": {"uv": [0, 0, 4.84375, 1.53125], "texture": "#texture"},
				"up": {"uv": [0, 0, 4.84375, 1.53125], "texture": "#texture"},
				"down": {"uv": [0, 0, 4.84375, 1.53125], "texture": "#texture"}
			}
		},
		{
			"name": "Lower horizontal bar of right-hand gate door",
			"from": [10, 2, 7],
			"to": [14, 5, 9],
			"faces": {
				"north": {"uv": [0, 0, 4.84375, 1.53125], "texture": "#texture"},
				"east": {"uv": [0, 0, 4.84375, 1.53125], "texture": "#texture"},
				"south": {"uv": [0, 0, 4.84375, 1.53125], "texture": "#texture"},
				"west": {"uv": [0, 0, 4.84375, 1.53125], "texture": "#texture"},
				"up": {"uv": [0, 0, 4.84375, 1.53125], "texture": "#texture"},
				"down": {"uv": [0, 0, 4.84375, 1.53125], "texture": "#texture"}
			}
		},
		{
			"name": "Upper horizontal bar of right-hand gate door",
			"from": [10, 10, 7],
			"to": [14, 13, 9],
			"faces": {
				"north": {"uv": [0, 0, 4.84375, 1.53125], "texture": "#texture"},
				"east": {"uv": [0, 0, 4.84375, 1.53125], "texture": "#texture"},
				"south": {"uv": [0, 0, 4.84375, 1.53125], "texture": "#texture"},
				"west": {"uv": [0, 0, 4.84375, 1.53125], "texture": "#texture"},
				"up": {"uv": [0, 0, 4.84375, 1.53125], "texture": "#texture"},
				"down": {"uv": [0, 0, 4.84375, 1.53125], "texture": "#texture"}
			}
		}
	],
	"display": {
		"gui": {
			"rotation": [30, 135, 0],
			"scale": [0.625, 0.625, 0.625]
		},
		"head": {
			"translation": [0, -3, -6]
		},
		"fixed": {
			"rotation": [0, 90, 0],
			"scale": [0.5, 0.5, 0.5]
		}
	},
	"groups": [
		{
			"name": "template_fence_gate",
			"origin": [8, 8, 8],
			"children": [0, 1, 2, 3, 4, 5, 6, 7]
		}
	]
}