{
	"credit": "Made with Blockbench",
	"textures": {
		"0": "block/oak_door_bottom",
		"particle": "block/oak_door_bottom"
	},
	"elements": [
		{
			"from": [0, 0, 15],
			"to": [1, 16, 16],
			"faces": {
				"north": {"uv": [0, 0, 1, 16], "rotation": 180, "texture": "#0"},
				"east": {"uv": [0, 0, 16, 1], "rotation": 90, "texture": "#0"},
				"south": {"uv": [0, 0, 1, 16], "texture": "#0"},
				"west": {"uv": [0, 0, 16, 1], "rotation": 270, "texture": "#0"},
				"up": {"uv": [0, 0, 1, 1], "texture": "#0"},
				"down": {"uv": [0, 0, 1, 1], "rotation": 180, "texture": "#0"}
			}
		},
		{
			"from": [15, 0, 15],
			"to": [16, 16, 16],
			"faces": {
				"north": {"uv": [0, 0, 1, 16], "rotation": 180, "texture": "#0"},
				"east": {"uv": [0, 0, 16, 1], "rotation": 90, "texture": "#0"},
				"south": {"uv": [0, 0, 1, 16], "texture": "#0"},
				"west": {"uv": [0, 0, 16, 1], "rotation": 270, "texture": "#0"},
				"up": {"uv": [0, 0, 1, 1], "texture": "#0"},
				"down": {"uv": [0, 0, 1, 1], "rotation": 180, "texture": "#0"}
			}
		},
		{
			"from": [1, 0, 15],
			"to": [15, 1, 16],
			"faces": {
				"north": {"uv": [0, 0, 14, 1], "rotation": 180, "texture": "#0"},
				"east": {"uv": [0, 0, 1, 1], "rotation": 90, "texture": "#0"},
				"south": {"uv": [0, 0, 14, 1], "texture": "#0"},
				"west": {"uv": [0, 0, 1, 1], "rotation": 270, "texture": "#0"},
				"up": {"uv": [0, 0, 14, 1], "texture": "#0"},
				"down": {"uv": [0, 0, 14, 1], "rotation": 180, "texture": "#0"}
			}
		},
		{
			"from": [1, 15, 15],
			"to": [15, 16, 16],
			"faces": {
				"north": {"uv": [0, 0, 14, 1], "rotation": 180, "texture": "#0"},
				"east": {"uv": [0, 0, 1, 1], "rotation": 90, "texture": "#0"},
				"south": {"uv": [0, 0, 14, 1], "texture": "#0"},
				"west": {"uv": [0, 0, 1, 1], "rotation": 270, "texture": "#0"},
				"up": {"uv": [0, 0, 14, 1], "texture": "#0"},
				"down": {"uv": [0, 0, 14, 1], "rotation": 180, "texture": "#0"}
			}
		},
		{
			"from": [1, 14, 15.25],
			"to": [15, 14.5, 15.75],
			"faces": {
				"north": {"uv": [0, 0, 14, 0.5], "rotation": 180, "texture": "#0"},
				"east": {"uv": [0, 0, 0.5, 0.5], "rotation": 90, "texture": "#0"},
				"south": {"uv": [0, 0, 14, 0.5], "texture": "#0"},
				"west": {"uv": [0, 0, 0.5, 0.5], "rotation": 270, "texture": "#0"},
				"up": {"uv": [0, 0, 14, 0.5], "texture": "#0"},
				"down": {"uv": [0, 0, 14, 0.5], "rotation": 180, "texture": "#0"}
			}
		},
		{
			"from": [1, 13, 15.25],
			"to": [15, 13.5, 15.75],
			"faces": {
				"north": {"uv": [0, 0, 14, 0.5], "rotation": 180, "texture": "#0"},
				"east": {"uv": [0, 0, 0.5, 0.5], "rotation": 90, "texture": "#0"},
				"south": {"uv": [0, 0, 14, 0.5], "texture": "#0"},
				"west": {"uv": [0, 0, 0.5, 0.5], "rotation": 270, "texture": "#0"},
				"up": {"uv": [0, 0, 14, 0.5], "texture": "#0"},
				"down": {"uv": [0, 0, 14, 0.5], "rotation": 180, "texture": "#0"}
			}
		},
		{
			"from": [1, 12, 15.25],
			"to": [15, 12.5, 15.75],
			"faces": {
				"north": {"uv": [0, 0, 14, 0.5], "rotation": 180, "texture": "#0"},
				"east": {"uv": [0, 0, 0.5, 0.5], "rotation": 90, "texture": "#0"},
				"south": {"uv": [0, 0, 14, 0.5], "texture": "#0"},
				"west": {"uv": [0, 0, 0.5, 0.5], "rotation": 270, "texture": "#0"},
				"up": {"uv": [0, 0, 14, 0.5], "texture": "#0"},
				"down": {"uv": [0, 0, 14, 0.5], "rotation": 180, "texture": "#0"}
			}
		},
		{
			"from": [1, 11, 15.25],
			"to": [15, 11.5, 15.75],
			"faces": {
				"north": {"uv": [0, 0, 14, 0.5], "rotation": 180, "texture": "#0"},
				"east": {"uv": [0, 0, 0.5, 0.5], "rotation": 90, "texture": "#0"},
				"south": {"uv": [0, 0, 14, 0.5], "texture": "#0"},
				"west": {"uv": [0, 0, 0.5, 0.5], "rotation": 270, "texture": "#0"},
				"up": {"uv": [0, 0, 14, 0.5], "texture": "#0"},
				"down": {"uv": [0, 0, 14, 0.5], "rotation": 180, "texture": "#0"}
			}
		},
		{
			"from": [1, 10, 15.25],
			"to": [15, 10.5, 15.75],
			"faces": {
				"north": {"uv": [0, 0, 14, 0.5], "rotation": 180, "texture": "#0"},
				"east": {"uv": [0, 0, 0.5, 0.5], "rotation": 90, "texture": "#0"},
				"south": {"uv": [0, 0, 14, 0.5], "texture": "#0"},
				"west": {"uv": [0, 0, 0.5, 0.5], "rotation": 270, "texture": "#0"},
				"up": {"uv": [0, 0, 14, 0.5], "texture": "#0"},
				"down": {"uv": [0, 0, 14, 0.5], "rotation": 180, "texture": "#0"}
			}
		},
		{
			"from": [1, 9, 15.25],
			"to": [15, 9.5, 15.75],
			"faces": {
				"north": {"uv": [0, 0, 14, 0.5], "rotation": 180, "texture": "#0"},
				"east": {"uv": [0, 0, 0.5, 0.5], "rotation": 90, "texture": "#0"},
				"south": {"uv": [0, 0, 14, 0.5], "texture": "#0"},
				"west": {"uv": [0, 0, 0.5, 0.5], "rotation": 270, "texture": "#0"},
				"up": {"uv": [0, 0, 14, 0.5], "texture": "#0"},
				"down": {"uv": [0, 0, 14, 0.5], "rotation": 180, "texture": "#0"}
			}
		},
		{
			"from": [1, 8, 15.25],
			"to": [15, 8.5, 15.75],
			"faces": {
				"north": {"uv": [0, 0, 14, 0.5], "rotation": 180, "texture": "#0"},
				"east": {"uv": [0, 0, 0.5, 0.5], "rotation": 90, "texture": "#0"},
				"south": {"uv": [0, 0, 14, 0.5], "texture": "#0"},
				"west": {"uv": [0, 0, 0.5, 0.5], "rotation": 270, "texture": "#0"},
				"up": {"uv": [0, 0, 14, 0.5], "texture": "#0"},
				"down": {"uv": [0, 0, 14, 0.5], "rotation": 180, "texture": "#0"}
			}
		},
		{
			"from": [1, 7, 15.25],
			"to": [15, 7.5, 15.75],
			"faces": {
				"north": {"uv": [0, 0, 14, 0.5], "rotation": 180, "texture": "#0"},
				"east": {"uv": [0, 0, 0.5, 0.5], "rotation": 90, "texture": "#0"},
				"south": {"uv": [0, 0, 14, 0.5], "texture": "#0"},
				"west": {"uv": [0, 0, 0.5, 0.5], "rotation": 270, "texture": "#0"},
				"up": {"uv": [0, 0, 14, 0.5], "texture": "#0"},
				"down": {"uv": [0, 0, 14, 0.5], "rotation": 180, "texture": "#0"}
			}
		},
		{
			"from": [1, 6, 15.25],
			"to": [15, 6.5, 15.75],
			"faces": {
				"north": {"uv": [0, 0, 14, 0.5], "rotation": 180, "texture": "#0"},
				"east": {"uv": [0, 0, 0.5, 0.5], "rotation": 90, "texture": "#0"},
				"south": {"uv": [0, 0, 14, 0.5], "texture": "#0"},
				"west": {"uv": [0, 0, 0.5, 0.5], "rotation": 270, "texture": "#0"},
				"up": {"uv": [0, 0, 14, 0.5], "texture": "#0"},
				"down": {"uv": [0, 0, 14, 0.5], "rotation": 180, "texture": "#0"}
			}
		},
		{
			"from": [1, 4, 15.25],
			"to": [15, 4.5, 15.75],
			"faces": {
				"north": {"uv": [0, 0, 14, 0.5], "rotation": 180, "texture": "#0"},
				"east": {"uv": [0, 0, 0.5, 0.5], "rotation": 90, "texture": "#0"},
				"south": {"uv": [0, 0, 14, 0.5], "texture": "#0"},
				"west": {"uv": [0, 0, 0.5, 0.5], "rotation": 270, "texture": "#0"},
				"up": {"uv": [0, 0, 14, 0.5], "texture": "#0"},
				"down": {"uv": [0, 0, 14, 0.5], "rotation": 180, "texture": "#0"}
			}
		},
		{
			"from": [1, 5, 15.25],
			"to": [15, 5.5, 15.75],
			"faces": {
				"north": {"uv": [0, 0, 14, 0.5], "rotation": 180, "texture": "#0"},
				"east": {"uv": [0, 0, 0.5, 0.5], "rotation": 90, "texture": "#0"},
				"south": {"uv": [0, 0, 14, 0.5], "texture": "#0"},
				"west": {"uv": [0, 0, 0.5, 0.5], "rotation": 270, "texture": "#0"},
				"up": {"uv": [0, 0, 14, 0.5], "texture": "#0"},
				"down": {"uv": [0, 0, 14, 0.5], "rotation": 180, "texture": "#0"}
			}
		},
		{
			"from": [1, 3, 15.25],
			"to": [15, 3.5, 15.75],
			"faces": {
				"north": {"uv": [0, 0, 14, 0.5], "rotation": 180, "texture": "#0"},
				"east": {"uv": [0, 0, 0.5, 0.5], "rotation": 90, "texture": "#0"},
				"south": {"uv": [0, 0, 14, 0.5], "texture": "#0"},
				"west": {"uv": [0, 0, 0.5, 0.5], "rotation": 270, "texture": "#0"},
				"up": {"uv": [0, 0, 14, 0.5], "texture": "#0"},
				"down": {"uv": [0, 0, 14, 0.5], "rotation": 180, "texture": "#0"}
			}
		},
		{
			"from": [1, 2, 15.25],
			"to": [15, 2.5, 15.75],
			"faces": {
				"north": {"uv": [0, 0, 14, 0.5], "rotation": 180, "texture": "#0"},
				"east": {"uv": [0, 0, 0.5, 0.5], "rotation": 90, "texture": "#0"},
				"south": {"uv": [0, 0, 14, 0.5], "texture": "#0"},
				"west": {"uv": [0, 0, 0.5, 0.5], "rotation": 270, "texture": "#0"},
				"up": {"uv": [0, 0, 14, 0.5], "texture": "#0"},
				"down": {"uv": [0, 0, 14, 0.5], "rotation": 180, "texture": "#0"}
			}
		},
		{
			"from": [1, 1, 15.25],
			"to": [15, 1.5, 15.75],
			"faces": {
				"north": {"uv": [0, 0, 14, 0.5], "rotation": 180, "texture": "#0"},
				"east": {"uv": [0, 0, 0.5, 0.5], "rotation": 90, "texture": "#0"},
				"south": {"uv": [0, 0, 14, 0.5], "texture": "#0"},
				"west": {"uv": [0, 0, 0.5, 0.5], "rotation": 270, "texture": "#0"},
				"up": {"uv": [0, 0, 14, 0.5], "texture": "#0"},
				"down": {"uv": [0, 0, 14, 0.5], "rotation": 180, "texture": "#0"}
			}
		}
	]
}