{
	"credit": "Made with Blockbench",
	"ambientocclusion": false,
	"textures": {
		"particle": "block/redstone_dust_dot"
	},
	"elements": [
		{
			"from": [7.1, 0.1, 0.1],
			"to": [7.9, 0.9, 0.9],
			"faces": {
				"north": {"uv": [0, 0, 0.8, 0.8], "texture": "#particle"},
				"east": {"uv": [0, 0, 0.8, 0.8], "texture": "#particle"},
				"south": {"uv": [0, 0, 0.8, 0.8], "texture": "#particle"},
				"west": {"uv": [0, 0, 0.8, 0.8], "texture": "#particle"},
				"up": {"uv": [0, 0, 0.8, 0.8], "texture": "#particle"},
				"down": {"uv": [0, 0, 0.8, 0.8], "texture": "#particle"}
			}
		},
		{
			"from": [8.1, 1.1, 0.1],
			"to": [8.9, 1.9, 0.9],
			"faces": {
				"north": {"uv": [0, 0, 0.8, 0.8], "texture": "#particle"},
				"east": {"uv": [0, 0, 0.8, 0.8], "texture": "#particle"},
				"south": {"uv": [0, 0, 0.8, 0.8], "texture": "#particle"},
				"west": {"uv": [0, 0, 0.8, 0.8], "texture": "#particle"},
				"up": {"uv": [0, 0, 0.8, 0.8], "texture": "#particle"},
				"down": {"uv": [0, 0, 0.8, 0.8], "texture": "#particle"}
			}
		},
		{
			"from": [8.1, 2.1, 0.1],
			"to": [8.9, 2.9, 0.9],
			"faces": {
				"north": {"uv": [0, 0, 0.8, 0.8], "texture": "#particle"},
				"east": {"uv": [0, 0, 0.8, 0.8], "texture": "#particle"},
				"south": {"uv": [0, 0, 0.8, 0.8], "texture": "#particle"},
				"west": {"uv": [0, 0, 0.8, 0.8], "texture": "#particle"},
				"up": {"uv": [0, 0, 0.8, 0.8], "texture": "#particle"},
				"down": {"uv": [0, 0, 0.8, 0.8], "texture": "#particle"}
			}
		},
		{
			"from": [7.1, 3.1, 0.1],
			"to": [7.9, 3.9, 0.9],
			"faces": {
				"north": {"uv": [0, 0, 0.8, 0.8], "texture": "#particle"},
				"east": {"uv": [0, 0, 0.8, 0.8], "texture": "#particle"},
				"south": {"uv": [0, 0, 0.8, 0.8], "texture": "#particle"},
				"west": {"uv": [0, 0, 0.8, 0.8], "texture": "#particle"},
				"up": {"uv": [0, 0, 0.8, 0.8], "texture": "#particle"},
				"down": {"uv": [0, 0, 0.8, 0.8], "texture": "#particle"}
			}
		},
		{
			"from": [7.1, 5.1, 0.1],
			"to": [7.9, 5.9, 0.9],
			"faces": {
				"north": {"uv": [0, 0, 0.8, 0.8], "texture": "#particle"},
				"east": {"uv": [0, 0, 0.8, 0.8], "texture": "#particle"},
				"south": {"uv": [0, 0, 0.8, 0.8], "texture": "#particle"},
				"west": {"uv": [0, 0, 0.8, 0.8], "texture": "#particle"},
				"up": {"uv": [0, 0, 0.8, 0.8], "texture": "#particle"},
				"down": {"uv": [0, 0, 0.8, 0.8], "texture": "#particle"}
			}
		},
		{
			"from": [7.1, 6.1, 0.1],
			"to": [7.9, 6.9, 0.9],
			"faces": {
				"north": {"uv": [0, 0, 0.8, 0.8], "texture": "#particle"},
				"east": {"uv": [0, 0, 0.8, 0.8], "texture": "#particle"},
				"south": {"uv": [0, 0, 0.8, 0.8], "texture": "#particle"},
				"west": {"uv": [0, 0, 0.8, 0.8], "texture": "#particle"},
				"up": {"uv": [0, 0, 0.8, 0.8], "texture": "#particle"},
				"down": {"uv": [0, 0, 0.8, 0.8], "texture": "#particle"}
			}
		},
		{
			"from": [7.1, 8.1, 0.1],
			"to": [7.9, 8.9, 0.9],
			"faces": {
				"north": {"uv": [0, 0, 0.8, 0.8], "texture": "#particle"},
				"east": {"uv": [0, 0, 0.8, 0.8], "texture": "#particle"},
				"south": {"uv": [0, 0, 0.8, 0.8], "texture": "#particle"},
				"west": {"uv": [0, 0, 0.8, 0.8], "texture": "#particle"},
				"up": {"uv": [0, 0, 0.8, 0.8], "texture": "#particle"},
				"down": {"uv": [0, 0, 0.8, 0.8], "texture": "#particle"}
			}
		},
		{
			"from": [8.1, 5.1, 0.1],
			"to": [8.9, 5.9, 0.9],
			"faces": {
				"north": {"uv": [0, 0, 0.8, 0.8], "texture": "#particle"},
				"east": {"uv": [0, 0, 0.8, 0.8], "texture": "#particle"},
				"south": {"uv": [0, 0, 0.8, 0.8], "texture": "#particle"},
				"west": {"uv": [0, 0, 0.8, 0.8], "texture": "#particle"},
				"up": {"uv": [0, 0, 0.8, 0.8], "texture": "#particle"},
				"down": {"uv": [0, 0, 0.8, 0.8], "texture": "#particle"}
			}
		},
		{
			"from": [8.1, 9.1, 0.1],
			"to": [8.9, 9.9, 0.9],
			"faces": {
				"north": {"uv": [0, 0, 0.8, 0.8], "texture": "#particle"},
				"east": {"uv": [0, 0, 0.8, 0.8], "texture": "#particle"},
				"south": {"uv": [0, 0, 0.8, 0.8], "texture": "#particle"},
				"west": {"uv": [0, 0, 0.8, 0.8], "texture": "#particle"},
				"up": {"uv": [0, 0, 0.8, 0.8], "texture": "#particle"},
				"down": {"uv": [0, 0, 0.8, 0.8], "texture": "#particle"}
			}
		},
		{
			"from": [9.1, 9.1, 0.1],
			"to": [9.9, 9.9, 0.9],
			"faces": {
				"north": {"uv": [0, 0, 0.8, 0.8], "texture": "#particle"},
				"east": {"uv": [0, 0, 0.8, 0.8], "texture": "#particle"},
				"south": {"uv": [0, 0, 0.8, 0.8], "texture": "#particle"},
				"west": {"uv": [0, 0, 0.8, 0.8], "texture": "#particle"},
				"up": {"uv": [0, 0, 0.8, 0.8], "texture": "#particle"},
				"down": {"uv": [0, 0, 0.8, 0.8], "texture": "#particle"}
			}
		},
		{
			"from": [9.1, 10.1, 0.1],
			"to": [9.9, 10.9, 0.9],
			"faces": {
				"north": {"uv": [0, 0, 0.8, 0.8], "texture": "#particle"},
				"east": {"uv": [0, 0, 0.8, 0.8], "texture": "#particle"},
				"south": {"uv": [0, 0, 0.8, 0.8], "texture": "#particle"},
				"west": {"uv": [0, 0, 0.8, 0.8], "texture": "#particle"},
				"up": {"uv": [0, 0, 0.8, 0.8], "texture": "#particle"},
				"down": {"uv": [0, 0, 0.8, 0.8], "texture": "#particle"}
			}
		},
		{
			"from": [9.1, 11.1, 0.1],
			"to": [9.9, 11.9, 0.9],
			"faces": {
				"north": {"uv": [0, 0, 0.8, 0.8], "texture": "#particle"},
				"east": {"uv": [0, 0, 0.8, 0.8], "texture": "#particle"},
				"south": {"uv": [0, 0, 0.8, 0.8], "texture": "#particle"},
				"west": {"uv": [0, 0, 0.8, 0.8], "texture": "#particle"},
				"up": {"uv": [0, 0, 0.8, 0.8], "texture": "#particle"},
				"down": {"uv": [0, 0, 0.8, 0.8], "texture": "#particle"}
			}
		},
		{
			"from": [8.1, 12.1, 0.1],
			"to": [8.9, 12.9, 0.9],
			"faces": {
				"north": {"uv": [0, 0, 0.8, 0.8], "texture": "#particle"},
				"east": {"uv": [0, 0, 0.8, 0.8], "texture": "#particle"},
				"south": {"uv": [0, 0, 0.8, 0.8], "texture": "#particle"},
				"west": {"uv": [0, 0, 0.8, 0.8], "texture": "#particle"},
				"up": {"uv": [0, 0, 0.8, 0.8], "texture": "#particle"},
				"down": {"uv": [0, 0, 0.8, 0.8], "texture": "#particle"}
			}
		},
		{
			"from": [8.1, 13.1, 0.1],
			"to": [8.9, 13.9, 0.9],
			"faces": {
				"north": {"uv": [0, 0, 0.8, 0.8], "texture": "#particle"},
				"east": {"uv": [0, 0, 0.8, 0.8], "texture": "#particle"},
				"south": {"uv": [0, 0, 0.8, 0.8], "texture": "#particle"},
				"west": {"uv": [0, 0, 0.8, 0.8], "texture": "#particle"},
				"up": {"uv": [0, 0, 0.8, 0.8], "texture": "#particle"},
				"down": {"uv": [0, 0, 0.8, 0.8], "texture": "#particle"}
			}
		},
		{
			"from": [8.1, 15.1, 0.1],
			"to": [8.9, 15.9, 0.9],
			"faces": {
				"north": {"uv": [0, 0, 0.8, 0.8], "texture": "#particle"},
				"east": {"uv": [0, 0, 0.8, 0.8], "texture": "#particle"},
				"south": {"uv": [0, 0, 0.8, 0.8], "texture": "#particle"},
				"west": {"uv": [0, 0, 0.8, 0.8], "texture": "#particle"},
				"up": {"uv": [0, 0, 0.8, 0.8], "texture": "#particle"},
				"down": {"uv": [0, 0, 0.8, 0.8], "texture": "#particle"}
			}
		},
		{
			"from": [7.1, 12.1, 0.1],
			"to": [7.9, 12.9, 0.9],
			"faces": {
				"north": {"uv": [0, 0, 0.8, 0.8], "texture": "#particle"},
				"east": {"uv": [0, 0, 0.8, 0.8], "texture": "#particle"},
				"south": {"uv": [0, 0, 0.8, 0.8], "texture": "#particle"},
				"west": {"uv": [0, 0, 0.8, 0.8], "texture": "#particle"},
				"up": {"uv": [0, 0, 0.8, 0.8], "texture": "#particle"},
				"down": {"uv": [0, 0, 0.8, 0.8], "texture": "#particle"}
			}
		},
		{
			"from": [7.1, 11.1, 0.1],
			"to": [7.9, 11.9, 0.9],
			"faces": {
				"north": {"uv": [0, 0, 0.8, 0.8], "texture": "#particle"},
				"east": {"uv": [0, 0, 0.8, 0.8], "texture": "#particle"},
				"south": {"uv": [0, 0, 0.8, 0.8], "texture": "#particle"},
				"west": {"uv": [0, 0, 0.8, 0.8], "texture": "#particle"},
				"up": {"uv": [0, 0, 0.8, 0.8], "texture": "#particle"},
				"down": {"uv": [0, 0, 0.8, 0.8], "texture": "#particle"}
			}
		},
		{
			"from": [8.1, 7.1, 0.1],
			"to": [8.9, 7.9, 0.9],
			"faces": {
				"north": {"uv": [0, 0, 0.8, 0.8], "texture": "#particle"},
				"east": {"uv": [0, 0, 0.8, 0.8], "texture": "#particle"},
				"south": {"uv": [0, 0, 0.8, 0.8], "texture": "#particle"},
				"west": {"uv": [0, 0, 0.8, 0.8], "texture": "#particle"},
				"up": {"uv": [0, 0, 0.8, 0.8], "texture": "#particle"},
				"down": {"uv": [0, 0, 0.8, 0.8], "texture": "#particle"}
			}
		},
		{
			"from": [6.1, 4.1, 0.1],
			"to": [6.9, 4.9, 0.9],
			"faces": {
				"north": {"uv": [0, 0, 0.8, 0.8], "texture": "#particle"},
				"east": {"uv": [0, 0, 0.8, 0.8], "texture": "#particle"},
				"south": {"uv": [0, 0, 0.8, 0.8], "texture": "#particle"},
				"west": {"uv": [0, 0, 0.8, 0.8], "texture": "#particle"},
				"up": {"uv": [0, 0, 0.8, 0.8], "texture": "#particle"},
				"down": {"uv": [0, 0, 0.8, 0.8], "texture": "#particle"}
			}
		},
		{
			"from": [8.1, 3.1, 0.1],
			"to": [8.9, 3.9, 0.9],
			"faces": {
				"north": {"uv": [0, 0, 0.8, 0.8], "texture": "#particle"},
				"east": {"uv": [0, 0, 0.8, 0.8], "texture": "#particle"},
				"south": {"uv": [0, 0, 0.8, 0.8], "texture": "#particle"},
				"west": {"uv": [0, 0, 0.8, 0.8], "texture": "#particle"},
				"up": {"uv": [0, 0, 0.8, 0.8], "texture": "#particle"},
				"down": {"uv": [0, 0, 0.8, 0.8], "texture": "#particle"}
			}
		},
		{
			"from": [7.4, 0, 0.3],
			"to": [7.6, 1.5, 0.5],
			"faces": {
				"north": {"uv": [6.53125, 7.0625, 6.5625, 7.09375], "texture": "#particle"},
				"east": {"uv": [6.53125, 7.0625, 6.5625, 7.09375], "texture": "#particle"},
				"south": {"uv": [6.53125, 7.0625, 6.5625, 7.09375], "texture": "#particle"},
				"west": {"uv": [6.53125, 7.0625, 6.5625, 7.09375], "texture": "#particle"},
				"up": {"uv": [6.53125, 7.0625, 6.5625, 7.09375], "texture": "#particle"},
				"down": {"uv": [6.53125, 7.0625, 6.5625, 7.09375], "texture": "#particle"}
			}
		},
		{
			"from": [6.4, 3.5, 0.3],
			"to": [6.6, 5.5, 0.5],
			"faces": {
				"north": {"uv": [6.53125, 7.0625, 6.5625, 7.09375], "texture": "#particle"},
				"east": {"uv": [6.53125, 7.0625, 6.5625, 7.09375], "texture": "#particle"},
				"south": {"uv": [6.53125, 7.0625, 6.5625, 7.09375], "texture": "#particle"},
				"west": {"uv": [6.53125, 7.0625, 6.5625, 7.09375], "texture": "#particle"},
				"up": {"uv": [6.53125, 7.0625, 6.5625, 7.09375], "texture": "#particle"},
				"down": {"uv": [6.53125, 7.0625, 6.5625, 7.09375], "texture": "#particle"}
			}
		},
		{
			"from": [8.4, 1.2, 0.3],
			"to": [8.6, 3.7, 0.5],
			"faces": {
				"north": {"uv": [6.53125, 7.0625, 6.5625, 7.09375], "texture": "#particle"},
				"east": {"uv": [6.53125, 7.0625, 6.5625, 7.09375], "texture": "#particle"},
				"south": {"uv": [6.53125, 7.0625, 6.5625, 7.09375], "texture": "#particle"},
				"west": {"uv": [6.53125, 7.0625, 6.5625, 7.09375], "texture": "#particle"},
				"up": {"uv": [6.53125, 7.0625, 6.5625, 7.09375], "texture": "#particle"},
				"down": {"uv": [6.53125, 7.0625, 6.5625, 7.09375], "texture": "#particle"}
			}
		},
		{
			"from": [8.4, 5.2, 0.3],
			"to": [8.6, 6.5, 0.5],
			"faces": {
				"north": {"uv": [6.53125, 7.0625, 6.5625, 7.09375], "texture": "#particle"},
				"east": {"uv": [6.53125, 7.0625, 6.5625, 7.09375], "texture": "#particle"},
				"south": {"uv": [6.53125, 7.0625, 6.5625, 7.09375], "texture": "#particle"},
				"west": {"uv": [6.53125, 7.0625, 6.5625, 7.09375], "texture": "#particle"},
				"up": {"uv": [6.53125, 7.0625, 6.5625, 7.09375], "texture": "#particle"},
				"down": {"uv": [6.53125, 7.0625, 6.5625, 7.09375], "texture": "#particle"}
			}
		},
		{
			"from": [8.4, 7.2, 0.3],
			"to": [8.6, 8.5, 0.5],
			"faces": {
				"north": {"uv": [6.53125, 7.0625, 6.5625, 7.09375], "texture": "#particle"},
				"east": {"uv": [6.53125, 7.0625, 6.5625, 7.09375], "texture": "#particle"},
				"south": {"uv": [6.53125, 7.0625, 6.5625, 7.09375], "texture": "#particle"},
				"west": {"uv": [6.53125, 7.0625, 6.5625, 7.09375], "texture": "#particle"},
				"up": {"uv": [6.53125, 7.0625, 6.5625, 7.09375], "texture": "#particle"},
				"down": {"uv": [6.53125, 7.0625, 6.5625, 7.09375], "texture": "#particle"}
			}
		},
		{
			"from": [8.4, 12.2, 0.3],
			"to": [8.6, 15.5, 0.5],
			"faces": {
				"north": {"uv": [6.53125, 7.0625, 6.5625, 7.09375], "texture": "#particle"},
				"east": {"uv": [6.53125, 7.0625, 6.5625, 7.09375], "texture": "#particle"},
				"south": {"uv": [6.53125, 7.0625, 6.5625, 7.09375], "texture": "#particle"},
				"west": {"uv": [6.53125, 7.0625, 6.5625, 7.09375], "texture": "#particle"},
				"up": {"uv": [6.53125, 7.0625, 6.5625, 7.09375], "texture": "#particle"},
				"down": {"uv": [6.53125, 7.0625, 6.5625, 7.09375], "texture": "#particle"}
			}
		},
		{
			"from": [9.4, 9.2, 0.3],
			"to": [9.6, 11.5, 0.5],
			"faces": {
				"north": {"uv": [6.53125, 7.0625, 6.5625, 7.09375], "texture": "#particle"},
				"east": {"uv": [6.53125, 7.0625, 6.5625, 7.09375], "texture": "#particle"},
				"south": {"uv": [6.53125, 7.0625, 6.5625, 7.09375], "texture": "#particle"},
				"west": {"uv": [6.53125, 7.0625, 6.5625, 7.09375], "texture": "#particle"},
				"up": {"uv": [6.53125, 7.0625, 6.5625, 7.09375], "texture": "#particle"},
				"down": {"uv": [6.53125, 7.0625, 6.5625, 7.09375], "texture": "#particle"}
			}
		},
		{
			"from": [7.4, 6.2, 0.3],
			"to": [7.6, 7.5, 0.5],
			"faces": {
				"north": {"uv": [6.53125, 7.0625, 6.5625, 7.09375], "texture": "#particle"},
				"east": {"uv": [6.53125, 7.0625, 6.5625, 7.09375], "texture": "#particle"},
				"south": {"uv": [6.53125, 7.0625, 6.5625, 7.09375], "texture": "#particle"},
				"west": {"uv": [6.53125, 7.0625, 6.5625, 7.09375], "texture": "#particle"},
				"up": {"uv": [6.53125, 7.0625, 6.5625, 7.09375], "texture": "#particle"},
				"down": {"uv": [6.53125, 7.0625, 6.5625, 7.09375], "texture": "#particle"}
			}
		},
		{
			"from": [7.4, 8.2, 0.3],
			"to": [7.6, 9.5, 0.5],
			"faces": {
				"north": {"uv": [6.53125, 7.0625, 6.5625, 7.09375], "texture": "#particle"},
				"east": {"uv": [6.53125, 7.0625, 6.5625, 7.09375], "texture": "#particle"},
				"south": {"uv": [6.53125, 7.0625, 6.5625, 7.09375], "texture": "#particle"},
				"west": {"uv": [6.53125, 7.0625, 6.5625, 7.09375], "texture": "#particle"},
				"up": {"uv": [6.53125, 7.0625, 6.5625, 7.09375], "texture": "#particle"},
				"down": {"uv": [6.53125, 7.0625, 6.5625, 7.09375], "texture": "#particle"}
			}
		},
		{
			"from": [7.4, 11.2, 0.3],
			"to": [7.6, 12.5, 0.5],
			"faces": {
				"north": {"uv": [6.53125, 7.0625, 6.5625, 7.09375], "texture": "#particle"},
				"east": {"uv": [6.53125, 7.0625, 6.5625, 7.09375], "texture": "#particle"},
				"south": {"uv": [6.53125, 7.0625, 6.5625, 7.09375], "texture": "#particle"},
				"west": {"uv": [6.53125, 7.0625, 6.5625, 7.09375], "texture": "#particle"},
				"up": {"uv": [6.53125, 7.0625, 6.5625, 7.09375], "texture": "#particle"},
				"down": {"uv": [6.53125, 7.0625, 6.5625, 7.09375], "texture": "#particle"}
			}
		},
		{
			"from": [7.4, 1.4, 0.3],
			"to": [8.6, 1.6, 0.5],
			"faces": {
				"north": {"uv": [6.53125, 7.0625, 6.5625, 7.09375], "texture": "#particle"},
				"east": {"uv": [6.53125, 7.0625, 6.5625, 7.09375], "texture": "#particle"},
				"south": {"uv": [6.53125, 7.0625, 6.5625, 7.09375], "texture": "#particle"},
				"west": {"uv": [6.53125, 7.0625, 6.5625, 7.09375], "texture": "#particle"},
				"up": {"uv": [6.53125, 7.0625, 6.5625, 7.09375], "texture": "#particle"},
				"down": {"uv": [6.53125, 7.0625, 6.5625, 7.09375], "texture": "#particle"}
			}
		},
		{
			"from": [6.4, 3.4, 0.3],
			"to": [8.6, 3.6, 0.5],
			"faces": {
				"north": {"uv": [6.53125, 7.0625, 6.5625, 7.09375], "texture": "#particle"},
				"east": {"uv": [6.53125, 7.0625, 6.5625, 7.09375], "texture": "#particle"},
				"south": {"uv": [6.53125, 7.0625, 6.5625, 7.09375], "texture": "#particle"},
				"west": {"uv": [6.53125, 7.0625, 6.5625, 7.09375], "texture": "#particle"},
				"up": {"uv": [6.53125, 7.0625, 6.5625, 7.09375], "texture": "#particle"},
				"down": {"uv": [6.53125, 7.0625, 6.5625, 7.09375], "texture": "#particle"}
			}
		},
		{
			"from": [6.4, 5.4, 0.3],
			"to": [8.6, 5.6, 0.5],
			"faces": {
				"north": {"uv": [6.53125, 7.0625, 6.5625, 7.09375], "texture": "#particle"},
				"east": {"uv": [6.53125, 7.0625, 6.5625, 7.09375], "texture": "#particle"},
				"south": {"uv": [6.53125, 7.0625, 6.5625, 7.09375], "texture": "#particle"},
				"west": {"uv": [6.53125, 7.0625, 6.5625, 7.09375], "texture": "#particle"},
				"up": {"uv": [6.53125, 7.0625, 6.5625, 7.09375], "texture": "#particle"},
				"down": {"uv": [6.53125, 7.0625, 6.5625, 7.09375], "texture": "#particle"}
			}
		},
		{
			"from": [7.4, 6.4, 0.3],
			"to": [8.6, 6.6, 0.5],
			"faces": {
				"north": {"uv": [6.53125, 7.0625, 6.5625, 7.09375], "texture": "#particle"},
				"east": {"uv": [6.53125, 7.0625, 6.5625, 7.09375], "texture": "#particle"},
				"south": {"uv": [6.53125, 7.0625, 6.5625, 7.09375], "texture": "#particle"},
				"west": {"uv": [6.53125, 7.0625, 6.5625, 7.09375], "texture": "#particle"},
				"up": {"uv": [6.53125, 7.0625, 6.5625, 7.09375], "texture": "#particle"},
				"down": {"uv": [6.53125, 7.0625, 6.5625, 7.09375], "texture": "#particle"}
			}
		},
		{
			"from": [7.4, 8.4, 0.3],
			"to": [8.6, 8.6, 0.5],
			"faces": {
				"north": {"uv": [6.53125, 7.0625, 6.5625, 7.09375], "texture": "#particle"},
				"east": {"uv": [6.53125, 7.0625, 6.5625, 7.09375], "texture": "#particle"},
				"south": {"uv": [6.53125, 7.0625, 6.5625, 7.09375], "texture": "#particle"},
				"west": {"uv": [6.53125, 7.0625, 6.5625, 7.09375], "texture": "#particle"},
				"up": {"uv": [6.53125, 7.0625, 6.5625, 7.09375], "texture": "#particle"},
				"down": {"uv": [6.53125, 7.0625, 6.5625, 7.09375], "texture": "#particle"}
			}
		},
		{
			"from": [7.4, 12.4, 0.3],
			"to": [8.6, 12.6, 0.5],
			"faces": {
				"north": {"uv": [6.53125, 7.0625, 6.5625, 7.09375], "texture": "#particle"},
				"east": {"uv": [6.53125, 7.0625, 6.5625, 7.09375], "texture": "#particle"},
				"south": {"uv": [6.53125, 7.0625, 6.5625, 7.09375], "texture": "#particle"},
				"west": {"uv": [6.53125, 7.0625, 6.5625, 7.09375], "texture": "#particle"},
				"up": {"uv": [6.53125, 7.0625, 6.5625, 7.09375], "texture": "#particle"},
				"down": {"uv": [6.53125, 7.0625, 6.5625, 7.09375], "texture": "#particle"}
			}
		},
		{
			"from": [7.4, 9.4, 0.3],
			"to": [9.6, 9.6, 0.5],
			"faces": {
				"north": {"uv": [6.53125, 7.0625, 6.5625, 7.09375], "texture": "#particle"},
				"east": {"uv": [6.53125, 7.0625, 6.5625, 7.09375], "texture": "#particle"},
				"south": {"uv": [6.53125, 7.0625, 6.5625, 7.09375], "texture": "#particle"},
				"west": {"uv": [6.53125, 7.0625, 6.5625, 7.09375], "texture": "#particle"},
				"up": {"uv": [6.53125, 7.0625, 6.5625, 7.09375], "texture": "#particle"},
				"down": {"uv": [6.53125, 7.0625, 6.5625, 7.09375], "texture": "#particle"}
			}
		},
		{
			"from": [7.4, 11.4, 0.3],
			"to": [9.6, 11.6, 0.5],
			"faces": {
				"north": {"uv": [6.53125, 7.0625, 6.5625, 7.09375], "texture": "#particle"},
				"east": {"uv": [6.53125, 7.0625, 6.5625, 7.09375], "texture": "#particle"},
				"south": {"uv": [6.53125, 7.0625, 6.5625, 7.09375], "texture": "#particle"},
				"west": {"uv": [6.53125, 7.0625, 6.5625, 7.09375], "texture": "#particle"},
				"up": {"uv": [6.53125, 7.0625, 6.5625, 7.09375], "texture": "#particle"},
				"down": {"uv": [6.53125, 7.0625, 6.5625, 7.09375], "texture": "#particle"}
			}
		},
		{
			"from": [7.4, 7.4, 0.3],
			"to": [8.6, 7.6, 0.5],
			"faces": {
				"north": {"uv": [6.53125, 7.0625, 6.5625, 7.09375], "texture": "#particle"},
				"east": {"uv": [6.53125, 7.0625, 6.5625, 7.09375], "texture": "#particle"},
				"south": {"uv": [6.53125, 7.0625, 6.5625, 7.09375], "texture": "#particle"},
				"west": {"uv": [6.53125, 7.0625, 6.5625, 7.09375], "texture": "#particle"},
				"up": {"uv": [6.53125, 7.0625, 6.5625, 7.09375], "texture": "#particle"},
				"down": {"uv": [6.53125, 7.0625, 6.5625, 7.09375], "texture": "#particle"}
			}
		}
	],
	"groups": [
		{
			"name": "redstone_dust_dot",
			"origin": [8, 8, 8],
			"children": [0, 1, 2, 3, 4, 5, 6, 7, 8, 9, 10, 11, 12, 13, 14, 15, 16, 17, 18, 19]
		}, 20, 21, 22, 23, 24, 25, 26, 27, 28, 29, 30, 31, 32, 33, 34, 35, 36, 37, 38]
}