{
	"credit": "Made with Blockbench",
	"ambientocclusion": false,
	"textures": {
		"line": "block/redstone_dust_line0"
	},
	"elements": [
		{
			"from": [8.1, 0, 0.1],
			"to": [8.9, 0.8, 0.9],
			"faces": {
				"north": {"uv": [0, 0, 0.8, 0.8], "texture": "#line"},
				"east": {"uv": [0, 0, 0.8, 0.8], "texture": "#line"},
				"south": {"uv": [0, 0, 0.8, 0.8], "texture": "#line"},
				"west": {"uv": [0, 0, 0.8, 0.8], "texture": "#line"},
				"up": {"uv": [0, 0, 0.8, 0.8], "texture": "#line"},
				"down": {"uv": [0, 0, 0.8, 0.8], "texture": "#line"}
			}
		},
		{
			"from": [8.4, 0.4, 0.1],
			"to": [8.6, 0.6, 3.3],
			"faces": {
				"north": {"uv": [6.53125, 7.0625, 6.5625, 7.09375], "texture": "#line"},
				"east": {"uv": [6.53125, 7.0625, 6.5625, 7.09375], "texture": "#line"},
				"south": {"uv": [6.53125, 7.0625, 6.5625, 7.09375], "texture": "#line"},
				"west": {"uv": [6.53125, 7.0625, 6.5625, 7.09375], "texture": "#line"},
				"up": {"uv": [6.53125, 7.0625, 6.5625, 7.09375], "texture": "#line"},
				"down": {"uv": [6.53125, 7.0625, 6.5625, 7.09375], "texture": "#line"}
			}
		},
		{
			"from": [8.4, 0.4, 2.1],
			"to": [8.6, 0.6, 4.5],
			"faces": {
				"north": {"uv": [6.53125, 7.0625, 6.5625, 7.09375], "texture": "#line"},
				"east": {"uv": [6.53125, 7.0625, 6.5625, 7.09375], "texture": "#line"},
				"south": {"uv": [6.53125, 7.0625, 6.5625, 7.09375], "texture": "#line"},
				"west": {"uv": [6.53125, 7.0625, 6.5625, 7.09375], "texture": "#line"},
				"up": {"uv": [6.53125, 7.0625, 6.5625, 7.09375], "texture": "#line"},
				"down": {"uv": [6.53125, 7.0625, 6.5625, 7.09375], "texture": "#line"}
			}
		},
		{
			"from": [9.4, 0.4, 4.2],
			"to": [9.6, 0.6, 6.4],
			"faces": {
				"north": {"uv": [6.53125, 7.0625, 6.5625, 7.09375], "texture": "#line"},
				"east": {"uv": [6.53125, 7.0625, 6.5625, 7.09375], "texture": "#line"},
				"south": {"uv": [6.53125, 7.0625, 6.5625, 7.09375], "texture": "#line"},
				"west": {"uv": [6.53125, 7.0625, 6.5625, 7.09375], "texture": "#line"},
				"up": {"uv": [6.53125, 7.0625, 6.5625, 7.09375], "texture": "#line"},
				"down": {"uv": [6.53125, 7.0625, 6.5625, 7.09375], "texture": "#line"}
			}
		},
		{
			"from": [7.4, 0.4, 2.5],
			"to": [7.6, 0.6, 4.7],
			"faces": {
				"north": {"uv": [6.53125, 7.0625, 6.5625, 7.09375], "texture": "#line"},
				"east": {"uv": [6.53125, 7.0625, 6.5625, 7.09375], "texture": "#line"},
				"south": {"uv": [6.53125, 7.0625, 6.5625, 7.09375], "texture": "#line"},
				"west": {"uv": [6.53125, 7.0625, 6.5625, 7.09375], "texture": "#line"},
				"up": {"uv": [6.53125, 7.0625, 6.5625, 7.09375], "texture": "#line"},
				"down": {"uv": [6.53125, 7.0625, 6.5625, 7.09375], "texture": "#line"}
			}
		},
		{
			"from": [7.4, 0.4, 6.5],
			"to": [7.6, 0.6, 7.7],
			"faces": {
				"north": {"uv": [6.53125, 7.0625, 6.5625, 7.09375], "texture": "#line"},
				"east": {"uv": [6.53125, 7.0625, 6.5625, 7.09375], "texture": "#line"},
				"south": {"uv": [6.53125, 7.0625, 6.5625, 7.09375], "texture": "#line"},
				"west": {"uv": [6.53125, 7.0625, 6.5625, 7.09375], "texture": "#line"},
				"up": {"uv": [6.53125, 7.0625, 6.5625, 7.09375], "texture": "#line"},
				"down": {"uv": [6.53125, 7.0625, 6.5625, 7.09375], "texture": "#line"}
			}
		},
		{
			"from": [7.4, 0.4, 2.5],
			"to": [8.6, 0.6, 2.7],
			"faces": {
				"north": {"uv": [6.53125, 7.0625, 6.5625, 7.09375], "texture": "#line"},
				"east": {"uv": [6.53125, 7.0625, 6.5625, 7.09375], "texture": "#line"},
				"south": {"uv": [6.53125, 7.0625, 6.5625, 7.09375], "texture": "#line"},
				"west": {"uv": [6.53125, 7.0625, 6.5625, 7.09375], "texture": "#line"},
				"up": {"uv": [6.53125, 7.0625, 6.5625, 7.09375], "texture": "#line"},
				"down": {"uv": [6.53125, 7.0625, 6.5625, 7.09375], "texture": "#line"}
			}
		},
		{
			"from": [7.4, 0.4, 4.5],
			"to": [9.6, 0.6, 4.7],
			"faces": {
				"north": {"uv": [6.53125, 7.0625, 6.5625, 7.09375], "texture": "#line"},
				"east": {"uv": [6.53125, 7.0625, 6.5625, 7.09375], "texture": "#line"},
				"south": {"uv": [6.53125, 7.0625, 6.5625, 7.09375], "texture": "#line"},
				"west": {"uv": [6.53125, 7.0625, 6.5625, 7.09375], "texture": "#line"},
				"up": {"uv": [6.53125, 7.0625, 6.5625, 7.09375], "texture": "#line"},
				"down": {"uv": [6.53125, 7.0625, 6.5625, 7.09375], "texture": "#line"}
			}
		},
		{
			"from": [8.4, 0.4, 6.5],
			"to": [9.6, 0.6, 6.7],
			"faces": {
				"north": {"uv": [6.53125, 7.0625, 6.5625, 7.09375], "texture": "#line"},
				"east": {"uv": [6.53125, 7.0625, 6.5625, 7.09375], "texture": "#line"},
				"south": {"uv": [6.53125, 7.0625, 6.5625, 7.09375], "texture": "#line"},
				"west": {"uv": [6.53125, 7.0625, 6.5625, 7.09375], "texture": "#line"},
				"up": {"uv": [6.53125, 7.0625, 6.5625, 7.09375], "texture": "#line"},
				"down": {"uv": [6.53125, 7.0625, 6.5625, 7.09375], "texture": "#line"}
			}
		},
		{
			"from": [7.4, 0.4, 6.5],
			"to": [8.6, 0.6, 6.7],
			"faces": {
				"north": {"uv": [6.53125, 7.0625, 6.5625, 7.09375], "texture": "#line"},
				"east": {"uv": [6.53125, 7.0625, 6.5625, 7.09375], "texture": "#line"},
				"south": {"uv": [6.53125, 7.0625, 6.5625, 7.09375], "texture": "#line"},
				"west": {"uv": [6.53125, 7.0625, 6.5625, 7.09375], "texture": "#line"},
				"up": {"uv": [6.53125, 7.0625, 6.5625, 7.09375], "texture": "#line"},
				"down": {"uv": [6.53125, 7.0625, 6.5625, 7.09375], "texture": "#line"}
			}
		},
		{
			"from": [8.1, 0, 2.1],
			"to": [8.9, 0.8, 2.9],
			"faces": {
				"north": {"uv": [0, 0, 0.8, 0.8], "texture": "#line"},
				"east": {"uv": [0, 0, 0.8, 0.8], "texture": "#line"},
				"south": {"uv": [0, 0, 0.8, 0.8], "texture": "#line"},
				"west": {"uv": [0, 0, 0.8, 0.8], "texture": "#line"},
				"up": {"uv": [0, 0, 0.8, 0.8], "texture": "#line"},
				"down": {"uv": [0, 0, 0.8, 0.8], "texture": "#line"}
			}
		},
		{
			"from": [8.1, 0, 3.1],
			"to": [8.9, 0.8, 3.9],
			"faces": {
				"north": {"uv": [0, 0, 0.8, 0.8], "texture": "#line"},
				"east": {"uv": [0, 0, 0.8, 0.8], "texture": "#line"},
				"south": {"uv": [0, 0, 0.8, 0.8], "texture": "#line"},
				"west": {"uv": [0, 0, 0.8, 0.8], "texture": "#line"},
				"up": {"uv": [0, 0, 0.8, 0.8], "texture": "#line"},
				"down": {"uv": [0, 0, 0.8, 0.8], "texture": "#line"}
			}
		},
		{
			"from": [7.1, 0, 3.1],
			"to": [7.9, 0.8, 3.9],
			"faces": {
				"north": {"uv": [0, 0, 0.8, 0.8], "texture": "#line"},
				"east": {"uv": [0, 0, 0.8, 0.8], "texture": "#line"},
				"south": {"uv": [0, 0, 0.8, 0.8], "texture": "#line"},
				"west": {"uv": [0, 0, 0.8, 0.8], "texture": "#line"},
				"up": {"uv": [0, 0, 0.8, 0.8], "texture": "#line"},
				"down": {"uv": [0, 0, 0.8, 0.8], "texture": "#line"}
			}
		},
		{
			"from": [9.1, 0, 4.1],
			"to": [9.9, 0.8, 4.9],
			"faces": {
				"north": {"uv": [0, 0, 0.8, 0.8], "texture": "#line"},
				"east": {"uv": [0, 0, 0.8, 0.8], "texture": "#line"},
				"south": {"uv": [0, 0, 0.8, 0.8], "texture": "#line"},
				"west": {"uv": [0, 0, 0.8, 0.8], "texture": "#line"},
				"up": {"uv": [0, 0, 0.8, 0.8], "texture": "#line"},
				"down": {"uv": [0, 0, 0.8, 0.8], "texture": "#line"}
			}
		},
		{
			"from": [7.1, 0, 4.1],
			"to": [7.9, 0.8, 4.9],
			"faces": {
				"north": {"uv": [0, 0, 0.8, 0.8], "texture": "#line"},
				"east": {"uv": [0, 0, 0.8, 0.8], "texture": "#line"},
				"south": {"uv": [0, 0, 0.8, 0.8], "texture": "#line"},
				"west": {"uv": [0, 0, 0.8, 0.8], "texture": "#line"},
				"up": {"uv": [0, 0, 0.8, 0.8], "texture": "#line"},
				"down": {"uv": [0, 0, 0.8, 0.8], "texture": "#line"}
			}
		},
		{
			"from": [9.1, 0, 5.1],
			"to": [9.9, 0.8, 5.9],
			"faces": {
				"north": {"uv": [0, 0, 0.8, 0.8], "texture": "#line"},
				"east": {"uv": [0, 0, 0.8, 0.8], "texture": "#line"},
				"south": {"uv": [0, 0, 0.8, 0.8], "texture": "#line"},
				"west": {"uv": [0, 0, 0.8, 0.8], "texture": "#line"},
				"up": {"uv": [0, 0, 0.8, 0.8], "texture": "#line"},
				"down": {"uv": [0, 0, 0.8, 0.8], "texture": "#line"}
			}
		},
		{
			"from": [9.1, 0, 6.1],
			"to": [9.9, 0.8, 6.9],
			"faces": {
				"north": {"uv": [0, 0, 0.8, 0.8], "texture": "#line"},
				"east": {"uv": [0, 0, 0.8, 0.8], "texture": "#line"},
				"south": {"uv": [0, 0, 0.8, 0.8], "texture": "#line"},
				"west": {"uv": [0, 0, 0.8, 0.8], "texture": "#line"},
				"up": {"uv": [0, 0, 0.8, 0.8], "texture": "#line"},
				"down": {"uv": [0, 0, 0.8, 0.8], "texture": "#line"}
			}
		},
		{
			"from": [8.1, 0, 6.1],
			"to": [8.9, 0.8, 6.9],
			"faces": {
				"north": {"uv": [0, 0, 0.8, 0.8], "texture": "#line"},
				"east": {"uv": [0, 0, 0.8, 0.8], "texture": "#line"},
				"south": {"uv": [0, 0, 0.8, 0.8], "texture": "#line"},
				"west": {"uv": [0, 0, 0.8, 0.8], "texture": "#line"},
				"up": {"uv": [0, 0, 0.8, 0.8], "texture": "#line"},
				"down": {"uv": [0, 0, 0.8, 0.8], "texture": "#line"}
			}
		},
		{
			"from": [7.1, 0, 7.1],
			"to": [7.9, 0.8, 7.9],
			"faces": {
				"north": {"uv": [0, 0, 0.8, 0.8], "texture": "#line"},
				"east": {"uv": [0, 0, 0.8, 0.8], "texture": "#line"},
				"south": {"uv": [0, 0, 0.8, 0.8], "texture": "#line"},
				"west": {"uv": [0, 0, 0.8, 0.8], "texture": "#line"},
				"up": {"uv": [0, 0, 0.8, 0.8], "texture": "#line"},
				"down": {"uv": [0, 0, 0.8, 0.8], "texture": "#line"}
			}
		}
	],
	"groups": [
		{
			"name": "redstone_dust_dot",
			"origin": [8, 8, 8],
			"children": [0, 1, 2, 3, 4, 5, 6, 7, 8, 9, 10, 11, 12, 13, 14, 15, 16, 17, 18]
		}
	]
}