{
	"credit": "Made with Blockbench",
	"ambientocclusion": false,
	"textures": {
		"particle": "block/redstone_dust_dot",
		"line": "block/redstone_dust_dot"
	},
	"elements": [
		{
			"from": [9.1, 0, 11.1],
			"to": [9.9, 0.8, 11.9],
			"faces": {
				"north": {"uv": [0, 0, 0.8, 0.8], "texture": "#line"},
				"east": {"uv": [0, 0, 0.8, 0.8], "texture": "#line"},
				"south": {"uv": [0, 0, 0.8, 0.8], "texture": "#line"},
				"west": {"uv": [0, 0, 0.8, 0.8], "texture": "#line"},
				"up": {"uv": [0, 0, 0.8, 0.8], "texture": "#line"},
				"down": {"uv": [0, 0, 0.8, 0.8], "texture": "#line"}
			}
		},
		{
			"from": [8.1, 0, 10.1],
			"to": [8.9, 0.8, 10.9],
			"faces": {
				"north": {"uv": [0, 0, 0.8, 0.8], "texture": "#line"},
				"east": {"uv": [0, 0, 0.8, 0.8], "texture": "#line"},
				"south": {"uv": [0, 0, 0.8, 0.8], "texture": "#line"},
				"west": {"uv": [0, 0, 0.8, 0.8], "texture": "#line"},
				"up": {"uv": [0, 0, 0.8, 0.8], "texture": "#line"},
				"down": {"uv": [0, 0, 0.8, 0.8], "texture": "#line"}
			}
		},
		{
			"from": [10.1, 0, 10.1],
			"to": [10.9, 0.8, 10.9],
			"faces": {
				"north": {"uv": [0, 0, 0.8, 0.8], "texture": "#line"},
				"east": {"uv": [0, 0, 0.8, 0.8], "texture": "#line"},
				"south": {"uv": [0, 0, 0.8, 0.8], "texture": "#line"},
				"west": {"uv": [0, 0, 0.8, 0.8], "texture": "#line"},
				"up": {"uv": [0, 0, 0.8, 0.8], "texture": "#line"},
				"down": {"uv": [0, 0, 0.8, 0.8], "texture": "#line"}
			}
		},
		{
			"from": [7.1, 0, 10.1],
			"to": [7.9, 0.8, 10.9],
			"faces": {
				"north": {"uv": [0, 0, 0.8, 0.8], "texture": "#line"},
				"east": {"uv": [0, 0, 0.8, 0.8], "texture": "#line"},
				"south": {"uv": [0, 0, 0.8, 0.8], "texture": "#line"},
				"west": {"uv": [0, 0, 0.8, 0.8], "texture": "#line"},
				"up": {"uv": [0, 0, 0.8, 0.8], "texture": "#line"},
				"down": {"uv": [0, 0, 0.8, 0.8], "texture": "#line"}
			}
		},
		{
			"from": [7.1, 0, 9.1],
			"to": [7.9, 0.8, 9.9],
			"faces": {
				"north": {"uv": [0, 0, 0.8, 0.8], "texture": "#line"},
				"east": {"uv": [0, 0, 0.8, 0.8], "texture": "#line"},
				"south": {"uv": [0, 0, 0.8, 0.8], "texture": "#line"},
				"west": {"uv": [0, 0, 0.8, 0.8], "texture": "#line"},
				"up": {"uv": [0, 0, 0.8, 0.8], "texture": "#line"},
				"down": {"uv": [0, 0, 0.8, 0.8], "texture": "#line"}
			}
		},
		{
			"from": [7.1, 0, 8.1],
			"to": [7.9, 0.8, 8.9],
			"faces": {
				"north": {"uv": [0, 0, 0.8, 0.8], "texture": "#line"},
				"east": {"uv": [0, 0, 0.8, 0.8], "texture": "#line"},
				"south": {"uv": [0, 0, 0.8, 0.8], "texture": "#line"},
				"west": {"uv": [0, 0, 0.8, 0.8], "texture": "#line"},
				"up": {"uv": [0, 0, 0.8, 0.8], "texture": "#line"},
				"down": {"uv": [0, 0, 0.8, 0.8], "texture": "#line"}
			}
		},
		{
			"from": [8.1, 0, 8.1],
			"to": [8.9, 0.8, 8.9],
			"faces": {
				"north": {"uv": [0, 0, 0.8, 0.8], "texture": "#line"},
				"east": {"uv": [0, 0, 0.8, 0.8], "texture": "#line"},
				"south": {"uv": [0, 0, 0.8, 0.8], "texture": "#line"},
				"west": {"uv": [0, 0, 0.8, 0.8], "texture": "#line"},
				"up": {"uv": [0, 0, 0.8, 0.8], "texture": "#line"},
				"down": {"uv": [0, 0, 0.8, 0.8], "texture": "#line"}
			}
		},
		{
			"from": [7.1, 0, 7.1],
			"to": [7.9, 0.8, 7.9],
			"faces": {
				"north": {"uv": [0, 0, 0.8, 0.8], "texture": "#line"},
				"east": {"uv": [0, 0, 0.8, 0.8], "texture": "#line"},
				"south": {"uv": [0, 0, 0.8, 0.8], "texture": "#line"},
				"west": {"uv": [0, 0, 0.8, 0.8], "texture": "#line"},
				"up": {"uv": [0, 0, 0.8, 0.8], "texture": "#line"},
				"down": {"uv": [0, 0, 0.8, 0.8], "texture": "#line"}
			}
		},
		{
			"from": [10.1, 0, 7.1],
			"to": [10.9, 0.8, 7.9],
			"faces": {
				"north": {"uv": [0, 0, 0.8, 0.8], "texture": "#line"},
				"east": {"uv": [0, 0, 0.8, 0.8], "texture": "#line"},
				"south": {"uv": [0, 0, 0.8, 0.8], "texture": "#line"},
				"west": {"uv": [0, 0, 0.8, 0.8], "texture": "#line"},
				"up": {"uv": [0, 0, 0.8, 0.8], "texture": "#line"},
				"down": {"uv": [0, 0, 0.8, 0.8], "texture": "#line"}
			}
		},
		{
			"from": [10.1, 0, 9.1],
			"to": [10.9, 0.8, 9.9],
			"faces": {
				"north": {"uv": [0, 0, 0.8, 0.8], "texture": "#line"},
				"east": {"uv": [0, 0, 0.8, 0.8], "texture": "#line"},
				"south": {"uv": [0, 0, 0.8, 0.8], "texture": "#line"},
				"west": {"uv": [0, 0, 0.8, 0.8], "texture": "#line"},
				"up": {"uv": [0, 0, 0.8, 0.8], "texture": "#line"},
				"down": {"uv": [0, 0, 0.8, 0.8], "texture": "#line"}
			}
		},
		{
			"from": [11.1, 0, 7.1],
			"to": [11.9, 0.8, 7.9],
			"faces": {
				"north": {"uv": [0, 0, 0.8, 0.8], "texture": "#line"},
				"east": {"uv": [0, 0, 0.8, 0.8], "texture": "#line"},
				"south": {"uv": [0, 0, 0.8, 0.8], "texture": "#line"},
				"west": {"uv": [0, 0, 0.8, 0.8], "texture": "#line"},
				"up": {"uv": [0, 0, 0.8, 0.8], "texture": "#line"},
				"down": {"uv": [0, 0, 0.8, 0.8], "texture": "#line"}
			}
		},
		{
			"from": [7.1, 0, 6.1],
			"to": [7.9, 0.8, 6.9],
			"faces": {
				"north": {"uv": [0, 0, 0.8, 0.8], "texture": "#line"},
				"east": {"uv": [0, 0, 0.8, 0.8], "texture": "#line"},
				"south": {"uv": [0, 0, 0.8, 0.8], "texture": "#line"},
				"west": {"uv": [0, 0, 0.8, 0.8], "texture": "#line"},
				"up": {"uv": [0, 0, 0.8, 0.8], "texture": "#line"},
				"down": {"uv": [0, 0, 0.8, 0.8], "texture": "#line"}
			}
		},
		{
			"from": [9.1, 0, 6.1],
			"to": [9.9, 0.8, 6.9],
			"faces": {
				"north": {"uv": [0, 0, 0.8, 0.8], "texture": "#line"},
				"east": {"uv": [0, 0, 0.8, 0.8], "texture": "#line"},
				"south": {"uv": [0, 0, 0.8, 0.8], "texture": "#line"},
				"west": {"uv": [0, 0, 0.8, 0.8], "texture": "#line"},
				"up": {"uv": [0, 0, 0.8, 0.8], "texture": "#line"},
				"down": {"uv": [0, 0, 0.8, 0.8], "texture": "#line"}
			}
		},
		{
			"from": [9.1, 0, 8.1],
			"to": [9.9, 0.8, 8.9],
			"faces": {
				"north": {"uv": [0, 0, 0.8, 0.8], "texture": "#line"},
				"east": {"uv": [0, 0, 0.8, 0.8], "texture": "#line"},
				"south": {"uv": [0, 0, 0.8, 0.8], "texture": "#line"},
				"west": {"uv": [0, 0, 0.8, 0.8], "texture": "#line"},
				"up": {"uv": [0, 0, 0.8, 0.8], "texture": "#line"},
				"down": {"uv": [0, 0, 0.8, 0.8], "texture": "#line"}
			}
		},
		{
			"from": [10.1, 0, 6.1],
			"to": [10.9, 0.8, 6.9],
			"faces": {
				"north": {"uv": [0, 0, 0.8, 0.8], "texture": "#line"},
				"east": {"uv": [0, 0, 0.8, 0.8], "texture": "#line"},
				"south": {"uv": [0, 0, 0.8, 0.8], "texture": "#line"},
				"west": {"uv": [0, 0, 0.8, 0.8], "texture": "#line"},
				"up": {"uv": [0, 0, 0.8, 0.8], "texture": "#line"},
				"down": {"uv": [0, 0, 0.8, 0.8], "texture": "#line"}
			}
		},
		{
			"from": [10.1, 0, 8.1],
			"to": [10.9, 0.8, 8.9],
			"faces": {
				"north": {"uv": [0, 0, 0.8, 0.8], "texture": "#line"},
				"east": {"uv": [0, 0, 0.8, 0.8], "texture": "#line"},
				"south": {"uv": [0, 0, 0.8, 0.8], "texture": "#line"},
				"west": {"uv": [0, 0, 0.8, 0.8], "texture": "#line"},
				"up": {"uv": [0, 0, 0.8, 0.8], "texture": "#line"},
				"down": {"uv": [0, 0, 0.8, 0.8], "texture": "#line"}
			}
		},
		{
			"from": [9.1, 0, 5.1],
			"to": [9.9, 0.8, 5.9],
			"faces": {
				"north": {"uv": [0, 0, 0.8, 0.8], "texture": "#line"},
				"east": {"uv": [0, 0, 0.8, 0.8], "texture": "#line"},
				"south": {"uv": [0, 0, 0.8, 0.8], "texture": "#line"},
				"west": {"uv": [0, 0, 0.8, 0.8], "texture": "#line"},
				"up": {"uv": [0, 0, 0.8, 0.8], "texture": "#line"},
				"down": {"uv": [0, 0, 0.8, 0.8], "texture": "#line"}
			}
		},
		{
			"from": [6.1, 0, 9.1],
			"to": [6.9, 0.8, 9.9],
			"faces": {
				"north": {"uv": [0, 0, 0.8, 0.8], "texture": "#line"},
				"east": {"uv": [0, 0, 0.8, 0.8], "texture": "#line"},
				"south": {"uv": [0, 0, 0.8, 0.8], "texture": "#line"},
				"west": {"uv": [0, 0, 0.8, 0.8], "texture": "#line"},
				"up": {"uv": [0, 0, 0.8, 0.8], "texture": "#line"},
				"down": {"uv": [0, 0, 0.8, 0.8], "texture": "#line"}
			}
		},
		{
			"from": [6.1, 0, 8.1],
			"to": [6.9, 0.8, 8.9],
			"faces": {
				"north": {"uv": [0, 0, 0.8, 0.8], "texture": "#line"},
				"east": {"uv": [0, 0, 0.8, 0.8], "texture": "#line"},
				"south": {"uv": [0, 0, 0.8, 0.8], "texture": "#line"},
				"west": {"uv": [0, 0, 0.8, 0.8], "texture": "#line"},
				"up": {"uv": [0, 0, 0.8, 0.8], "texture": "#line"},
				"down": {"uv": [0, 0, 0.8, 0.8], "texture": "#line"}
			}
		},
		{
			"from": [6.1, 0, 7.1],
			"to": [6.9, 0.8, 7.9],
			"faces": {
				"north": {"uv": [0, 0, 0.8, 0.8], "texture": "#line"},
				"east": {"uv": [0, 0, 0.8, 0.8], "texture": "#line"},
				"south": {"uv": [0, 0, 0.8, 0.8], "texture": "#line"},
				"west": {"uv": [0, 0, 0.8, 0.8], "texture": "#line"},
				"up": {"uv": [0, 0, 0.8, 0.8], "texture": "#line"},
				"down": {"uv": [0, 0, 0.8, 0.8], "texture": "#line"}
			}
		},
		{
			"from": [9.1, 0, 7.1],
			"to": [9.9, 0.8, 7.9],
			"faces": {
				"north": {"uv": [0, 0, 0.8, 0.8], "texture": "#line"},
				"east": {"uv": [0, 0, 0.8, 0.8], "texture": "#line"},
				"south": {"uv": [0, 0, 0.8, 0.8], "texture": "#line"},
				"west": {"uv": [0, 0, 0.8, 0.8], "texture": "#line"},
				"up": {"uv": [0, 0, 0.8, 0.8], "texture": "#line"},
				"down": {"uv": [0, 0, 0.8, 0.8], "texture": "#line"}
			}
		},
		{
			"from": [9.1, 0, 9.1],
			"to": [9.9, 0.8, 9.9],
			"faces": {
				"north": {"uv": [0, 0, 0.8, 0.8], "texture": "#line"},
				"east": {"uv": [0, 0, 0.8, 0.8], "texture": "#line"},
				"south": {"uv": [0, 0, 0.8, 0.8], "texture": "#line"},
				"west": {"uv": [0, 0, 0.8, 0.8], "texture": "#line"},
				"up": {"uv": [0, 0, 0.8, 0.8], "texture": "#line"},
				"down": {"uv": [0, 0, 0.8, 0.8], "texture": "#line"}
			}
		},
		{
			"from": [6.1, 0, 6.1],
			"to": [6.9, 0.8, 6.9],
			"faces": {
				"north": {"uv": [0, 0, 0.8, 0.8], "texture": "#line"},
				"east": {"uv": [0, 0, 0.8, 0.8], "texture": "#line"},
				"south": {"uv": [0, 0, 0.8, 0.8], "texture": "#line"},
				"west": {"uv": [0, 0, 0.8, 0.8], "texture": "#line"},
				"up": {"uv": [0, 0, 0.8, 0.8], "texture": "#line"},
				"down": {"uv": [0, 0, 0.8, 0.8], "texture": "#line"}
			}
		},
		{
			"from": [8.1, 0, 6.1],
			"to": [8.9, 0.8, 6.9],
			"faces": {
				"north": {"uv": [0, 0, 0.8, 0.8], "texture": "#line"},
				"east": {"uv": [0, 0, 0.8, 0.8], "texture": "#line"},
				"south": {"uv": [0, 0, 0.8, 0.8], "texture": "#line"},
				"west": {"uv": [0, 0, 0.8, 0.8], "texture": "#line"},
				"up": {"uv": [0, 0, 0.8, 0.8], "texture": "#line"},
				"down": {"uv": [0, 0, 0.8, 0.8], "texture": "#line"}
			}
		},
		{
			"from": [8.1, 0, 5.1],
			"to": [8.9, 0.8, 5.9],
			"faces": {
				"north": {"uv": [0, 0, 0.8, 0.8], "texture": "#line"},
				"east": {"uv": [0, 0, 0.8, 0.8], "texture": "#line"},
				"south": {"uv": [0, 0, 0.8, 0.8], "texture": "#line"},
				"west": {"uv": [0, 0, 0.8, 0.8], "texture": "#line"},
				"up": {"uv": [0, 0, 0.8, 0.8], "texture": "#line"},
				"down": {"uv": [0, 0, 0.8, 0.8], "texture": "#line"}
			}
		},
		{
			"from": [6.1, 0, 5.1],
			"to": [6.9, 0.8, 5.9],
			"faces": {
				"north": {"uv": [0, 0, 0.8, 0.8], "texture": "#line"},
				"east": {"uv": [0, 0, 0.8, 0.8], "texture": "#line"},
				"south": {"uv": [0, 0, 0.8, 0.8], "texture": "#line"},
				"west": {"uv": [0, 0, 0.8, 0.8], "texture": "#line"},
				"up": {"uv": [0, 0, 0.8, 0.8], "texture": "#line"},
				"down": {"uv": [0, 0, 0.8, 0.8], "texture": "#line"}
			}
		},
		{
			"from": [5.1, 0, 6.1],
			"to": [5.9, 0.8, 6.9],
			"faces": {
				"north": {"uv": [0, 0, 0.8, 0.8], "texture": "#line"},
				"east": {"uv": [0, 0, 0.8, 0.8], "texture": "#line"},
				"south": {"uv": [0, 0, 0.8, 0.8], "texture": "#line"},
				"west": {"uv": [0, 0, 0.8, 0.8], "texture": "#line"},
				"up": {"uv": [0, 0, 0.8, 0.8], "texture": "#line"},
				"down": {"uv": [0, 0, 0.8, 0.8], "texture": "#line"}
			}
		},
		{
			"from": [5.1, 0, 9.1],
			"to": [5.9, 0.8, 9.9],
			"faces": {
				"north": {"uv": [0, 0, 0.8, 0.8], "texture": "#line"},
				"east": {"uv": [0, 0, 0.8, 0.8], "texture": "#line"},
				"south": {"uv": [0, 0, 0.8, 0.8], "texture": "#line"},
				"west": {"uv": [0, 0, 0.8, 0.8], "texture": "#line"},
				"up": {"uv": [0, 0, 0.8, 0.8], "texture": "#line"},
				"down": {"uv": [0, 0, 0.8, 0.8], "texture": "#line"}
			}
		},
		{
			"from": [5.1, 0, 8.1],
			"to": [5.9, 0.8, 8.9],
			"faces": {
				"north": {"uv": [0, 0, 0.8, 0.8], "texture": "#line"},
				"east": {"uv": [0, 0, 0.8, 0.8], "texture": "#line"},
				"south": {"uv": [0, 0, 0.8, 0.8], "texture": "#line"},
				"west": {"uv": [0, 0, 0.8, 0.8], "texture": "#line"},
				"up": {"uv": [0, 0, 0.8, 0.8], "texture": "#line"},
				"down": {"uv": [0, 0, 0.8, 0.8], "texture": "#line"}
			}
		}
	]
}