{
	"credit": "Made with Blockbench",
	"ambientocclusion": false,
	"textures": {
		"line": "block/redstone_dust_line0"
	},
	"elements": [
		{
			"from": [8.1, 0, 8.1],
			"to": [8.9, 0.8, 8.9],
			"faces": {
				"north": {"uv": [0, 0, 0.8, 0.8], "texture": "#line"},
				"east": {"uv": [0, 0, 0.8, 0.8], "texture": "#line"},
				"south": {"uv": [0, 0, 0.8, 0.8], "texture": "#line"},
				"west": {"uv": [0, 0, 0.8, 0.8], "texture": "#line"},
				"up": {"uv": [0, 0, 0.8, 0.8], "texture": "#line"},
				"down": {"uv": [0, 0, 0.8, 0.8], "texture": "#line"}
			}
		},
		{
			"from": [7.1, 0, 9.1],
			"to": [7.9, 0.8, 9.9],
			"faces": {
				"north": {"uv": [0, 0, 0.8, 0.8], "texture": "#line"},
				"east": {"uv": [0, 0, 0.8, 0.8], "texture": "#line"},
				"south": {"uv": [0, 0, 0.8, 0.8], "texture": "#line"},
				"west": {"uv": [0, 0, 0.8, 0.8], "texture": "#line"},
				"up": {"uv": [0, 0, 0.8, 0.8], "texture": "#line"},
				"down": {"uv": [0, 0, 0.8, 0.8], "texture": "#line"}
			}
		},
		{
			"from": [7.1, 0, 10.1],
			"to": [7.9, 0.8, 10.9],
			"faces": {
				"north": {"uv": [0, 0, 0.8, 0.8], "texture": "#line"},
				"east": {"uv": [0, 0, 0.8, 0.8], "texture": "#line"},
				"south": {"uv": [0, 0, 0.8, 0.8], "texture": "#line"},
				"west": {"uv": [0, 0, 0.8, 0.8], "texture": "#line"},
				"up": {"uv": [0, 0, 0.8, 0.8], "texture": "#line"},
				"down": {"uv": [0, 0, 0.8, 0.8], "texture": "#line"}
			}
		},
		{
			"from": [8.1, 0, 10.1],
			"to": [8.9, 0.8, 10.9],
			"faces": {
				"north": {"uv": [0, 0, 0.8, 0.8], "texture": "#line"},
				"east": {"uv": [0, 0, 0.8, 0.8], "texture": "#line"},
				"south": {"uv": [0, 0, 0.8, 0.8], "texture": "#line"},
				"west": {"uv": [0, 0, 0.8, 0.8], "texture": "#line"},
				"up": {"uv": [0, 0, 0.8, 0.8], "texture": "#line"},
				"down": {"uv": [0, 0, 0.8, 0.8], "texture": "#line"}
			}
		},
		{
			"from": [6.1, 0, 11.1],
			"to": [6.9, 0.8, 11.9],
			"faces": {
				"north": {"uv": [0, 0, 0.8, 0.8], "texture": "#line"},
				"east": {"uv": [0, 0, 0.8, 0.8], "texture": "#line"},
				"south": {"uv": [0, 0, 0.8, 0.8], "texture": "#line"},
				"west": {"uv": [0, 0, 0.8, 0.8], "texture": "#line"},
				"up": {"uv": [0, 0, 0.8, 0.8], "texture": "#line"},
				"down": {"uv": [0, 0, 0.8, 0.8], "texture": "#line"}
			}
		},
		{
			"from": [7.1, 0, 12.1],
			"to": [7.9, 0.8, 12.9],
			"faces": {
				"north": {"uv": [0, 0, 0.8, 0.8], "texture": "#line"},
				"east": {"uv": [0, 0, 0.8, 0.8], "texture": "#line"},
				"south": {"uv": [0, 0, 0.8, 0.8], "texture": "#line"},
				"west": {"uv": [0, 0, 0.8, 0.8], "texture": "#line"},
				"up": {"uv": [0, 0, 0.8, 0.8], "texture": "#line"},
				"down": {"uv": [0, 0, 0.8, 0.8], "texture": "#line"}
			}
		},
		{
			"from": [8.1, 0, 12.1],
			"to": [8.9, 0.8, 12.9],
			"faces": {
				"north": {"uv": [0, 0, 0.8, 0.8], "texture": "#line"},
				"east": {"uv": [0, 0, 0.8, 0.8], "texture": "#line"},
				"south": {"uv": [0, 0, 0.8, 0.8], "texture": "#line"},
				"west": {"uv": [0, 0, 0.8, 0.8], "texture": "#line"},
				"up": {"uv": [0, 0, 0.8, 0.8], "texture": "#line"},
				"down": {"uv": [0, 0, 0.8, 0.8], "texture": "#line"}
			}
		},
		{
			"from": [8.1, 0, 13.1],
			"to": [8.9, 0.8, 13.9],
			"faces": {
				"north": {"uv": [0, 0, 0.8, 0.8], "texture": "#line"},
				"east": {"uv": [0, 0, 0.8, 0.8], "texture": "#line"},
				"south": {"uv": [0, 0, 0.8, 0.8], "texture": "#line"},
				"west": {"uv": [0, 0, 0.8, 0.8], "texture": "#line"},
				"up": {"uv": [0, 0, 0.8, 0.8], "texture": "#line"},
				"down": {"uv": [0, 0, 0.8, 0.8], "texture": "#line"}
			}
		},
		{
			"from": [8.1, 0, 14.1],
			"to": [8.9, 0.8, 14.9],
			"faces": {
				"north": {"uv": [0, 0, 0.8, 0.8], "texture": "#line"},
				"east": {"uv": [0, 0, 0.8, 0.8], "texture": "#line"},
				"south": {"uv": [0, 0, 0.8, 0.8], "texture": "#line"},
				"west": {"uv": [0, 0, 0.8, 0.8], "texture": "#line"},
				"up": {"uv": [0, 0, 0.8, 0.8], "texture": "#line"},
				"down": {"uv": [0, 0, 0.8, 0.8], "texture": "#line"}
			}
		},
		{
			"from": [7.1, 0, 15.1],
			"to": [7.9, 0.8, 15.9],
			"faces": {
				"north": {"uv": [0, 0, 0.8, 0.8], "texture": "#line"},
				"east": {"uv": [0, 0, 0.8, 0.8], "texture": "#line"},
				"south": {"uv": [0, 0, 0.8, 0.8], "texture": "#line"},
				"west": {"uv": [0, 0, 0.8, 0.8], "texture": "#line"},
				"up": {"uv": [0, 0, 0.8, 0.8], "texture": "#line"},
				"down": {"uv": [0, 0, 0.8, 0.8], "texture": "#line"}
			}
		},
		{
			"from": [7.4, 0.4, 15.4],
			"to": [8.6, 0.6, 15.6],
			"faces": {
				"north": {"uv": [6.53125, 7.0625, 6.5625, 7.09375], "texture": "#line"},
				"east": {"uv": [6.53125, 7.0625, 6.5625, 7.09375], "texture": "#line"},
				"south": {"uv": [6.53125, 7.0625, 6.5625, 7.09375], "texture": "#line"},
				"west": {"uv": [6.53125, 7.0625, 6.5625, 7.09375], "texture": "#line"},
				"up": {"uv": [6.53125, 7.0625, 6.5625, 7.09375], "texture": "#line"},
				"down": {"uv": [6.53125, 7.0625, 6.5625, 7.09375], "texture": "#line"}
			}
		},
		{
			"from": [6.4, 0.4, 12.4],
			"to": [8.6, 0.6, 12.6],
			"faces": {
				"north": {"uv": [6.53125, 7.0625, 6.5625, 7.09375], "texture": "#line"},
				"east": {"uv": [6.53125, 7.0625, 6.5625, 7.09375], "texture": "#line"},
				"south": {"uv": [6.53125, 7.0625, 6.5625, 7.09375], "texture": "#line"},
				"west": {"uv": [6.53125, 7.0625, 6.5625, 7.09375], "texture": "#line"},
				"up": {"uv": [6.53125, 7.0625, 6.5625, 7.09375], "texture": "#line"},
				"down": {"uv": [6.53125, 7.0625, 6.5625, 7.09375], "texture": "#line"}
			}
		},
		{
			"from": [6.4, 0.4, 10.4],
			"to": [8.6, 0.6, 10.6],
			"faces": {
				"north": {"uv": [6.53125, 7.0625, 6.5625, 7.09375], "texture": "#line"},
				"east": {"uv": [6.53125, 7.0625, 6.5625, 7.09375], "texture": "#line"},
				"south": {"uv": [6.53125, 7.0625, 6.5625, 7.09375], "texture": "#line"},
				"west": {"uv": [6.53125, 7.0625, 6.5625, 7.09375], "texture": "#line"},
				"up": {"uv": [6.53125, 7.0625, 6.5625, 7.09375], "texture": "#line"},
				"down": {"uv": [6.53125, 7.0625, 6.5625, 7.09375], "texture": "#line"}
			}
		},
		{
			"from": [7.4, 0.4, 9.4],
			"to": [8.6, 0.6, 9.6],
			"faces": {
				"north": {"uv": [6.53125, 7.0625, 6.5625, 7.09375], "texture": "#line"},
				"east": {"uv": [6.53125, 7.0625, 6.5625, 7.09375], "texture": "#line"},
				"south": {"uv": [6.53125, 7.0625, 6.5625, 7.09375], "texture": "#line"},
				"west": {"uv": [6.53125, 7.0625, 6.5625, 7.09375], "texture": "#line"},
				"up": {"uv": [6.53125, 7.0625, 6.5625, 7.09375], "texture": "#line"},
				"down": {"uv": [6.53125, 7.0625, 6.5625, 7.09375], "texture": "#line"}
			}
		},
		{
			"from": [7.4, 0.4, 8.4],
			"to": [8.6, 0.6, 8.6],
			"faces": {
				"north": {"uv": [6.53125, 7.0625, 6.5625, 7.09375], "texture": "#line"},
				"east": {"uv": [6.53125, 7.0625, 6.5625, 7.09375], "texture": "#line"},
				"south": {"uv": [6.53125, 7.0625, 6.5625, 7.09375], "texture": "#line"},
				"west": {"uv": [6.53125, 7.0625, 6.5625, 7.09375], "texture": "#line"},
				"up": {"uv": [6.53125, 7.0625, 6.5625, 7.09375], "texture": "#line"},
				"down": {"uv": [6.53125, 7.0625, 6.5625, 7.09375], "texture": "#line"}
			}
		},
		{
			"from": [8.4, 0.4, 12.4],
			"to": [8.6, 0.6, 15.6],
			"faces": {
				"north": {"uv": [6.53125, 7.0625, 6.5625, 7.09375], "texture": "#line"},
				"east": {"uv": [6.53125, 7.0625, 6.5625, 7.09375], "texture": "#line"},
				"south": {"uv": [6.53125, 7.0625, 6.5625, 7.09375], "texture": "#line"},
				"west": {"uv": [6.53125, 7.0625, 6.5625, 7.09375], "texture": "#line"},
				"up": {"uv": [6.53125, 7.0625, 6.5625, 7.09375], "texture": "#line"},
				"down": {"uv": [6.53125, 7.0625, 6.5625, 7.09375], "texture": "#line"}
			}
		},
		{
			"from": [8.4, 0.4, 9.4],
			"to": [8.6, 0.6, 10.6],
			"faces": {
				"north": {"uv": [6.53125, 7.0625, 6.5625, 7.09375], "texture": "#line"},
				"east": {"uv": [6.53125, 7.0625, 6.5625, 7.09375], "texture": "#line"},
				"south": {"uv": [6.53125, 7.0625, 6.5625, 7.09375], "texture": "#line"},
				"west": {"uv": [6.53125, 7.0625, 6.5625, 7.09375], "texture": "#line"},
				"up": {"uv": [6.53125, 7.0625, 6.5625, 7.09375], "texture": "#line"},
				"down": {"uv": [6.53125, 7.0625, 6.5625, 7.09375], "texture": "#line"}
			}
		},
		{
			"from": [7.4, 0.4, 8.4],
			"to": [7.6, 0.6, 9.6],
			"faces": {
				"north": {"uv": [6.53125, 7.0625, 6.5625, 7.09375], "texture": "#line"},
				"east": {"uv": [6.53125, 7.0625, 6.5625, 7.09375], "texture": "#line"},
				"south": {"uv": [6.53125, 7.0625, 6.5625, 7.09375], "texture": "#line"},
				"west": {"uv": [6.53125, 7.0625, 6.5625, 7.09375], "texture": "#line"},
				"up": {"uv": [6.53125, 7.0625, 6.5625, 7.09375], "texture": "#line"},
				"down": {"uv": [6.53125, 7.0625, 6.5625, 7.09375], "texture": "#line"}
			}
		},
		{
			"from": [6.4, 0.4, 10.4],
			"to": [6.6, 0.6, 12.6],
			"faces": {
				"north": {"uv": [6.53125, 7.0625, 6.5625, 7.09375], "texture": "#line"},
				"east": {"uv": [6.53125, 7.0625, 6.5625, 7.09375], "texture": "#line"},
				"south": {"uv": [6.53125, 7.0625, 6.5625, 7.09375], "texture": "#line"},
				"west": {"uv": [6.53125, 7.0625, 6.5625, 7.09375], "texture": "#line"},
				"up": {"uv": [6.53125, 7.0625, 6.5625, 7.09375], "texture": "#line"},
				"down": {"uv": [6.53125, 7.0625, 6.5625, 7.09375], "texture": "#line"}
			}
		}
	],
	"groups": [
		{
			"name": "redstone_dust_dot",
			"origin": [8, 8, 8],
			"children": [0, 1, 2, 3, 4, 5, 6, 7, 8, 9]
		}, 10, 11, 12, 13, 14, 15, 16, 17, 18]
}