{
	"credit": "Made with Blockbench",
	"parent": "block/block",
	"textures": {
		"fire": "block/soul_campfire_fire",
		"lit_log": "block/soul_campfire_log_lit"
	},
	"elements": [
		{
			"from": [1, 0, 0],
			"to": [5, 4, 16],
			"faces": {
				"north": {"uv": [0.15625, 5.625, 8.8125, 14.5], "rotation": 180, "texture": "#lit_log"},
				"east": {"uv": [0, 0, 16, 5.5625], "rotation": 180, "texture": "#lit_log"},
				"south": {"uv": [0.15625, 5.625, 8.8125, 14.5], "rotation": 180, "texture": "#lit_log"},
				"west": {"uv": [0, 0, 16, 5.5625], "rotation": 180, "texture": "#lit_log"},
				"up": {"uv": [0, 0, 16, 5.5625], "rotation": 180, "texture": "#lit_log"},
				"down": {"uv": [0, 0, 16, 5.5625], "rotation": 180, "texture": "#lit_log"}
			}
		},
		{
			"from": [0, 3, 11],
			"to": [16, 7, 15],
			"faces": {
				"north": {"uv": [0, 0, 16, 5.5625], "rotation": 180, "texture": "#lit_log"},
				"east": {"uv": [0.15625, 5.625, 8.8125, 14.5], "rotation": 180, "texture": "#lit_log"},
				"south": {"uv": [0, 0, 16, 5.5625], "rotation": 180, "texture": "#lit_log"},
				"west": {"uv": [0.15625, 5.625, 8.8125, 14.5], "rotation": 180, "texture": "#lit_log"},
				"up": {"uv": [0, 0, 16, 5.5625], "rotation": 180, "texture": "#lit_log"},
				"down": {"uv": [0, 0, 16, 5.5625], "rotation": 180, "texture": "#lit_log"}
			}
		},
		{
			"from": [11, 0, 0],
			"to": [15, 4, 16],
			"faces": {
				"north": {"uv": [0.15625, 5.625, 8.8125, 14.5], "rotation": 180, "texture": "#lit_log"},
				"east": {"uv": [0, 0, 16, 5.5625], "rotation": 180, "texture": "#lit_log"},
				"south": {"uv": [0.15625, 5.625, 8.8125, 14.5], "rotation": 180, "texture": "#lit_log"},
				"west": {"uv": [0, 0, 16, 5.5625], "rotation": 180, "texture": "#lit_log"},
				"up": {"uv": [0, 0, 16, 5.5625], "rotation": 180, "texture": "#lit_log"},
				"down": {"uv": [0, 0, 16, 5.5625], "rotation": 180, "texture": "#lit_log"}
			}
		},
		{
			"from": [0, 3, 1],
			"to": [16, 7, 5],
			"faces": {
				"north": {"uv": [0, 0, 16, 5.5625], "rotation": 180, "texture": "#lit_log"},
				"east": {"uv": [0.15625, 5.625, 8.8125, 14.5], "rotation": 180, "texture": "#lit_log"},
				"south": {"uv": [0, 0, 16, 5.5625], "rotation": 180, "texture": "#lit_log"},
				"west": {"uv": [0.15625, 5.625, 8.8125, 14.5], "rotation": 180, "texture": "#lit_log"},
				"up": {"uv": [0, 0, 16, 5.5625], "rotation": 180, "texture": "#lit_log"},
				"down": {"uv": [0, 0, 16, 5.5625], "rotation": 180, "texture": "#lit_log"}
			}
		},
		{
			"from": [5, 0, 0],
			"to": [11, 1, 16],
			"faces": {
				"north": {"uv": [0, 15, 6, 16], "texture": "#lit_log", "cullface": "north"},
				"east": {"uv": [0, 0, 0, 0], "texture": "#lit_log"},
				"south": {"uv": [10, 15, 16, 16], "texture": "#lit_log", "cullface": "south"},
				"west": {"uv": [0, 0, 0, 0], "texture": "#lit_log"},
				"up": {"uv": [9.5, 10.4375, 16, 12.3125], "rotation": 90, "texture": "#lit_log"},
				"down": {"uv": [9.5, 10.4375, 16, 12.3125], "rotation": 90, "texture": "#lit_log"}
			}
		},
		{
			"from": [-2.2, -1, 8],
			"to": [18.2, 26, 8],
			"shade": false,
			"rotation": {"angle": 22.5, "axis": "y", "origin": [8, 8, 8], "rescale": true},
			"faces": {
				"north": {"uv": [1.53125, 2.75, 13.0625, 13.3125], "texture": "#fire"},
				"east": {"uv": [0, 0, 16, 16], "texture": "#fire"},
				"south": {"uv": [1.53125, 2.75, 13.0625, 13.3125], "texture": "#fire"},
				"west": {"uv": [0, 0, 16, 16], "texture": "#fire"},
				"up": {"uv": [0, 0, 16, 16], "rotation": 90, "texture": "#fire"},
				"down": {"uv": [0, 0, 16, 16], "rotation": 270, "texture": "#fire"}
			}
		},
		{
			"from": [8, -1, -2.2],
			"to": [8, 26, 18.2],
			"shade": false,
			"rotation": {"angle": 22.5, "axis": "y", "origin": [8, 8, 8], "rescale": true},
			"faces": {
				"north": {"uv": [0, 0, 16, 16], "texture": "#fire"},
				"east": {"uv": [1.53125, 2.75, 13.0625, 13.3125], "texture": "#fire"},
				"south": {"uv": [0, 0, 16, 16], "texture": "#fire"},
				"west": {"uv": [1.53125, 2.75, 13.0625, 13.3125], "texture": "#fire"},
				"up": {"uv": [0, 0, 16, 16], "rotation": 180, "texture": "#fire"},
				"down": {"uv": [0, 0, 16, 16], "rotation": 180, "texture": "#fire"}
			}
		}
	],
	"display": {
		"thirdperson_righthand": {
			"scale": [0.2793, 0.43555, 0.43555]
		},
		"thirdperson_lefthand": {
			"scale": [0.2793, 0.43555, 0.43555]
		},
		"firstperson_righthand": {
			"rotation": [0, -22.5, 0],
			"translation": [-5.5, 6.25, 0],
			"scale": [0.10938, 0.17383, 0.28125]
		},
		"firstperson_lefthand": {
			"rotation": [0, -22.5, 0],
			"translation": [-5.5, 6.25, 0],
			"scale": [0.10938, 0.17383, 0.28125]
		},
		"ground": {
			"translation": [0, 3.5, 0],
			"scale": [0.62109, 0.64258, 0.58008]
		},
		"gui": {
			"translation": [0, -1.75, 0],
			"scale": [0.83789, 0.77344, 1]
		},
		"head": {
			"translation": [0, 10.5, 0]
		}
	},
	"groups": [
		{
			"name": "template_campfire",
			"origin": [8, 8, 8],
			"color": 0,
			"children": [0, 1, 2, 3, 4, 5, 6]
		}
	]
}