{
	"credit": "Made with Blockbench",
	"parent": "block/block",
	"textures": {
		"0": "block/soul_lantern",
		"particle": "block/soul_lantern"
	},
	"elements": [
		{
			"from": [5, 5, 5],
			"to": [11, 5.5, 11],
			"rotation": {"angle": 0, "axis": "y", "origin": [0, 5, 0]},
			"faces": {
				"north": {"uv": [6.4375, 2.78125, 16, 3.8125], "texture": "#0"},
				"east": {"uv": [6.4375, 2.78125, 16, 3.8125], "texture": "#0"},
				"south": {"uv": [6.4375, 2.78125, 16, 3.8125], "texture": "#0"},
				"west": {"uv": [6.4375, 2.78125, 16, 3.8125], "texture": "#0"},
				"up": {"uv": [7.46875, 7.375, 14.6875, 15.09375], "texture": "#0"},
				"down": {"uv": [6.25, 6.09375, 16, 16], "texture": "#0"}
			}
		},
		{
			"from": [5, 13, 5],
			"to": [11, 14, 11],
			"rotation": {"angle": 0, "axis": "y", "origin": [0, 7, 0]},
			"faces": {
				"north": {"uv": [6.28125, 6.46875, 16, 8.1875], "texture": "#0"},
				"east": {"uv": [6.28125, 6.46875, 16, 8.1875], "texture": "#0"},
				"south": {"uv": [6.28125, 6.46875, 16, 8.1875], "texture": "#0"},
				"west": {"uv": [6.28125, 6.46875, 16, 8.1875], "texture": "#0"},
				"up": {"uv": [6.25, 6.625, 16, 16], "texture": "#0"},
				"down": {"uv": [7.40625, 7.34375, 14.8125, 14.90625], "texture": "#0"}
			}
		},
		{
			"from": [10.69, 3.2, 4.65],
			"to": [10.99, 7.7, 4.95],
			"rotation": {"angle": -22.5, "axis": "x", "origin": [0, 5, 0]},
			"faces": {
				"north": {"uv": [11.65625, 8.78125, 12.40625, 14.5625], "texture": "#0"},
				"east": {"uv": [11.65625, 8.78125, 12.40625, 14.5625], "texture": "#0"},
				"south": {"uv": [11.65625, 8.78125, 12.40625, 14.5625], "texture": "#0"},
				"west": {"uv": [11.65625, 8.78125, 12.40625, 14.5625], "texture": "#0"},
				"up": {"uv": [11.65625, 8.78125, 12.40625, 14.5625], "texture": "#0"},
				"down": {"uv": [11.65625, 8.78125, 12.40625, 14.5625], "texture": "#0"}
			}
		},
		{
			"from": [10.68, 10.2, 1.38],
			"to": [10.98, 14.7, 1.68],
			"rotation": {"angle": 22.5, "axis": "x", "origin": [0, 5, 0]},
			"faces": {
				"north": {"uv": [11.65625, 8.78125, 12.40625, 14.5625], "texture": "#0"},
				"east": {"uv": [11.65625, 8.78125, 12.40625, 14.5625], "texture": "#0"},
				"south": {"uv": [11.65625, 8.78125, 12.40625, 14.5625], "texture": "#0"},
				"west": {"uv": [11.65625, 8.78125, 12.40625, 14.5625], "texture": "#0"},
				"up": {"uv": [11.65625, 8.78125, 12.40625, 14.5625], "texture": "#0"},
				"down": {"uv": [11.65625, 8.78125, 12.40625, 14.5625], "texture": "#0"}
			}
		},
		{
			"from": [5.01, 10.2, 1.38],
			"to": [5.31, 14.7, 1.68],
			"rotation": {"angle": 22.5, "axis": "x", "origin": [0, 5, 0]},
			"faces": {
				"north": {"uv": [11.65625, 8.78125, 12.40625, 14.5625], "texture": "#0"},
				"east": {"uv": [11.65625, 8.78125, 12.40625, 14.5625], "texture": "#0"},
				"south": {"uv": [11.65625, 8.78125, 12.40625, 14.5625], "texture": "#0"},
				"west": {"uv": [11.65625, 8.78125, 12.40625, 14.5625], "texture": "#0"},
				"up": {"uv": [11.65625, 8.78125, 12.40625, 14.5625], "texture": "#0"},
				"down": {"uv": [11.65625, 8.78125, 12.40625, 14.5625], "texture": "#0"}
			}
		},
		{
			"from": [10.68, 4.2, 12.98],
			"to": [10.98, 8.7, 13.28],
			"rotation": {"angle": -22.5, "axis": "x", "origin": [0, 5, 0]},
			"faces": {
				"north": {"uv": [11.65625, 8.78125, 12.40625, 14.5625], "texture": "#0"},
				"east": {"uv": [11.65625, 8.78125, 12.40625, 14.5625], "texture": "#0"},
				"south": {"uv": [11.65625, 8.78125, 12.40625, 14.5625], "texture": "#0"},
				"west": {"uv": [11.65625, 8.78125, 12.40625, 14.5625], "texture": "#0"},
				"up": {"uv": [11.65625, 8.78125, 12.40625, 14.5625], "texture": "#0"},
				"down": {"uv": [11.65625, 8.78125, 12.40625, 14.5625], "texture": "#0"}
			}
		},
		{
			"from": [5.01, 4.2, 12.98],
			"to": [5.31, 8.7, 13.28],
			"rotation": {"angle": -22.5, "axis": "x", "origin": [0, 5, 0]},
			"faces": {
				"north": {"uv": [11.65625, 8.78125, 12.40625, 14.5625], "texture": "#0"},
				"east": {"uv": [11.65625, 8.78125, 12.40625, 14.5625], "texture": "#0"},
				"south": {"uv": [11.65625, 8.78125, 12.40625, 14.5625], "texture": "#0"},
				"west": {"uv": [11.65625, 8.78125, 12.40625, 14.5625], "texture": "#0"},
				"up": {"uv": [11.65625, 8.78125, 12.40625, 14.5625], "texture": "#0"},
				"down": {"uv": [11.65625, 8.78125, 12.40625, 14.5625], "texture": "#0"}
			}
		},
		{
			"from": [5.01, 3.2, 4.65],
			"to": [5.31, 7.7, 4.95],
			"rotation": {"angle": -22.5, "axis": "x", "origin": [0, 5, 0]},
			"faces": {
				"north": {"uv": [11.65625, 8.78125, 12.40625, 14.5625], "texture": "#0"},
				"east": {"uv": [11.65625, 8.78125, 12.40625, 14.5625], "texture": "#0"},
				"south": {"uv": [11.65625, 8.78125, 12.40625, 14.5625], "texture": "#0"},
				"west": {"uv": [11.65625, 8.78125, 12.40625, 14.5625], "texture": "#0"},
				"up": {"uv": [11.65625, 8.78125, 12.40625, 14.5625], "texture": "#0"},
				"down": {"uv": [11.65625, 8.78125, 12.40625, 14.5625], "texture": "#0"}
			}
		},
		{
			"from": [5.01, 9.2, 9.65],
			"to": [5.31, 13.82, 9.95],
			"rotation": {"angle": 22.5, "axis": "x", "origin": [0, 5, 0]},
			"faces": {
				"north": {"uv": [11.65625, 8.78125, 12.40625, 14.5625], "texture": "#0"},
				"east": {"uv": [11.65625, 8.78125, 12.40625, 14.5625], "texture": "#0"},
				"south": {"uv": [11.65625, 8.78125, 12.40625, 14.5625], "texture": "#0"},
				"west": {"uv": [11.65625, 8.78125, 12.40625, 14.5625], "texture": "#0"},
				"up": {"uv": [11.65625, 8.78125, 12.40625, 14.5625], "texture": "#0"},
				"down": {"uv": [11.65625, 8.78125, 12.40625, 14.5625], "texture": "#0"}
			}
		},
		{
			"from": [10.69, 9.2, 9.65],
			"to": [10.99, 13.82, 9.95],
			"rotation": {"angle": 22.5, "axis": "x", "origin": [0, 5, 0]},
			"faces": {
				"north": {"uv": [11.65625, 8.78125, 12.40625, 14.5625], "texture": "#0"},
				"east": {"uv": [11.65625, 8.78125, 12.40625, 14.5625], "texture": "#0"},
				"south": {"uv": [11.65625, 8.78125, 12.40625, 14.5625], "texture": "#0"},
				"west": {"uv": [11.65625, 8.78125, 12.40625, 14.5625], "texture": "#0"},
				"up": {"uv": [11.65625, 8.78125, 12.40625, 14.5625], "texture": "#0"},
				"down": {"uv": [11.65625, 8.78125, 12.40625, 14.5625], "texture": "#0"}
			}
		},
		{
			"from": [6, 14, 6],
			"to": [10, 15, 10],
			"rotation": {"angle": 0, "axis": "y", "origin": [0, 7, 0]},
			"faces": {
				"north": {"uv": [6.25, 6.09375, 16, 6.75], "texture": "#0"},
				"east": {"uv": [6.25, 6.09375, 16, 6.75], "texture": "#0"},
				"south": {"uv": [6.25, 6.09375, 16, 6.75], "texture": "#0"},
				"west": {"uv": [6.25, 6.09375, 16, 6.75], "texture": "#0"},
				"up": {"uv": [6.25, 6.09375, 16, 16], "texture": "#0"},
				"down": {"uv": [6.25, 6.09375, 16, 16], "texture": "#0"}
			}
		},
		{
			"from": [6.75, 5.5, 6.75],
			"to": [9.25, 11, 9.25],
			"rotation": {"angle": 0, "axis": "y", "origin": [-0.25, 10.75, -0.25]},
			"faces": {
				"north": {"uv": [0.375, 1.84375, 5.8125, 13.5625], "texture": "#0"},
				"east": {"uv": [0.375, 1.84375, 5.8125, 13.5625], "texture": "#0"},
				"south": {"uv": [0.375, 1.84375, 5.8125, 13.5625], "texture": "#0"},
				"west": {"uv": [0.375, 1.84375, 5.8125, 13.5625], "texture": "#0"},
				"up": {"uv": [1.40625, 1.78125, 4.84375, 5.46875], "texture": "#0"},
				"down": {"uv": [1.40625, 1.78125, 4.84375, 5.46875], "texture": "#0"}
			}
		},
		{
			"from": [9, 15, 8],
			"to": [9.2, 16, 8.2],
			"rotation": {"angle": 0, "axis": "y", "origin": [0, 7, 0]},
			"faces": {
				"north": {"uv": [8.96875, 1.84375, 12.96875, 5.84375], "texture": "#0"},
				"east": {"uv": [8.96875, 1.84375, 12.96875, 5.84375], "texture": "#0"},
				"south": {"uv": [8.96875, 1.84375, 12.96875, 5.84375], "texture": "#0"},
				"west": {"uv": [8.96875, 1.84375, 12.96875, 5.84375], "texture": "#0"},
				"up": {"uv": [8.96875, 1.84375, 12.96875, 5.84375], "texture": "#0"},
				"down": {"uv": [8.96875, 1.84375, 12.96875, 5.84375], "texture": "#0"}
			}
		},
		{
			"from": [7, 15, 8],
			"to": [7.2, 16, 8.2],
			"rotation": {"angle": 0, "axis": "y", "origin": [0, 7, 0]},
			"faces": {
				"north": {"uv": [8.96875, 1.84375, 12.96875, 5.84375], "texture": "#0"},
				"east": {"uv": [8.96875, 1.84375, 12.96875, 5.84375], "texture": "#0"},
				"south": {"uv": [8.96875, 1.84375, 12.96875, 5.84375], "texture": "#0"},
				"west": {"uv": [8.96875, 1.84375, 12.96875, 5.84375], "texture": "#0"},
				"up": {"uv": [8.96875, 1.84375, 12.96875, 5.84375], "texture": "#0"},
				"down": {"uv": [8.96875, 1.84375, 12.96875, 5.84375], "texture": "#0"}
			}
		},
		{
			"from": [7, 15.8, 8],
			"to": [9.2, 16, 8.2],
			"rotation": {"angle": 0, "axis": "y", "origin": [0, 7, 0]},
			"faces": {
				"north": {"uv": [8.96875, 1.84375, 12.96875, 5.84375], "texture": "#0"},
				"east": {"uv": [8.96875, 1.84375, 12.96875, 5.84375], "texture": "#0"},
				"south": {"uv": [8.96875, 1.84375, 12.96875, 5.84375], "texture": "#0"},
				"west": {"uv": [8.96875, 1.84375, 12.96875, 5.84375], "texture": "#0"},
				"up": {"uv": [8.96875, 1.84375, 12.96875, 5.84375], "texture": "#0"},
				"down": {"uv": [8.96875, 1.84375, 12.96875, 5.84375], "texture": "#0"}
			}
		},
		{
			"from": [8, 15.8, 7],
			"to": [8.2, 16, 9.2],
			"rotation": {"angle": 0, "axis": "y", "origin": [0, 7, 0]},
			"faces": {
				"north": {"uv": [8.96875, 1.84375, 12.96875, 5.84375], "texture": "#0"},
				"east": {"uv": [8.96875, 1.84375, 12.96875, 5.84375], "texture": "#0"},
				"south": {"uv": [8.96875, 1.84375, 12.96875, 5.84375], "texture": "#0"},
				"west": {"uv": [8.96875, 1.84375, 12.96875, 5.84375], "texture": "#0"},
				"up": {"uv": [8.96875, 1.84375, 12.96875, 5.84375], "texture": "#0"},
				"down": {"uv": [8.96875, 1.84375, 12.96875, 5.84375], "texture": "#0"}
			}
		},
		{
			"from": [8, 15, 9],
			"to": [8.2, 16, 9.2],
			"rotation": {"angle": 0, "axis": "y", "origin": [0, 7, 0]},
			"faces": {
				"north": {"uv": [8.96875, 1.84375, 12.96875, 5.84375], "texture": "#0"},
				"east": {"uv": [8.96875, 1.84375, 12.96875, 5.84375], "texture": "#0"},
				"south": {"uv": [8.96875, 1.84375, 12.96875, 5.84375], "texture": "#0"},
				"west": {"uv": [8.96875, 1.84375, 12.96875, 5.84375], "texture": "#0"},
				"up": {"uv": [8.96875, 1.84375, 12.96875, 5.84375], "texture": "#0"},
				"down": {"uv": [8.96875, 1.84375, 12.96875, 5.84375], "texture": "#0"}
			}
		},
		{
			"from": [8, 15, 7],
			"to": [8.2, 16, 7.2],
			"rotation": {"angle": 0, "axis": "y", "origin": [0, 7, 0]},
			"faces": {
				"north": {"uv": [8.96875, 1.84375, 12.96875, 5.84375], "texture": "#0"},
				"east": {"uv": [8.96875, 1.84375, 12.96875, 5.84375], "texture": "#0"},
				"south": {"uv": [8.96875, 1.84375, 12.96875, 5.84375], "texture": "#0"},
				"west": {"uv": [8.96875, 1.84375, 12.96875, 5.84375], "texture": "#0"},
				"up": {"uv": [8.96875, 1.84375, 12.96875, 5.84375], "texture": "#0"},
				"down": {"uv": [8.96875, 1.84375, 12.96875, 5.84375], "texture": "#0"}
			}
		}
	]
}