{
	"credit": "Made with Blockbench",
	"parent": "block/block",
	"textures": {
		"particle": "block/spore_blossom",
		"flower": "block/spore_blossom",
		"base": "block/spore_blossom_base"
	},
	"elements": [
		{
			"from": [1, 15.75, 0.75],
			"to": [15, 15.75, 14.75],
			"shade": false,
			"faces": {
				"up": {"uv": [0, 0, 16, 16], "texture": "#base"},
				"down": {"uv": [0, 0, 16, 16], "texture": "#base"}
			}
		},
		{
			"from": [8, 15.7, 0],
			"to": [24, 15.7, 16],
			"shade": false,
			"rotation": {"angle": -22.5, "axis": "z", "origin": [8, 16, 0]},
			"faces": {
				"up": {"uv": [0, 0, 16, 16], "rotation": 90, "texture": "#flower"},
				"down": {"uv": [0, 16, 16, 0], "rotation": 270, "texture": "#flower"}
			}
		},
		{
			"from": [-8, 15.7, 0],
			"to": [8, 15.7, 16],
			"shade": false,
			"rotation": {"angle": 22.5, "axis": "z", "origin": [8, 16, 0]},
			"faces": {
				"up": {"uv": [0, 0, 16, 16], "rotation": 270, "texture": "#flower"},
				"down": {"uv": [0, 16, 16, 0], "rotation": 90, "texture": "#flower"}
			}
		},
		{
			"from": [0, 15.7, 8],
			"to": [16, 15.7, 24],
			"shade": false,
			"rotation": {"angle": 22.5, "axis": "x", "origin": [0, 16, 8]},
			"faces": {
				"up": {"uv": [16, 16, 0, 0], "texture": "#flower"},
				"down": {"uv": [16, 0, 0, 16], "texture": "#flower"}
			}
		},
		{
			"from": [0, 15.7, -8],
			"to": [16, 15.7, 8],
			"shade": false,
			"rotation": {"angle": -22.5, "axis": "x", "origin": [0, 16, 8]},
			"faces": {
				"up": {"uv": [0, 0, 16, 16], "texture": "#flower"},
				"down": {"uv": [0, 16, 16, 0], "texture": "#flower"}
			}
		}
	]
}