{
	"credit": "Made with Blockbench",
	"textures": {
		"0": "block/spruce_trapdoor",
		"particle": "block/spruce_trapdoor"
	},
	"elements": [
		{
			"from": [0, 0, 0],
			"to": [16, 1, 16],
			"faces": {
				"north": {"uv": [0, 0, 16, 0.34375], "texture": "#0"},
				"east": {"uv": [0, 0, 16, 0.34375], "texture": "#0"},
				"south": {"uv": [0, 0, 16, 0.34375], "texture": "#0"},
				"west": {"uv": [0, 0, 16, 0.34375], "texture": "#0"},
				"up": {"uv": [0, 0, 16, 16], "texture": "#0"},
				"down": {"uv": [0, 0, 16, 16], "texture": "#0"}
			}
		}
	],
	"display": {
		"thirdperson_righthand": {
			"translation": [0, 6.75, 0],
			"scale": [0.28125, 1, 0.2793]
		},
		"thirdperson_lefthand": {
			"translation": [0, 6.75, 0],
			"scale": [0.28125, 1, 0.2793]
		},
		"firstperson_righthand": {
			"translation": [0, 6.75, 0],
			"scale": [0.28125, 1, 0.2793]
		},
		"firstperson_lefthand": {
			"translation": [0, 6.75, 0],
			"scale": [0.28125, 1, 0.2793]
		},
		"ground": {
			"translation": [0, 4.5, 0],
			"scale": [0.37305, 1.13086, 0.35938]
		},
		"gui": {
			"rotation": [52, -18.25, -22.5],
			"translation": [3.5, 3, 0],
			"scale": [0.90234, 1, 0.96484]
		},
		"fixed": {
			"rotation": [90.75, 0, 0],
			"translation": [0, 0, 6.25]
		}
	}
}