{
	"credit": "Made with Blockbench",
	"textures": {
		"0": "block/spruce_trapdoor",
		"particle": "block/spruce_trapdoor"
	},
	"elements": [
		{
			"from": [0, 0, 15],
			"to": [16, 16, 16],
			"faces": {
				"north": {"uv": [0, 0, 16, 16], "rotation": 180, "texture": "#0"},
				"east": {"uv": [0, 0, 16, 0.34375], "rotation": 90, "texture": "#0"},
				"south": {"uv": [0, 0, 16, 16], "texture": "#0"},
				"west": {"uv": [0, 0, 16, 0.34375], "rotation": 270, "texture": "#0"},
				"up": {"uv": [0, 0, 16, 0.34375], "texture": "#0"},
				"down": {"uv": [0, 0, 16, 0.34375], "rotation": 180, "texture": "#0"}
			}
		}
	]
}