{
	"credit": "Made with Blockbench",
	"textures": {
		"0": "block/URBAN_Extra/spruce_tree",
		"1": "block/URBAN_Extra/spruce_base",
		"particle": "block/URBAN_Extra/spruce_tree"
	},
	"elements": [
		{
			"from": [7.75, 0, 7.75],
			"to": [8.25, 14, 8.25],
			"rotation": {"angle": 0, "axis": "y", "origin": [7.75, 1, 7.75]},
			"faces": {
				"north": {"uv": [0, 0, 2.59375, 16], "texture": "#1"},
				"east": {"uv": [0, 0, 2.59375, 16], "texture": "#1"},
				"south": {"uv": [0, 0, 2.59375, 16], "texture": "#1"},
				"west": {"uv": [0, 0, 2.59375, 16], "texture": "#1"},
				"up": {"uv": [5.84375, 1.96875, 6.34375, 2.46875], "texture": "#1"},
				"down": {"uv": [5.84375, 1.96875, 6.34375, 2.46875], "texture": "#1"}
			}
		},
		{
			"from": [7.4, 14, 8],
			"to": [8.6, 15.2, 8],
			"rotation": {"angle": 0, "axis": "y", "origin": [7.5, 0, 7.5]},
			"faces": {
				"north": {"uv": [5.26563, 1, 10.80938, 5.575], "texture": "#0"},
				"east": {"uv": [0, 0, 0, 1.2], "texture": "#0"},
				"south": {"uv": [5.26563, 1, 10.80938, 5.575], "texture": "#0"},
				"west": {"uv": [0, 0, 0, 1.2], "texture": "#0"},
				"up": {"uv": [0, 0, 1.2, 0], "texture": "#0"},
				"down": {"uv": [0, 0, 1.2, 0], "texture": "#0"}
			}
		},
		{
			"from": [8, 14, 7.4],
			"to": [8, 15.2, 8.6],
			"rotation": {"angle": 0, "axis": "y", "origin": [7.5, 0, 7.5]},
			"faces": {
				"north": {"uv": [0, 0, 0, 1.2], "texture": "#0"},
				"east": {"uv": [5.26563, 1, 10.80938, 5.575], "texture": "#0"},
				"south": {"uv": [0, 0, 0, 1.2], "texture": "#0"},
				"west": {"uv": [5.26563, 1, 10.80938, 5.575], "texture": "#0"},
				"up": {"uv": [0, 0, 1.2, 0], "rotation": 90, "texture": "#0"},
				"down": {"uv": [0, 0, 1.2, 0], "rotation": 270, "texture": "#0"}
			}
		},
		{
			"from": [0.5, 3, 0.5],
			"to": [15.5, 3, 15.5],
			"rotation": {"angle": 0, "axis": "y", "origin": [7.5, 0, 7.5]},
			"faces": {
				"north": {"uv": [0, 0, 15, 0], "texture": "#0"},
				"east": {"uv": [0, 0, 15, 0], "texture": "#0"},
				"south": {"uv": [0, 0, 15, 0], "texture": "#0"},
				"west": {"uv": [0, 0, 15, 0], "texture": "#0"},
				"up": {"uv": [0, 0, 16, 16], "texture": "#0"},
				"down": {"uv": [0, 0, 16, 16], "texture": "#0"}
			}
		},
		{
			"from": [1, 5, 1],
			"to": [15, 5, 15],
			"rotation": {"angle": 0, "axis": "y", "origin": [7.5, 0, 7.5]},
			"faces": {
				"north": {"uv": [0, 0, 15, 0], "texture": "#0"},
				"east": {"uv": [0, 0, 15, 0], "texture": "#0"},
				"south": {"uv": [0, 0, 15, 0], "texture": "#0"},
				"west": {"uv": [0, 0, 15, 0], "texture": "#0"},
				"up": {"uv": [0, 0, 16, 16], "texture": "#0"},
				"down": {"uv": [0, 0, 16, 16], "texture": "#0"}
			}
		},
		{
			"from": [2, 7, 2],
			"to": [14, 7, 14],
			"rotation": {"angle": 0, "axis": "y", "origin": [7.5, 0, 7.5]},
			"faces": {
				"north": {"uv": [0, 0, 15, 0], "texture": "#0"},
				"east": {"uv": [0, 0, 15, 0], "texture": "#0"},
				"south": {"uv": [0, 0, 15, 0], "texture": "#0"},
				"west": {"uv": [0, 0, 15, 0], "texture": "#0"},
				"up": {"uv": [0, 0, 16, 16], "texture": "#0"},
				"down": {"uv": [0, 0, 16, 16], "texture": "#0"}
			}
		},
		{
			"from": [3, 9, 3],
			"to": [13, 9, 13],
			"rotation": {"angle": 0, "axis": "y", "origin": [7.5, 0, 7.5]},
			"faces": {
				"north": {"uv": [0, 0, 15, 0], "texture": "#0"},
				"east": {"uv": [0, 0, 15, 0], "texture": "#0"},
				"south": {"uv": [0, 0, 15, 0], "texture": "#0"},
				"west": {"uv": [0, 0, 15, 0], "texture": "#0"},
				"up": {"uv": [0, 0, 16, 16], "texture": "#0"},
				"down": {"uv": [0, 0, 16, 16], "texture": "#0"}
			}
		},
		{
			"from": [4, 11, 4],
			"to": [12, 11, 12],
			"rotation": {"angle": 0, "axis": "y", "origin": [7.5, 0, 7.5]},
			"faces": {
				"north": {"uv": [0, 0, 15, 0], "texture": "#0"},
				"east": {"uv": [0, 0, 15, 0], "texture": "#0"},
				"south": {"uv": [0, 0, 15, 0], "texture": "#0"},
				"west": {"uv": [0, 0, 15, 0], "texture": "#0"},
				"up": {"uv": [0, 0, 16, 16], "texture": "#0"},
				"down": {"uv": [0, 0, 16, 16], "texture": "#0"}
			}
		},
		{
			"from": [5, 13, 5],
			"to": [11, 13, 11],
			"rotation": {"angle": 0, "axis": "y", "origin": [7.5, 0, 7.5]},
			"faces": {
				"north": {"uv": [0, 0, 15, 0], "texture": "#0"},
				"east": {"uv": [0, 0, 15, 0], "texture": "#0"},
				"south": {"uv": [0, 0, 15, 0], "texture": "#0"},
				"west": {"uv": [0, 0, 15, 0], "texture": "#0"},
				"up": {"uv": [0, 0, 16, 16], "texture": "#0"},
				"down": {"uv": [0, 0, 16, 16], "texture": "#0"}
			}
		},
		{
			"from": [6, 14, 6],
			"to": [10, 14, 10],
			"rotation": {"angle": 0, "axis": "y", "origin": [7.5, 0, 7.5]},
			"faces": {
				"north": {"uv": [0, 0, 15, 0], "texture": "#0"},
				"east": {"uv": [0, 0, 15, 0], "texture": "#0"},
				"south": {"uv": [0, 0, 15, 0], "texture": "#0"},
				"west": {"uv": [0, 0, 15, 0], "texture": "#0"},
				"up": {"uv": [0, 0, 16, 16], "texture": "#0"},
				"down": {"uv": [0, 0, 16, 16], "texture": "#0"}
			}
		},
		{
			"from": [0.5, 3, 0.5],
			"to": [15.5, 3, 15.5],
			"rotation": {"angle": -45, "axis": "y", "origin": [7.5, 0, 7.5]},
			"faces": {
				"north": {"uv": [0, 0, 15, 0], "texture": "#0"},
				"east": {"uv": [0, 0, 15, 0], "texture": "#0"},
				"south": {"uv": [0, 0, 15, 0], "texture": "#0"},
				"west": {"uv": [0, 0, 15, 0], "texture": "#0"},
				"up": {"uv": [0, 0, 16, 16], "texture": "#0"},
				"down": {"uv": [0, 0, 16, 16], "texture": "#0"}
			}
		},
		{
			"from": [1, 5, 1],
			"to": [15, 5, 15],
			"rotation": {"angle": -45, "axis": "y", "origin": [7.5, 0, 7.5]},
			"faces": {
				"north": {"uv": [0, 0, 15, 0], "texture": "#0"},
				"east": {"uv": [0, 0, 15, 0], "texture": "#0"},
				"south": {"uv": [0, 0, 15, 0], "texture": "#0"},
				"west": {"uv": [0, 0, 15, 0], "texture": "#0"},
				"up": {"uv": [0, 0, 16, 16], "texture": "#0"},
				"down": {"uv": [0, 0, 16, 16], "texture": "#0"}
			}
		},
		{
			"from": [2, 7, 2],
			"to": [14, 7, 14],
			"rotation": {"angle": -45, "axis": "y", "origin": [7.5, 0, 7.5]},
			"faces": {
				"north": {"uv": [0, 0, 15, 0], "texture": "#0"},
				"east": {"uv": [0, 0, 15, 0], "texture": "#0"},
				"south": {"uv": [0, 0, 15, 0], "texture": "#0"},
				"west": {"uv": [0, 0, 15, 0], "texture": "#0"},
				"up": {"uv": [0, 0, 16, 16], "texture": "#0"},
				"down": {"uv": [0, 0, 16, 16], "texture": "#0"}
			}
		},
		{
			"from": [3, 9, 3],
			"to": [13, 9, 13],
			"rotation": {"angle": -45, "axis": "y", "origin": [7.5, 0, 7.5]},
			"faces": {
				"north": {"uv": [0, 0, 15, 0], "texture": "#0"},
				"east": {"uv": [0, 0, 15, 0], "texture": "#0"},
				"south": {"uv": [0, 0, 15, 0], "texture": "#0"},
				"west": {"uv": [0, 0, 15, 0], "texture": "#0"},
				"up": {"uv": [0, 0, 16, 16], "texture": "#0"},
				"down": {"uv": [0, 0, 16, 16], "texture": "#0"}
			}
		},
		{
			"from": [4, 11, 4],
			"to": [12, 11, 12],
			"rotation": {"angle": -45, "axis": "y", "origin": [7.5, 0, 7.5]},
			"faces": {
				"north": {"uv": [0, 0, 15, 0], "texture": "#0"},
				"east": {"uv": [0, 0, 15, 0], "texture": "#0"},
				"south": {"uv": [0, 0, 15, 0], "texture": "#0"},
				"west": {"uv": [0, 0, 15, 0], "texture": "#0"},
				"up": {"uv": [0, 0, 16, 16], "texture": "#0"},
				"down": {"uv": [0, 0, 16, 16], "texture": "#0"}
			}
		},
		{
			"from": [5, 13, 5],
			"to": [11, 13, 11],
			"rotation": {"angle": -45, "axis": "y", "origin": [7.5, 0, 7.5]},
			"faces": {
				"north": {"uv": [0, 0, 15, 0], "texture": "#0"},
				"east": {"uv": [0, 0, 15, 0], "texture": "#0"},
				"south": {"uv": [0, 0, 15, 0], "texture": "#0"},
				"west": {"uv": [0, 0, 15, 0], "texture": "#0"},
				"up": {"uv": [0, 0, 16, 16], "texture": "#0"},
				"down": {"uv": [0, 0, 16, 16], "texture": "#0"}
			}
		},
		{
			"from": [6, 14, 6],
			"to": [10, 14, 10],
			"rotation": {"angle": -45, "axis": "y", "origin": [7.5, 0, 7.5]},
			"faces": {
				"north": {"uv": [0, 0, 15, 0], "texture": "#0"},
				"east": {"uv": [0, 0, 15, 0], "texture": "#0"},
				"south": {"uv": [0, 0, 15, 0], "texture": "#0"},
				"west": {"uv": [0, 0, 15, 0], "texture": "#0"},
				"up": {"uv": [0, 0, 16, 16], "texture": "#0"},
				"down": {"uv": [0, 0, 16, 16], "texture": "#0"}
			}
		}
	]
}