{
	"credit": "Made with Blockbench",
	"textures": {
		"0": "block/TNT/tnt_bottom",
		"1": "block/TNT/tnt_side",
		"2": "block/TNT/tnt_top"
	},
	"elements": [
		{
			"from": [0, 15, 0],
			"to": [16, 16, 1],
			"faces": {
				"north": {"uv": [0, 0, 16, 1], "texture": "#0"},
				"east": {"uv": [0, 0, 1, 1], "texture": "#0"},
				"south": {"uv": [0, 0, 16, 1], "texture": "#0"},
				"west": {"uv": [0, 0, 1, 1], "texture": "#0"},
				"up": {"uv": [0, 0, 16, 1], "texture": "#0"},
				"down": {"uv": [0, 0, 16, 1], "texture": "#0"}
			}
		},
		{
			"from": [0, 15, 15],
			"to": [16, 16, 16],
			"faces": {
				"north": {"uv": [0, 0, 16, 1], "texture": "#0"},
				"east": {"uv": [0, 0, 1, 1], "texture": "#0"},
				"south": {"uv": [0, 0, 16, 1], "texture": "#0"},
				"west": {"uv": [0, 0, 1, 1], "texture": "#0"},
				"up": {"uv": [0, 0, 16, 1], "texture": "#0"},
				"down": {"uv": [0, 0, 16, 1], "texture": "#0"}
			}
		},
		{
			"from": [15, 15, 1],
			"to": [16, 16, 15],
			"faces": {
				"north": {"uv": [0, 0, 1, 1], "texture": "#0"},
				"east": {"uv": [0, 0, 14, 1], "texture": "#0"},
				"south": {"uv": [0, 0, 1, 1], "texture": "#0"},
				"west": {"uv": [0, 0, 14, 1], "texture": "#0"},
				"up": {"uv": [0, 0, 1, 14], "texture": "#0"},
				"down": {"uv": [0, 0, 1, 14], "texture": "#0"}
			}
		},
		{
			"from": [0, 15, 1],
			"to": [1, 16, 15],
			"faces": {
				"north": {"uv": [0, 0, 1, 1], "texture": "#0"},
				"east": {"uv": [0, 0, 14, 1], "texture": "#0"},
				"south": {"uv": [0, 0, 1, 1], "texture": "#0"},
				"west": {"uv": [0, 0, 14, 1], "texture": "#0"},
				"up": {"uv": [0, 0, 1, 14], "texture": "#0"},
				"down": {"uv": [0, 0, 1, 14], "texture": "#0"}
			}
		},
		{
			"from": [0, 0, 0],
			"to": [16, 1, 16],
			"faces": {
				"north": {"uv": [0, 0, 16, 1], "texture": "#0"},
				"east": {"uv": [0, 0, 16, 1], "texture": "#0"},
				"south": {"uv": [0, 0, 16, 1], "texture": "#0"},
				"west": {"uv": [0, 3.71875, 13.53125, 3.03125], "texture": "#0"},
				"up": {"uv": [0, 3.125, 12.9375, 16], "texture": "#0"},
				"down": {"uv": [0, 3.125, 12.9375, 16], "texture": "#0"}
			}
		},
		{
			"from": [15.6, 7, 1],
			"to": [16, 9, 15],
			"faces": {
				"north": {"uv": [0, 0, 0.4, 2], "texture": "#0"},
				"east": {"uv": [0.75, 0.28125, 16, 3.125], "texture": "#0"},
				"south": {"uv": [0, 0, 0.4, 2], "texture": "#0"},
				"west": {"uv": [0, 0, 14, 2], "texture": "#0"},
				"up": {"uv": [0, 0, 0.4, 14], "texture": "#0"},
				"down": {"uv": [0, 0, 0.4, 14], "texture": "#0"}
			}
		},
		{
			"from": [1, 7, 0],
			"to": [15, 9, 0.4],
			"faces": {
				"north": {"uv": [0.75, 0.28125, 16, 3.125], "texture": "#0"},
				"east": {"uv": [0, 0, 0.4, 2], "texture": "#0"},
				"south": {"uv": [0, 0, 14, 2], "texture": "#0"},
				"west": {"uv": [0, 0, 0.4, 2], "texture": "#0"},
				"up": {"uv": [0, 0, 14, 0.4], "texture": "#0"},
				"down": {"uv": [0, 0, 14, 0.4], "texture": "#0"}
			}
		},
		{
			"from": [1, 7, 15.6],
			"to": [15, 9, 16],
			"faces": {
				"north": {"uv": [0, 0, 14, 2], "texture": "#0"},
				"east": {"uv": [0, 0, 0.4, 2], "texture": "#0"},
				"south": {"uv": [0.75, 0.28125, 16, 3.125], "texture": "#0"},
				"west": {"uv": [0, 0, 0.4, 2], "texture": "#0"},
				"up": {"uv": [0, 0, 14, 0.4], "texture": "#0"},
				"down": {"uv": [0, 0, 14, 0.4], "texture": "#0"}
			}
		},
		{
			"from": [0, 7, 1],
			"to": [0.4, 9, 15],
			"faces": {
				"north": {"uv": [0, 0, 0.4, 2], "texture": "#0"},
				"east": {"uv": [0, 0, 14, 2], "texture": "#0"},
				"south": {"uv": [0, 0, 0.4, 2], "texture": "#0"},
				"west": {"uv": [0.75, 0.28125, 16, 3.125], "texture": "#0"},
				"up": {"uv": [0, 0, 0.4, 14], "texture": "#0"},
				"down": {"uv": [0, 0, 0.4, 14], "texture": "#0"}
			}
		},
		{
			"from": [0, 1, 0],
			"to": [1, 15, 1],
			"faces": {
				"north": {"uv": [0, 0, 1, 14], "texture": "#0"},
				"east": {"uv": [0, 0, 1, 14], "texture": "#0"},
				"south": {"uv": [0, 0, 1, 14], "texture": "#0"},
				"west": {"uv": [0, 0, 1, 14], "texture": "#0"},
				"up": {"uv": [0, 0, 1, 1], "texture": "#0"},
				"down": {"uv": [0, 0, 1, 1], "texture": "#0"}
			}
		},
		{
			"from": [0, 1, 15],
			"to": [1, 15, 16],
			"faces": {
				"north": {"uv": [0, 0, 1, 14], "texture": "#0"},
				"east": {"uv": [0, 0, 1, 14], "texture": "#0"},
				"south": {"uv": [0, 0, 1, 14], "texture": "#0"},
				"west": {"uv": [0, 0, 1, 14], "texture": "#0"},
				"up": {"uv": [0, 0, 1, 1], "texture": "#0"},
				"down": {"uv": [0, 0, 1, 1], "texture": "#0"}
			}
		},
		{
			"from": [15, 1, 15],
			"to": [16, 15, 16],
			"faces": {
				"north": {"uv": [0, 0, 1, 14], "texture": "#0"},
				"east": {"uv": [0, 0, 1, 14], "texture": "#0"},
				"south": {"uv": [0, 0, 1, 14], "texture": "#0"},
				"west": {"uv": [0, 0, 1, 14], "texture": "#0"},
				"up": {"uv": [0, 0, 1, 1], "texture": "#0"},
				"down": {"uv": [0, 0, 1, 1], "texture": "#0"}
			}
		},
		{
			"from": [15, 1, 0],
			"to": [16, 15, 1],
			"faces": {
				"north": {"uv": [0, 0, 1, 14], "texture": "#0"},
				"east": {"uv": [0, 0, 1, 14], "texture": "#0"},
				"south": {"uv": [0, 0, 1, 14], "texture": "#0"},
				"west": {"uv": [0, 0, 1, 14], "texture": "#0"},
				"up": {"uv": [0, 0, 1, 1], "texture": "#0"},
				"down": {"uv": [0, 0, 1, 1], "texture": "#0"}
			}
		},
		{
			"from": [5.5, 15, 5.5],
			"to": [10.5, 16, 10.5],
			"rotation": {"angle": 0, "axis": "y", "origin": [7.5, 7.5, 7.5]},
			"faces": {
				"north": {"uv": [0, 10.6875, 3.8125, 13.03125], "rotation": 270, "texture": "#2"},
				"east": {"uv": [0, 10.6875, 3.8125, 13.03125], "rotation": 270, "texture": "#2"},
				"south": {"uv": [0, 10.6875, 3.8125, 13.03125], "rotation": 270, "texture": "#2"},
				"west": {"uv": [0, 10.6875, 3.8125, 13.03125], "rotation": 270, "texture": "#2"},
				"up": {"uv": [0, 0, 7.90625, 7.75], "rotation": 270, "texture": "#2"},
				"down": {"uv": [0, 0, 7.90625, 7.75], "rotation": 270, "texture": "#2"}
			}
		},
		{
			"from": [5, 15, -0.5],
			"to": [6.5, 15.5, 1],
			"rotation": {"angle": -45, "axis": "y", "origin": [0, 0, 0]},
			"faces": {
				"north": {"uv": [0, 0, 1.5, 0.5], "texture": "#2"},
				"east": {"uv": [0, 0, 1.5, 0.5], "texture": "#2"},
				"south": {"uv": [0, 0, 1.5, 0.5], "texture": "#2"},
				"west": {"uv": [0, 0, 1.5, 0.5], "texture": "#2"},
				"up": {"uv": [8.09375, 0, 16, 7.75], "rotation": 270, "texture": "#2"},
				"down": {"uv": [0, 0, 1.5, 1.5], "rotation": 90, "texture": "#2"}
			}
		},
		{
			"from": [10.5, 15, -6.5],
			"to": [12, 15.5, -5],
			"rotation": {"angle": -45, "axis": "y", "origin": [0, 0, 0]},
			"faces": {
				"north": {"uv": [0, 0, 1.5, 0.5], "texture": "#2"},
				"east": {"uv": [0, 0, 1.5, 0.5], "texture": "#2"},
				"south": {"uv": [0, 0, 1.5, 0.5], "texture": "#2"},
				"west": {"uv": [0, 0, 1.5, 0.5], "texture": "#2"},
				"up": {"uv": [8.09375, 0, 16, 7.75], "rotation": 270, "texture": "#2"},
				"down": {"uv": [0, 0, 1.5, 1.5], "rotation": 90, "texture": "#2"}
			}
		},
		{
			"from": [16, 15, -0.5],
			"to": [17.5, 15.5, 1],
			"rotation": {"angle": -45, "axis": "y", "origin": [0, 0, 0]},
			"faces": {
				"north": {"uv": [0, 0, 1.5, 0.5], "texture": "#2"},
				"east": {"uv": [0, 0, 1.5, 0.5], "texture": "#2"},
				"south": {"uv": [0, 0, 1.5, 0.5], "texture": "#2"},
				"west": {"uv": [0, 0, 1.5, 0.5], "texture": "#2"},
				"up": {"uv": [8.09375, 0, 16, 7.75], "rotation": 270, "texture": "#2"},
				"down": {"uv": [0, 0, 1.5, 1.5], "rotation": 90, "texture": "#2"}
			}
		},
		{
			"from": [10.5, 15, 5.5],
			"to": [12, 15.5, 7],
			"rotation": {"angle": -45, "axis": "y", "origin": [0, 0, 0]},
			"faces": {
				"north": {"uv": [0, 0, 1.5, 0.5], "texture": "#2"},
				"east": {"uv": [0, 0, 1.5, 0.5], "texture": "#2"},
				"south": {"uv": [0, 0, 1.5, 0.5], "texture": "#2"},
				"west": {"uv": [0, 0, 1.5, 0.5], "texture": "#2"},
				"up": {"uv": [8.09375, 0, 16, 7.75], "rotation": 270, "texture": "#2"},
				"down": {"uv": [0, 0, 1.5, 1.5], "rotation": 90, "texture": "#2"}
			}
		},
		{
			"from": [5, 15, -0.5],
			"to": [6.5, 15.5, 1],
			"rotation": {"angle": -45, "axis": "y", "origin": [0, 0, 0]},
			"faces": {
				"north": {"uv": [0, 0, 1.5, 0.5], "texture": "#2"},
				"east": {"uv": [0, 0, 1.5, 0.5], "texture": "#2"},
				"south": {"uv": [0, 0, 1.5, 0.5], "texture": "#2"},
				"west": {"uv": [0, 0, 1.5, 0.5], "texture": "#2"},
				"up": {"uv": [8.09375, 0, 16, 7.75], "rotation": 270, "texture": "#2"},
				"down": {"uv": [0, 0, 1.5, 1.5], "rotation": 90, "texture": "#2"}
			}
		},
		{
			"from": [16, 15, -0.5],
			"to": [17.5, 15.5, 1],
			"rotation": {"angle": -45, "axis": "y", "origin": [0, 0, 0]},
			"faces": {
				"north": {"uv": [0, 0, 1.5, 0.5], "texture": "#2"},
				"east": {"uv": [0, 0, 1.5, 0.5], "texture": "#2"},
				"south": {"uv": [0, 0, 1.5, 0.5], "texture": "#2"},
				"west": {"uv": [0, 0, 1.5, 0.5], "texture": "#2"},
				"up": {"uv": [8.09375, 0, 16, 7.75], "rotation": 270, "texture": "#2"},
				"down": {"uv": [0, 0, 1.5, 1.5], "rotation": 90, "texture": "#2"}
			}
		},
		{
			"from": [10.5, 15, -6.5],
			"to": [12, 15.5, -5],
			"rotation": {"angle": -45, "axis": "y", "origin": [0, 0, 0]},
			"faces": {
				"north": {"uv": [0, 0, 1.5, 0.5], "texture": "#2"},
				"east": {"uv": [0, 0, 1.5, 0.5], "texture": "#2"},
				"south": {"uv": [0, 0, 1.5, 0.5], "texture": "#2"},
				"west": {"uv": [0, 0, 1.5, 0.5], "texture": "#2"},
				"up": {"uv": [8.09375, 0, 16, 7.75], "rotation": 270, "texture": "#2"},
				"down": {"uv": [0, 0, 1.5, 1.5], "rotation": 90, "texture": "#2"}
			}
		},
		{
			"from": [11, 15, -5.5],
			"to": [11.5, 15.3, 5.5],
			"rotation": {"angle": -45, "axis": "y", "origin": [0, 0, 0]},
			"faces": {
				"north": {"uv": [0.09375, 8.53125, 16, 10.09375], "rotation": 270, "texture": "#0"},
				"east": {"uv": [0.09375, 8.53125, 16, 10.09375], "rotation": 270, "texture": "#0"},
				"south": {"uv": [0.09375, 8.53125, 16, 10.09375], "rotation": 270, "texture": "#0"},
				"west": {"uv": [0.09375, 8.53125, 16, 10.09375], "rotation": 270, "texture": "#0"},
				"up": {"uv": [0.09375, 8.53125, 16, 10.09375], "rotation": 270, "texture": "#0"},
				"down": {"uv": [0.09375, 8.53125, 16, 10.09375], "rotation": 270, "texture": "#0"}
			}
		},
		{
			"from": [5.5, 15, 0],
			"to": [16.5, 15.3, 0.5],
			"rotation": {"angle": -45, "axis": "y", "origin": [0, 0, 0]},
			"faces": {
				"north": {"uv": [0.09375, 8.53125, 16, 10.09375], "rotation": 270, "texture": "#0"},
				"east": {"uv": [0.09375, 8.53125, 16, 10.09375], "rotation": 270, "texture": "#0"},
				"south": {"uv": [0.09375, 8.53125, 16, 10.09375], "rotation": 270, "texture": "#0"},
				"west": {"uv": [0.09375, 8.53125, 16, 10.09375], "rotation": 270, "texture": "#0"},
				"up": {"uv": [0.09375, 8.53125, 16, 10.09375], "texture": "#0"},
				"down": {"uv": [0.09375, 8.53125, 16, 10.09375], "rotation": 180, "texture": "#0"}
			}
		},
		{
			"from": [10.5, 15, 5.5],
			"to": [12, 15.5, 7],
			"rotation": {"angle": -45, "axis": "y", "origin": [0, 0, 0]},
			"faces": {
				"north": {"uv": [0, 0, 1.5, 0.5], "texture": "#2"},
				"east": {"uv": [0, 0, 1.5, 0.5], "texture": "#2"},
				"south": {"uv": [0, 0, 1.5, 0.5], "texture": "#2"},
				"west": {"uv": [0, 0, 1.5, 0.5], "texture": "#2"},
				"up": {"uv": [8.09375, 0, 16, 7.75], "rotation": 270, "texture": "#2"},
				"down": {"uv": [0, 0, 1.5, 1.5], "rotation": 90, "texture": "#2"}
			}
		},
		{
			"from": [-1, 0.002, 10],
			"to": [1, 15.002, 13],
			"rotation": {"angle": 45, "axis": "y", "origin": [-1, 0, 7]},
			"faces": {
				"north": {"uv": [0, 0, 2, 14], "texture": "#1"},
				"east": {"uv": [0, 0, 3, 14], "texture": "#1"},
				"south": {"uv": [0, 0, 2, 14], "texture": "#1"},
				"west": {"uv": [0, 0, 3, 14], "texture": "#1"},
				"up": {"uv": [0, 0, 2, 3], "texture": "#1"},
				"down": {"uv": [0, 0, 2, 3], "texture": "#1"}
			}
		},
		{
			"from": [2.5, 0.0004, 7.72],
			"to": [6.5, 15.0004, 8.72],
			"rotation": {"angle": 0, "axis": "y", "origin": [-1, 0, 7]},
			"faces": {
				"north": {"uv": [0, 0, 4, 14], "texture": "#1"},
				"east": {"uv": [0, 0, 1, 14], "texture": "#1"},
				"south": {"uv": [0, 0, 4, 14], "texture": "#1"},
				"west": {"uv": [0, 0, 1, 14], "texture": "#1"},
				"up": {"uv": [0, 0, 4, 1], "texture": "#1"},
				"down": {"uv": [0, 0, 4, 1], "texture": "#1"}
			}
		},
		{
			"from": [4.83, 0.01, 2.22],
			"to": [6.83, 15.01, 6.22],
			"rotation": {"angle": -45, "axis": "y", "origin": [-1, 0, 7]},
			"faces": {
				"north": {"uv": [0, 0, 2, 14], "texture": "#1"},
				"east": {"uv": [0, 0, 4, 14], "texture": "#1"},
				"south": {"uv": [0, 0, 2, 14], "texture": "#1"},
				"west": {"uv": [0, 0, 4, 14], "texture": "#1"},
				"up": {"uv": [0, 0, 2, 4], "texture": "#1"},
				"down": {"uv": [0, 0, 2, 4], "texture": "#1"}
			}
		},
		{
			"from": [1.8, -0.003, 8.1],
			"to": [5.8, 14.997, 10.1],
			"rotation": {"angle": -22.5, "axis": "y", "origin": [-1, 0, 7]},
			"faces": {
				"north": {"uv": [0, 0, 4, 14], "texture": "#1"},
				"east": {"uv": [0, 0, 2, 14], "texture": "#1"},
				"south": {"uv": [0, 0, 4, 14], "texture": "#1"},
				"west": {"uv": [0, 0, 2, 14], "texture": "#1"},
				"up": {"uv": [0, 0, 2, 4], "rotation": 270, "texture": "#1"},
				"down": {"uv": [0, 0, 2, 4], "rotation": 90, "texture": "#1"}
			}
		},
		{
			"from": [0.4, -0.002, 10.9],
			"to": [4.4, 14.998, 12.9],
			"rotation": {"angle": 0, "axis": "y", "origin": [-1, 0, 7]},
			"faces": {
				"north": {"uv": [0, 0, 4, 14], "texture": "#1"},
				"east": {"uv": [0, 0, 2, 14], "texture": "#1"},
				"south": {"uv": [0, 0, 4, 14], "texture": "#1"},
				"west": {"uv": [0, 0, 2, 14], "texture": "#1"},
				"up": {"uv": [0, 0, 2, 4], "rotation": 270, "texture": "#1"},
				"down": {"uv": [0, 0, 2, 4], "rotation": 90, "texture": "#1"}
			}
		},
		{
			"from": [-4.2, 0, 12.2],
			"to": [-1.2, 15, 14.2],
			"rotation": {"angle": 45, "axis": "y", "origin": [-1, 0, 7]},
			"faces": {
				"north": {"uv": [0, 0, 3, 14], "texture": "#1"},
				"east": {"uv": [0, 0, 2, 14], "texture": "#1"},
				"south": {"uv": [0, 0, 3, 14], "texture": "#1"},
				"west": {"uv": [0, 0, 2, 14], "texture": "#1"},
				"up": {"uv": [0, 0, 2, 3], "rotation": 270, "texture": "#1"},
				"down": {"uv": [0, 0, 2, 3], "rotation": 90, "texture": "#1"}
			}
		},
		{
			"from": [2.4, 0.0004, 12.4],
			"to": [6.4, 15.0004, 14.4],
			"rotation": {"angle": 22.5, "axis": "y", "origin": [-1, 0, 7]},
			"faces": {
				"north": {"uv": [0, 0, 4, 14], "texture": "#1"},
				"east": {"uv": [0, 0, 2, 14], "texture": "#1"},
				"south": {"uv": [0, 0, 4, 14], "texture": "#1"},
				"west": {"uv": [0, 0, 2, 14], "texture": "#1"},
				"up": {"uv": [0, 0, 2, 4], "rotation": 90, "texture": "#1"},
				"down": {"uv": [0, 0, 2, 4], "rotation": 270, "texture": "#1"}
			}
		},
		{
			"from": [6.65, 0, 11],
			"to": [8.65, 15, 13],
			"rotation": {"angle": 0, "axis": "y", "origin": [-1, 0, 7]},
			"faces": {
				"north": {"uv": [0, 0, 2, 14], "texture": "#1"},
				"east": {"uv": [0, 0, 2, 14], "texture": "#1"},
				"south": {"uv": [0, 0, 2, 14], "texture": "#1"},
				"west": {"uv": [0, 0, 2, 14], "texture": "#1"},
				"up": {"uv": [0, 0, 2, 2], "rotation": 270, "texture": "#1"},
				"down": {"uv": [0, 0, 2, 2], "rotation": 90, "texture": "#1"}
			}
		},
		{
			"from": [7.05, 0.01, 4.4],
			"to": [10.05, 15.01, 6.4],
			"rotation": {"angle": -45, "axis": "y", "origin": [-1, 0, 7]},
			"faces": {
				"north": {"uv": [0, 0, 3, 14], "texture": "#1"},
				"east": {"uv": [0, 0, 2, 14], "texture": "#1"},
				"south": {"uv": [0, 0, 3, 14], "texture": "#1"},
				"west": {"uv": [0, 0, 2, 14], "texture": "#1"},
				"up": {"uv": [0, 0, 2, 3], "rotation": 270, "texture": "#1"},
				"down": {"uv": [0, 0, 2, 3], "rotation": 90, "texture": "#1"}
			}
		},
		{
			"from": [1.8, 0.002, 13.97],
			"to": [3.8, 15.002, 16.97],
			"rotation": {"angle": 22.5, "axis": "y", "origin": [-1, 0, 7]},
			"faces": {
				"north": {"uv": [0, 0, 2, 14], "texture": "#1"},
				"east": {"uv": [0, 0, 3, 14], "texture": "#1"},
				"south": {"uv": [0, 0, 2, 14], "texture": "#1"},
				"west": {"uv": [0, 0, 3, 14], "texture": "#1"},
				"up": {"uv": [0, 0, 2, 3], "texture": "#1"},
				"down": {"uv": [0, 0, 2, 3], "texture": "#1"}
			}
		},
		{
			"from": [4.4, 0.001, 9.79],
			"to": [6.4, 15.001, 12.71],
			"rotation": {"angle": -22.5, "axis": "y", "origin": [-1, 0, 7]},
			"faces": {
				"north": {"uv": [0, 0, 2, 14], "texture": "#1"},
				"east": {"uv": [0, 0, 2.92, 14], "texture": "#1"},
				"south": {"uv": [0, 0, 2, 14], "texture": "#1"},
				"west": {"uv": [0, 0, 2.92, 14], "texture": "#1"},
				"up": {"uv": [0, 0, 2, 2.92], "texture": "#1"},
				"down": {"uv": [0, 0, 2, 2.92], "texture": "#1"}
			}
		},
		{
			"from": [3.5, 0, 8.1],
			"to": [5.5, 15, 15.1],
			"rotation": {"angle": 0, "axis": "y", "origin": [-1, 0, 7]},
			"faces": {
				"north": {"uv": [0, 0, 2, 14], "texture": "#1"},
				"east": {"uv": [0, 0, 7, 14], "texture": "#1"},
				"south": {"uv": [0, 0, 2, 14], "texture": "#1"},
				"west": {"uv": [0, 0, 7, 14], "texture": "#1"},
				"up": {"uv": [0, 0, 2, 7], "texture": "#1"},
				"down": {"uv": [0, 0, 2, 7], "texture": "#1"}
			}
		},
		{
			"from": [6, 0.002, 10],
			"to": [8, 15.002, 13],
			"rotation": {"angle": 45, "axis": "y", "origin": [6, 0, 7]},
			"faces": {
				"north": {"uv": [0, 0, 2, 14], "texture": "#1"},
				"east": {"uv": [0, 0, 3, 14], "texture": "#1"},
				"south": {"uv": [0, 0, 2, 14], "texture": "#1"},
				"west": {"uv": [0, 0, 3, 14], "texture": "#1"},
				"up": {"uv": [0, 0, 2, 3], "texture": "#1"},
				"down": {"uv": [0, 0, 2, 3], "texture": "#1"}
			}
		},
		{
			"from": [9.5, 0.0003, 7.72],
			"to": [13.5, 15.0003, 8.72],
			"rotation": {"angle": 0, "axis": "y", "origin": [6, 0, 7]},
			"faces": {
				"north": {"uv": [0, 0, 4, 14], "texture": "#1"},
				"east": {"uv": [0, 0, 1, 14], "texture": "#1"},
				"south": {"uv": [0, 0, 4, 14], "texture": "#1"},
				"west": {"uv": [0, 0, 1, 14], "texture": "#1"},
				"up": {"uv": [0, 0, 4, 1], "texture": "#1"},
				"down": {"uv": [0, 0, 4, 1], "texture": "#1"}
			}
		},
		{
			"from": [11.83, 0.01, 2.22],
			"to": [13.83, 15.01, 6.22],
			"rotation": {"angle": -45, "axis": "y", "origin": [6, 0, 7]},
			"faces": {
				"north": {"uv": [0, 0, 2, 14], "texture": "#1"},
				"east": {"uv": [0, 0, 4, 14], "texture": "#1"},
				"south": {"uv": [0, 0, 2, 14], "texture": "#1"},
				"west": {"uv": [0, 0, 4, 14], "texture": "#1"},
				"up": {"uv": [0, 0, 2, 4], "texture": "#1"},
				"down": {"uv": [0, 0, 2, 4], "texture": "#1"}
			}
		},
		{
			"from": [8.8, 0.0009, 8.1],
			"to": [12.8, 15.0009, 10.1],
			"rotation": {"angle": -22.5, "axis": "y", "origin": [6, 0, 7]},
			"faces": {
				"north": {"uv": [0, 0, 4, 14], "texture": "#1"},
				"east": {"uv": [0, 0, 2, 14], "texture": "#1"},
				"south": {"uv": [0, 0, 4, 14], "texture": "#1"},
				"west": {"uv": [0, 0, 2, 14], "texture": "#1"},
				"up": {"uv": [0, 0, 2, 4], "rotation": 270, "texture": "#1"},
				"down": {"uv": [0, 0, 2, 4], "rotation": 90, "texture": "#1"}
			}
		},
		{
			"from": [7.4, -0.008, 10.9],
			"to": [11.4, 14.992, 12.9],
			"rotation": {"angle": 0, "axis": "y", "origin": [6, 0, 7]},
			"faces": {
				"north": {"uv": [0, 0, 4, 14], "texture": "#1"},
				"east": {"uv": [0, 0, 2, 14], "texture": "#1"},
				"south": {"uv": [0, 0, 4, 14], "texture": "#1"},
				"west": {"uv": [0, 0, 2, 14], "texture": "#1"},
				"up": {"uv": [0, 0, 2, 4], "rotation": 270, "texture": "#1"},
				"down": {"uv": [0, 0, 2, 4], "rotation": 90, "texture": "#1"}
			}
		},
		{
			"from": [2.8, -0.004, 12.2],
			"to": [5.8, 14.996, 14.2],
			"rotation": {"angle": 45, "axis": "y", "origin": [6, 0, 7]},
			"faces": {
				"north": {"uv": [0, 0, 3, 14], "texture": "#1"},
				"east": {"uv": [0, 0, 2, 14], "texture": "#1"},
				"south": {"uv": [0, 0, 3, 14], "texture": "#1"},
				"west": {"uv": [0, 0, 2, 14], "texture": "#1"},
				"up": {"uv": [0, 0, 2, 3], "rotation": 270, "texture": "#1"},
				"down": {"uv": [0, 0, 2, 3], "rotation": 90, "texture": "#1"}
			}
		},
		{
			"from": [9.4, 0.0004, 12.4],
			"to": [13.4, 15.0004, 14.4],
			"rotation": {"angle": 22.5, "axis": "y", "origin": [6, 0, 7]},
			"faces": {
				"north": {"uv": [0, 0, 4, 14], "texture": "#1"},
				"east": {"uv": [0, 0, 2, 14], "texture": "#1"},
				"south": {"uv": [0, 0, 4, 14], "texture": "#1"},
				"west": {"uv": [0, 0, 2, 14], "texture": "#1"},
				"up": {"uv": [0, 0, 2, 4], "rotation": 90, "texture": "#1"},
				"down": {"uv": [0, 0, 2, 4], "rotation": 270, "texture": "#1"}
			}
		},
		{
			"from": [13.65, 0, 11],
			"to": [15.65, 15, 13],
			"rotation": {"angle": 0, "axis": "y", "origin": [6, 0, 7]},
			"faces": {
				"north": {"uv": [0, 0, 2, 14], "texture": "#1"},
				"east": {"uv": [0, 0, 2, 14], "texture": "#1"},
				"south": {"uv": [0, 0, 2, 14], "texture": "#1"},
				"west": {"uv": [0, 0, 2, 14], "texture": "#1"},
				"up": {"uv": [0, 0, 2, 2], "rotation": 270, "texture": "#1"},
				"down": {"uv": [0, 0, 2, 2], "rotation": 90, "texture": "#1"}
			}
		},
		{
			"from": [14.05, 0.01, 4.4],
			"to": [17.05, 15.01, 6.4],
			"rotation": {"angle": -45, "axis": "y", "origin": [6, 0, 7]},
			"faces": {
				"north": {"uv": [0, 0, 3, 14], "texture": "#1"},
				"east": {"uv": [0, 0, 2, 14], "texture": "#1"},
				"south": {"uv": [0, 0, 3, 14], "texture": "#1"},
				"west": {"uv": [0, 0, 2, 14], "texture": "#1"},
				"up": {"uv": [0, 0, 2, 3], "rotation": 270, "texture": "#1"},
				"down": {"uv": [0, 0, 2, 3], "rotation": 90, "texture": "#1"}
			}
		},
		{
			"from": [8.8, 0.002, 13.97],
			"to": [10.8, 15.002, 16.97],
			"rotation": {"angle": 22.5, "axis": "y", "origin": [6, 0, 7]},
			"faces": {
				"north": {"uv": [0, 0, 2, 14], "texture": "#1"},
				"east": {"uv": [0, 0, 3, 14], "texture": "#1"},
				"south": {"uv": [0, 0, 2, 14], "texture": "#1"},
				"west": {"uv": [0, 0, 3, 14], "texture": "#1"},
				"up": {"uv": [0, 0, 2, 3], "texture": "#1"},
				"down": {"uv": [0, 0, 2, 3], "texture": "#1"}
			}
		},
		{
			"from": [11.4, -0.003, 9.79],
			"to": [13.4, 14.997, 12.71],
			"rotation": {"angle": -22.5, "axis": "y", "origin": [6, 0, 7]},
			"faces": {
				"north": {"uv": [0, 0, 2, 14], "texture": "#1"},
				"east": {"uv": [0, 0, 2.92, 14], "texture": "#1"},
				"south": {"uv": [0, 0, 2, 14], "texture": "#1"},
				"west": {"uv": [0, 0, 2.92, 14], "texture": "#1"},
				"up": {"uv": [0, 0, 2, 2.92], "texture": "#1"},
				"down": {"uv": [0, 0, 2, 2.92], "texture": "#1"}
			}
		},
		{
			"from": [10.5, 0, 8.1],
			"to": [12.5, 15, 15.1],
			"rotation": {"angle": 0, "axis": "y", "origin": [6, 0, 7]},
			"faces": {
				"north": {"uv": [0, 0, 2, 14], "texture": "#1"},
				"east": {"uv": [0, 0, 7, 14], "texture": "#1"},
				"south": {"uv": [0, 0, 2, 14], "texture": "#1"},
				"west": {"uv": [0, 0, 7, 14], "texture": "#1"},
				"up": {"uv": [0, 0, 2, 7], "texture": "#1"},
				"down": {"uv": [0, 0, 2, 7], "texture": "#1"}
			}
		},
		{
			"from": [6, 0.002, 3],
			"to": [8, 15.002, 6],
			"rotation": {"angle": 45, "axis": "y", "origin": [6, 0, 0]},
			"faces": {
				"north": {"uv": [0, 0, 2, 14], "texture": "#1"},
				"east": {"uv": [0, 0, 3, 14], "texture": "#1"},
				"south": {"uv": [0, 0, 2, 14], "texture": "#1"},
				"west": {"uv": [0, 0, 3, 14], "texture": "#1"},
				"up": {"uv": [0, 0, 2, 3], "texture": "#1"},
				"down": {"uv": [0, 0, 2, 3], "texture": "#1"}
			}
		},
		{
			"from": [9.5, -0.002, 0.72],
			"to": [13.5, 14.998, 1.72],
			"rotation": {"angle": 0, "axis": "y", "origin": [6, 0, 0]},
			"faces": {
				"north": {"uv": [0, 0, 4, 14], "texture": "#1"},
				"east": {"uv": [0, 0, 1, 14], "texture": "#1"},
				"south": {"uv": [0, 0, 4, 14], "texture": "#1"},
				"west": {"uv": [0, 0, 1, 14], "texture": "#1"},
				"up": {"uv": [0, 0, 4, 1], "texture": "#1"},
				"down": {"uv": [0, 0, 4, 1], "texture": "#1"}
			}
		},
		{
			"from": [11.83, 0.01, -4.78],
			"to": [13.83, 15.01, -0.78],
			"rotation": {"angle": -45, "axis": "y", "origin": [6, 0, 0]},
			"faces": {
				"north": {"uv": [0, 0, 2, 14], "texture": "#1"},
				"east": {"uv": [0, 0, 4, 14], "texture": "#1"},
				"south": {"uv": [0, 0, 2, 14], "texture": "#1"},
				"west": {"uv": [0, 0, 4, 14], "texture": "#1"},
				"up": {"uv": [0, 0, 2, 4], "texture": "#1"},
				"down": {"uv": [0, 0, 2, 4], "texture": "#1"}
			}
		},
		{
			"from": [8.8, -0.003, 1.1],
			"to": [12.8, 14.997, 3.1],
			"rotation": {"angle": -22.5, "axis": "y", "origin": [6, 0, 0]},
			"faces": {
				"north": {"uv": [0, 0, 4, 14], "texture": "#1"},
				"east": {"uv": [0, 0, 2, 14], "texture": "#1"},
				"south": {"uv": [0, 0, 4, 14], "texture": "#1"},
				"west": {"uv": [0, 0, 2, 14], "texture": "#1"},
				"up": {"uv": [0, 0, 2, 4], "rotation": 270, "texture": "#1"},
				"down": {"uv": [0, 0, 2, 4], "rotation": 90, "texture": "#1"}
			}
		},
		{
			"from": [7.4, 0.0007, 3.9],
			"to": [11.4, 15.0007, 5.9],
			"rotation": {"angle": 0, "axis": "y", "origin": [6, 0, 0]},
			"faces": {
				"north": {"uv": [0, 0, 4, 14], "texture": "#1"},
				"east": {"uv": [0, 0, 2, 14], "texture": "#1"},
				"south": {"uv": [0, 0, 4, 14], "texture": "#1"},
				"west": {"uv": [0, 0, 2, 14], "texture": "#1"},
				"up": {"uv": [0, 0, 2, 4], "rotation": 270, "texture": "#1"},
				"down": {"uv": [0, 0, 2, 4], "rotation": 90, "texture": "#1"}
			}
		},
		{
			"from": [2.8, 0, 5.2],
			"to": [5.8, 15, 7.2],
			"rotation": {"angle": 45, "axis": "y", "origin": [6, 0, 0]},
			"faces": {
				"north": {"uv": [0, 0, 3, 14], "texture": "#1"},
				"east": {"uv": [0, 0, 2, 14], "texture": "#1"},
				"south": {"uv": [0, 0, 3, 14], "texture": "#1"},
				"west": {"uv": [0, 0, 2, 14], "texture": "#1"},
				"up": {"uv": [0, 0, 2, 3], "rotation": 270, "texture": "#1"},
				"down": {"uv": [0, 0, 2, 3], "rotation": 90, "texture": "#1"}
			}
		},
		{
			"from": [9.4, 0.0004, 5.4],
			"to": [13.4, 15.0004, 7.4],
			"rotation": {"angle": 22.5, "axis": "y", "origin": [6, 0, 0]},
			"faces": {
				"north": {"uv": [0, 0, 4, 14], "texture": "#1"},
				"east": {"uv": [0, 0, 2, 14], "texture": "#1"},
				"south": {"uv": [0, 0, 4, 14], "texture": "#1"},
				"west": {"uv": [0, 0, 2, 14], "texture": "#1"},
				"up": {"uv": [0, 0, 2, 4], "rotation": 90, "texture": "#1"},
				"down": {"uv": [0, 0, 2, 4], "rotation": 270, "texture": "#1"}
			}
		},
		{
			"from": [13.65, 0, 4],
			"to": [15.65, 15, 6],
			"rotation": {"angle": 0, "axis": "y", "origin": [6, 0, 0]},
			"faces": {
				"north": {"uv": [0, 0, 2, 14], "texture": "#1"},
				"east": {"uv": [0, 0, 2, 14], "texture": "#1"},
				"south": {"uv": [0, 0, 2, 14], "texture": "#1"},
				"west": {"uv": [0, 0, 2, 14], "texture": "#1"},
				"up": {"uv": [0, 0, 2, 2], "rotation": 270, "texture": "#1"},
				"down": {"uv": [0, 0, 2, 2], "rotation": 90, "texture": "#1"}
			}
		},
		{
			"from": [14.05, 0.01, -2.6],
			"to": [17.05, 15.01, -0.6],
			"rotation": {"angle": -45, "axis": "y", "origin": [6, 0, 0]},
			"faces": {
				"north": {"uv": [0, 0, 3, 14], "texture": "#1"},
				"east": {"uv": [0, 0, 2, 14], "texture": "#1"},
				"south": {"uv": [0, 0, 3, 14], "texture": "#1"},
				"west": {"uv": [0, 0, 2, 14], "texture": "#1"},
				"up": {"uv": [0, 0, 2, 3], "rotation": 270, "texture": "#1"},
				"down": {"uv": [0, 0, 2, 3], "rotation": 90, "texture": "#1"}
			}
		},
		{
			"from": [8.8, 0.002, 6.97],
			"to": [10.8, 15.002, 9.97],
			"rotation": {"angle": 22.5, "axis": "y", "origin": [6, 0, 0]},
			"faces": {
				"north": {"uv": [0, 0, 2, 14], "texture": "#1"},
				"east": {"uv": [0, 0, 3, 14], "texture": "#1"},
				"south": {"uv": [0, 0, 2, 14], "texture": "#1"},
				"west": {"uv": [0, 0, 3, 14], "texture": "#1"},
				"up": {"uv": [0, 0, 2, 3], "texture": "#1"},
				"down": {"uv": [0, 0, 2, 3], "texture": "#1"}
			}
		},
		{
			"from": [11.4, -0.002, 2.79],
			"to": [13.4, 14.998, 5.71],
			"rotation": {"angle": -22.5, "axis": "y", "origin": [6, 0, 0]},
			"faces": {
				"north": {"uv": [0, 0, 2, 14], "texture": "#1"},
				"east": {"uv": [0, 0, 2.92, 14], "texture": "#1"},
				"south": {"uv": [0, 0, 2, 14], "texture": "#1"},
				"west": {"uv": [0, 0, 2.92, 14], "texture": "#1"},
				"up": {"uv": [0, 0, 2, 2.92], "texture": "#1"},
				"down": {"uv": [0, 0, 2, 2.92], "texture": "#1"}
			}
		},
		{
			"from": [10.5, 0.00001, 1.1],
			"to": [12.5, 15.00001, 8.1],
			"rotation": {"angle": 0, "axis": "y", "origin": [6, 0, 0]},
			"faces": {
				"north": {"uv": [0, 0, 2, 14], "texture": "#1"},
				"east": {"uv": [0, 0, 7, 14], "texture": "#1"},
				"south": {"uv": [0, 0, 2, 14], "texture": "#1"},
				"west": {"uv": [0, 0, 7, 14], "texture": "#1"},
				"up": {"uv": [0, 0, 2, 7], "texture": "#1"},
				"down": {"uv": [0, 0, 2, 7], "texture": "#1"}
			}
		},
		{
			"from": [-1, 0.002, 3],
			"to": [1, 15.002, 6],
			"rotation": {"angle": 45, "axis": "y", "origin": [-1, 0, 0]},
			"faces": {
				"north": {"uv": [0, 0, 2, 14], "texture": "#1"},
				"east": {"uv": [0, 0, 3, 14], "texture": "#1"},
				"south": {"uv": [0, 0, 2, 14], "texture": "#1"},
				"west": {"uv": [0, 0, 3, 14], "texture": "#1"},
				"up": {"uv": [0, 0, 2, 3], "texture": "#1"},
				"down": {"uv": [0, 0, 2, 3], "texture": "#1"}
			}
		},
		{
			"from": [2.5, 0.0002, 0.72],
			"to": [6.5, 15.0002, 1.72],
			"rotation": {"angle": 0, "axis": "y", "origin": [-1, 0, 0]},
			"faces": {
				"north": {"uv": [0, 0, 4, 14], "texture": "#1"},
				"east": {"uv": [0, 0, 1, 14], "texture": "#1"},
				"south": {"uv": [0, 0, 4, 14], "texture": "#1"},
				"west": {"uv": [0, 0, 1, 14], "texture": "#1"},
				"up": {"uv": [0, 0, 4, 1], "texture": "#1"},
				"down": {"uv": [0, 0, 4, 1], "texture": "#1"}
			}
		},
		{
			"from": [4.83, 0.01, -4.78],
			"to": [6.83, 15.01, -0.78],
			"rotation": {"angle": -45, "axis": "y", "origin": [-1, 0, 0]},
			"faces": {
				"north": {"uv": [0, 0, 2, 14], "texture": "#1"},
				"east": {"uv": [0, 0, 4, 14], "texture": "#1"},
				"south": {"uv": [0, 0, 2, 14], "texture": "#1"},
				"west": {"uv": [0, 0, 4, 14], "texture": "#1"},
				"up": {"uv": [0, 0, 2, 4], "texture": "#1"},
				"down": {"uv": [0, 0, 2, 4], "texture": "#1"}
			}
		},
		{
			"from": [1.8, -0.002, 1.1],
			"to": [5.8, 14.998, 3.1],
			"rotation": {"angle": -22.5, "axis": "y", "origin": [-1, 0, 0]},
			"faces": {
				"north": {"uv": [0, 0, 4, 14], "texture": "#1"},
				"east": {"uv": [0, 0, 2, 14], "texture": "#1"},
				"south": {"uv": [0, 0, 4, 14], "texture": "#1"},
				"west": {"uv": [0, 0, 2, 14], "texture": "#1"},
				"up": {"uv": [0, 0, 2, 4], "rotation": 270, "texture": "#1"},
				"down": {"uv": [0, 0, 2, 4], "rotation": 90, "texture": "#1"}
			}
		},
		{
			"from": [0.4, 0.0002, 3.9],
			"to": [4.4, 15.0002, 5.9],
			"rotation": {"angle": 0, "axis": "y", "origin": [-1, 0, 0]},
			"faces": {
				"north": {"uv": [0, 0, 4, 14], "texture": "#1"},
				"east": {"uv": [0, 0, 2, 14], "texture": "#1"},
				"south": {"uv": [0, 0, 4, 14], "texture": "#1"},
				"west": {"uv": [0, 0, 2, 14], "texture": "#1"},
				"up": {"uv": [0, 0, 2, 4], "rotation": 270, "texture": "#1"},
				"down": {"uv": [0, 0, 2, 4], "rotation": 90, "texture": "#1"}
			}
		},
		{
			"from": [-4.2, 0, 5.2],
			"to": [-1.2, 15, 7.2],
			"rotation": {"angle": 45, "axis": "y", "origin": [-1, 0, 0]},
			"faces": {
				"north": {"uv": [0, 0, 3, 14], "texture": "#1"},
				"east": {"uv": [0, 0, 2, 14], "texture": "#1"},
				"south": {"uv": [0, 0, 3, 14], "texture": "#1"},
				"west": {"uv": [0, 0, 2, 14], "texture": "#1"},
				"up": {"uv": [0, 0, 2, 3], "rotation": 270, "texture": "#1"},
				"down": {"uv": [0, 0, 2, 3], "rotation": 90, "texture": "#1"}
			}
		},
		{
			"from": [2.4, 0.0004, 5.4],
			"to": [6.4, 15.0004, 7.4],
			"rotation": {"angle": 22.5, "axis": "y", "origin": [-1, 0, 0]},
			"faces": {
				"north": {"uv": [0, 0, 4, 14], "texture": "#1"},
				"east": {"uv": [0, 0, 2, 14], "texture": "#1"},
				"south": {"uv": [0, 0, 4, 14], "texture": "#1"},
				"west": {"uv": [0, 0, 2, 14], "texture": "#1"},
				"up": {"uv": [0, 0, 2, 4], "rotation": 90, "texture": "#1"},
				"down": {"uv": [0, 0, 2, 4], "rotation": 270, "texture": "#1"}
			}
		},
		{
			"from": [6.65, 0, 4],
			"to": [8.65, 15, 6],
			"rotation": {"angle": 0, "axis": "y", "origin": [-1, 0, 0]},
			"faces": {
				"north": {"uv": [0, 0, 2, 14], "texture": "#1"},
				"east": {"uv": [0, 0, 2, 14], "texture": "#1"},
				"south": {"uv": [0, 0, 2, 14], "texture": "#1"},
				"west": {"uv": [0, 0, 2, 14], "texture": "#1"},
				"up": {"uv": [0, 0, 2, 2], "rotation": 270, "texture": "#1"},
				"down": {"uv": [0, 0, 2, 2], "rotation": 90, "texture": "#1"}
			}
		},
		{
			"from": [7.05, 0.01, -2.6],
			"to": [10.05, 15.01, -0.6],
			"rotation": {"angle": -45, "axis": "y", "origin": [-1, 0, 0]},
			"faces": {
				"north": {"uv": [0, 0, 3, 14], "texture": "#1"},
				"east": {"uv": [0, 0, 2, 14], "texture": "#1"},
				"south": {"uv": [0, 0, 3, 14], "texture": "#1"},
				"west": {"uv": [0, 0, 2, 14], "texture": "#1"},
				"up": {"uv": [0, 0, 2, 3], "rotation": 270, "texture": "#1"},
				"down": {"uv": [0, 0, 2, 3], "rotation": 90, "texture": "#1"}
			}
		},
		{
			"from": [1.8, 0.002, 6.97],
			"to": [3.8, 15.002, 9.97],
			"rotation": {"angle": 22.5, "axis": "y", "origin": [-1, 0, 0]},
			"faces": {
				"north": {"uv": [0, 0, 2, 14], "texture": "#1"},
				"east": {"uv": [0, 0, 3, 14], "texture": "#1"},
				"south": {"uv": [0, 0, 2, 14], "texture": "#1"},
				"west": {"uv": [0, 0, 3, 14], "texture": "#1"},
				"up": {"uv": [0, 0, 2, 3], "texture": "#1"},
				"down": {"uv": [0, 0, 2, 3], "texture": "#1"}
			}
		},
		{
			"from": [4.4, 0.001, 2.79],
			"to": [6.4, 15.001, 5.71],
			"rotation": {"angle": -22.5, "axis": "y", "origin": [-1, 0, 0]},
			"faces": {
				"north": {"uv": [0, 0, 2, 14], "texture": "#1"},
				"east": {"uv": [0, 0, 2.92, 14], "texture": "#1"},
				"south": {"uv": [0, 0, 2, 14], "texture": "#1"},
				"west": {"uv": [0, 0, 2.92, 14], "texture": "#1"},
				"up": {"uv": [0, 0, 2, 2.92], "texture": "#1"},
				"down": {"uv": [0, 0, 2, 2.92], "texture": "#1"}
			}
		},
		{
			"from": [3.5, 0, 1.1],
			"to": [5.5, 15, 8.1],
			"rotation": {"angle": 0, "axis": "y", "origin": [-1, 0, 0]},
			"faces": {
				"north": {"uv": [0, 0, 2, 14], "texture": "#1"},
				"east": {"uv": [0, 0, 7, 14], "texture": "#1"},
				"south": {"uv": [0, 0, 2, 14], "texture": "#1"},
				"west": {"uv": [0, 0, 7, 14], "texture": "#1"},
				"up": {"uv": [0, 0, 2, 7], "texture": "#1"},
				"down": {"uv": [0, 0, 2, 7], "texture": "#1"}
			}
		}
	],
	"display": {
		"thirdperson_righthand": {
			"scale": [0.28516, 0.30469, 0.26953]
		},
		"thirdperson_lefthand": {
			"scale": [0.28516, 0.30469, 0.26953]
		},
		"firstperson_righthand": {
			"scale": [0.28516, 0.30469, 0.24609]
		},
		"firstperson_lefthand": {
			"scale": [0.28516, 0.30469, 0.24609]
		},
		"ground": {
			"scale": [0.32813, 0.34375, 0.3457]
		},
		"gui": {
			"rotation": [38.21, 22.05, 0.61],
			"translation": [0.25, -0.5, 0],
			"scale": [0.66797, 0.61719, 0.67383]
		},
		"fixed": {
			"translation": [0, 0, 5.5]
		}
	},
	"groups": [
		0,
		1,
		2,
		3,
		4,
		5,
		6,
		7,
		8,
		9,
		10,
		11,
		12,
		13,
		14,
		15,
		16,
		17,
		18,
		19,
		20,
		21,
		22,
		23,
		{
			"name": "tnt dynamite",
			"origin": [8, 8, 8],
			"color": 0,
			"children": [24, 25, 26, 27, 28, 29, 30, 31, 32, 33, 34, 35, 36, 37, 38, 39, 40, 41, 42, 43, 44, 45, 46, 47, 48, 49, 50, 51, 52, 53, 54, 55, 56, 57, 58, 59, 60, 61, 62, 63, 64, 65, 66, 67, 68, 69, 70, 71]
		}
	]
}