{
	"credit": "Made with Blockbench",
	"textures": {
		"0": "block/warped_door_bottom",
		"1": "block/warped_door_top",
		"particle": "block/warped_door_bottom"
	},
	"elements": [
		{
			"from": [0, 0, 0],
			"to": [2, 16, 2],
			"faces": {
				"north": {"uv": [0, 0, 2, 16], "texture": "#1"},
				"east": {"uv": [0, 0, 2, 16], "texture": "#1"},
				"south": {"uv": [0, 0, 2, 16], "texture": "#1"},
				"west": {"uv": [0, 0, 2, 16], "texture": "#1"},
				"up": {"uv": [0, 0, 2, 2], "texture": "#1"},
				"down": {"uv": [0, 0, 2, 2], "texture": "#1"}
			}
		},
		{
			"from": [0, 0, 14],
			"to": [2, 16, 16],
			"faces": {
				"north": {"uv": [0, 0, 2, 16], "texture": "#1"},
				"east": {"uv": [0, 0, 2, 16], "texture": "#1"},
				"south": {"uv": [0, 0, 2, 16], "texture": "#1"},
				"west": {"uv": [0, 0, 2, 16], "texture": "#1"},
				"up": {"uv": [0, 0, 2, 2], "texture": "#1"},
				"down": {"uv": [0, 0, 2, 2], "texture": "#1"}
			}
		},
		{
			"from": [2, 15, 0],
			"to": [3, 16, 4],
			"faces": {
				"north": {"uv": [0.78125, 14.71875, 0.8125, 14.75], "texture": "#1"},
				"east": {"uv": [0.78125, 14.71875, 0.8125, 14.75], "texture": "#1"},
				"south": {"uv": [0.78125, 14.71875, 0.8125, 14.75], "texture": "#1"},
				"west": {"uv": [0.78125, 14.71875, 0.8125, 14.75], "texture": "#1"},
				"up": {"uv": [0.78125, 14.71875, 0.8125, 14.75], "texture": "#1"},
				"down": {"uv": [0.78125, 14.71875, 0.8125, 14.75], "texture": "#1"}
			}
		},
		{
			"from": [-1, 15, 0],
			"to": [0, 16, 4],
			"faces": {
				"north": {"uv": [0.78125, 14.71875, 0.8125, 14.75], "texture": "#1"},
				"east": {"uv": [0.78125, 14.71875, 0.8125, 14.75], "texture": "#1"},
				"south": {"uv": [0.78125, 14.71875, 0.8125, 14.75], "texture": "#1"},
				"west": {"uv": [0.78125, 14.71875, 0.8125, 14.75], "texture": "#1"},
				"up": {"uv": [0.78125, 14.71875, 0.8125, 14.75], "texture": "#1"},
				"down": {"uv": [0.78125, 14.71875, 0.8125, 14.75], "texture": "#1"}
			}
		},
		{
			"from": [0, 0, 2],
			"to": [2, 2, 14],
			"faces": {
				"north": {"uv": [0, 0, 2, 2], "texture": "#1"},
				"east": {"uv": [0, 0, 12, 2], "texture": "#1"},
				"south": {"uv": [0, 0, 2, 2], "texture": "#1"},
				"west": {"uv": [0, 0, 12, 2], "texture": "#1"},
				"up": {"uv": [0, 0, 2, 12], "texture": "#1"},
				"down": {"uv": [0, 0, 2, 12], "texture": "#1"}
			}
		},
		{
			"from": [1, 2, 2],
			"to": [1, 16, 14],
			"faces": {
				"north": {"uv": [0, 0, 16, 16], "texture": "#0"},
				"east": {"uv": [0, 0, 16, 16], "texture": "#0"},
				"south": {"uv": [0, 0, 16, 16], "texture": "#0"},
				"west": {"uv": [0, 0, 16, 16], "texture": "#0"},
				"up": {"uv": [0, 0, 16, 16], "texture": "#0"},
				"down": {"uv": [0, 0, 16, 16], "texture": "#0"}
			}
		}
	]
}