{
	"credit": "Made by CiscuLog with Blockbench",
	"textures": {
		"blank": "item/blank",
		"base": "item/armor/boots/base",
		"binding": "item/armor/boots/binding",
		"depth": "item/armor/boots/depth_strider",
		"feather": "item/armor/boots/feather_falling",
		"ice": "item/armor/boots/frost_walker",
		"protection": "item/armor/boots/projectile_protection",
		"thorns": "item/armor/boots/thorns",
		"unbreaking": "item/armor/boots/unbreaking",
		"mending": "item/armor/boots/mending",
		"particle": "#base"
	},
	"elements": [
		{
			"name": "binding",
			"from": [10.99, 0, 7.45],
			"to": [16.01, 4, 8.55],
			"faces": {
				"north": {"uv": [16, 12, 11, 16], "texture": "#binding"},
				"east": {"uv": [15, 12, 16, 16], "texture": "#binding"},
				"south": {"uv": [11, 12, 16, 16], "texture": "#binding"},
				"west": {"uv": [11, 12, 12, 16], "texture": "#binding"},
				"up": {"uv": [11, 12, 16, 13], "texture": "#binding"},
				"down": {"uv": [11, 15, 16, 16], "texture": "#binding"}
			}
		},
		{
			"name": "binding",
			"from": [10.99, 4, 7.99],
			"to": [16.01, 6, 8.09],
			"faces": {
				"north": {"uv": [16, 10, 11, 12], "texture": "#binding"},
				"east": {"uv": [16, 10, 15, 12], "texture": "#binding"},
				"south": {"uv": [11, 10, 16, 12], "texture": "#binding"},
				"west": {"uv": [11, 10, 12, 12], "texture": "#binding"},
				"up": {"uv": [11, 10, 16, 11], "texture": "#binding"}
			}
		},
		{
			"name": "mending",
			"from": [0, 0, 7.5],
			"to": [2, 2, 8.5],
			"faces": {
				"north": {"uv": [2, 14, 0, 16], "texture": "#mending"},
				"east": {"uv": [1, 14, 2, 16], "texture": "#mending"},
				"south": {"uv": [0, 14, 2, 16], "texture": "#mending"},
				"west": {"uv": [0, 14, 1, 16], "texture": "#mending"},
				"up": {"uv": [0, 14, 2, 15], "texture": "#mending"},
				"down": {"uv": [0, 15, 2, 16], "texture": "#mending"}
			}
		},
		{
			"name": "blank",
			"from": [0, 0, 7.995],
			"to": [16, 16, 8.005],
			"faces": {
				"north": {"uv": [16, 0, 0, 16], "texture": "#blank"},
				"south": {"uv": [0, 0, 16, 16], "texture": "#blank"}
			}
		},
		{
			"name": "thorns",
			"from": [4, 6, 7.475],
			"to": [12, 9, 8.525],
			"faces": {
				"north": {"uv": [12, 7, 4, 10], "texture": "#thorns"},
				"east": {"uv": [11, 7, 12, 10], "texture": "#thorns"},
				"south": {"uv": [4, 7, 12, 10], "texture": "#thorns"},
				"west": {"uv": [4, 7, 5, 10], "texture": "#thorns"},
				"up": {"uv": [4, 7, 12, 8], "texture": "#thorns"},
				"down": {"uv": [4, 9, 12, 10], "texture": "#thorns"}
			}
		},
		{
			"name": "depth",
			"from": [2, 6, 7.45],
			"to": [14, 9, 8.55],
			"faces": {
				"north": {"uv": [14, 7, 2, 10], "texture": "#depth"},
				"east": {"uv": [13, 7, 14, 10], "texture": "#depth"},
				"south": {"uv": [2, 7, 14, 10], "texture": "#depth"},
				"west": {"uv": [2, 7, 3, 10], "texture": "#depth"},
				"up": {"uv": [2, 7, 14, 8], "texture": "#depth"},
				"down": {"uv": [2, 9, 14, 10], "texture": "#depth"}
			}
		},
		{
			"name": "unbreaking",
			"from": [4, 10, 7.5],
			"to": [5, 13, 8.5],
			"faces": {
				"north": {"uv": [5, 3, 4, 6], "texture": "#unbreaking"},
				"east": {"uv": [4, 3, 5, 6], "texture": "#unbreaking"},
				"south": {"uv": [4, 3, 5, 6], "texture": "#unbreaking"},
				"west": {"uv": [4, 3, 5, 6], "texture": "#unbreaking"},
				"up": {"uv": [4, 3, 5, 4], "texture": "#unbreaking"},
				"down": {"uv": [4, 5, 5, 6], "texture": "#unbreaking"}
			}
		},
		{
			"name": "unbreaking",
			"from": [3, 10, 7.5],
			"to": [4, 12, 8.5],
			"faces": {
				"north": {"uv": [4, 4, 3, 6], "texture": "#unbreaking"},
				"east": {"uv": [3, 4, 4, 6], "texture": "#unbreaking"},
				"south": {"uv": [3, 4, 4, 6], "texture": "#unbreaking"},
				"west": {"uv": [3, 4, 4, 6], "texture": "#unbreaking"},
				"up": {"uv": [3, 4, 4, 5], "texture": "#unbreaking"},
				"down": {"uv": [3, 5, 4, 6], "texture": "#unbreaking"}
			}
		},
		{
			"name": "unbreaking",
			"from": [5, 10, 7.5],
			"to": [6, 12, 8.5],
			"faces": {
				"north": {"uv": [5, 4, 6, 6], "texture": "#unbreaking"},
				"east": {"uv": [5, 4, 6, 6], "texture": "#unbreaking"},
				"south": {"uv": [5, 4, 6, 6], "texture": "#unbreaking"},
				"west": {"uv": [5, 4, 6, 6], "texture": "#unbreaking"},
				"up": {"uv": [5, 4, 6, 5], "texture": "#unbreaking"},
				"down": {"uv": [5, 5, 6, 6], "texture": "#unbreaking"}
			}
		},
		{
			"name": "unbreaking",
			"from": [5, 10, 7.5],
			"to": [7, 13, 8.5],
			"faces": {
				"north": {"uv": [7, 3, 5, 6], "texture": "#unbreaking"},
				"east": {"uv": [6, 3, 7, 6], "texture": "#unbreaking"},
				"south": {"uv": [5, 3, 7, 6], "texture": "#unbreaking"},
				"west": {"uv": [5, 3, 6, 6], "texture": "#unbreaking"},
				"up": {"uv": [5, 3, 7, 4], "texture": "#unbreaking"},
				"down": {"uv": [5, 5, 7, 6], "texture": "#unbreaking"}
			}
		},
		{
			"name": "unbreaking",
			"from": [3, 12, 7.5],
			"to": [6, 14, 8.5],
			"faces": {
				"north": {"uv": [6, 2, 3, 4], "texture": "#unbreaking"},
				"east": {"uv": [5, 2, 6, 4], "texture": "#unbreaking"},
				"south": {"uv": [3, 2, 6, 4], "texture": "#unbreaking"},
				"west": {"uv": [3, 2, 4, 4], "texture": "#unbreaking"},
				"up": {"uv": [3, 2, 6, 3], "texture": "#unbreaking"},
				"down": {"uv": [3, 3, 6, 4], "texture": "#unbreaking"}
			}
		},
		{
			"name": "unbreaking",
			"from": [3, 12, 7.5],
			"to": [4, 13, 8.5],
			"faces": {
				"north": {"uv": [3, 3, 4, 4], "texture": "#unbreaking"},
				"east": {"uv": [3, 3, 4, 4], "texture": "#unbreaking"},
				"south": {"uv": [3, 3, 4, 4], "texture": "#unbreaking"},
				"west": {"uv": [3, 3, 4, 4], "texture": "#unbreaking"},
				"up": {"uv": [3, 3, 4, 4], "texture": "#unbreaking"},
				"down": {"uv": [3, 3, 4, 4], "texture": "#unbreaking"}
			}
		},
		{
			"name": "base",
			"from": [3, 4, 7.5],
			"to": [7, 10, 8.5],
			"faces": {
				"north": {"uv": [7, 6, 3, 12], "texture": "#base"},
				"east": {"uv": [6, 6, 7, 12], "texture": "#base"},
				"south": {"uv": [3, 6, 7, 12], "texture": "#base"},
				"west": {"uv": [3, 6, 4, 12], "texture": "#base"},
				"up": {"uv": [3, 6, 7, 7], "texture": "#base"},
				"down": {"uv": [3, 11, 7, 12], "texture": "#base"}
			}
		},
		{
			"name": "base",
			"from": [1, 3, 7.5],
			"to": [5, 6, 8.5],
			"faces": {
				"north": {"uv": [5, 10, 1, 13], "texture": "#base"},
				"east": {"uv": [4, 10, 5, 13], "texture": "#base"},
				"south": {"uv": [1, 10, 5, 13], "texture": "#base"},
				"west": {"uv": [1, 10, 2, 13], "texture": "#base"},
				"up": {"uv": [1, 10, 5, 11], "texture": "#base"},
				"down": {"uv": [1, 12, 5, 13], "texture": "#base"}
			}
		},
		{
			"name": "base",
			"from": [2, 6, 7.5],
			"to": [3, 7, 8.5],
			"faces": {
				"north": {"uv": [2, 9, 3, 10], "texture": "#base"},
				"east": {"uv": [2, 9, 3, 10], "texture": "#base"},
				"south": {"uv": [2, 9, 3, 10], "texture": "#base"},
				"west": {"uv": [2, 9, 3, 10], "texture": "#base"},
				"up": {"uv": [2, 9, 3, 10], "texture": "#base"},
				"down": {"uv": [2, 9, 3, 10], "texture": "#base"}
			}
		},
		{
			"name": "protection",
			"from": [2.975, 9, 7.475],
			"to": [5, 15, 8.525],
			"faces": {
				"north": {"uv": [5, 1, 3, 7], "texture": "#protection"},
				"east": {"uv": [5, 1, 4, 7], "texture": "#protection"},
				"south": {"uv": [3, 1, 5, 7], "texture": "#protection"},
				"west": {"uv": [3, 1, 4, 7], "texture": "#protection"},
				"up": {"uv": [3, 1, 5, 2], "texture": "#protection"},
				"down": {"uv": [3, 6, 5, 7], "texture": "#protection"}
			}
		},
		{
			"name": "protection",
			"from": [5, 9, 7.475],
			"to": [6.01, 14.01, 8.525],
			"faces": {
				"north": {"uv": [6, 2, 5, 7], "texture": "#protection"},
				"east": {"uv": [6, 2, 5, 7], "texture": "#protection"},
				"south": {"uv": [5, 2, 6, 7], "texture": "#protection"},
				"west": {"uv": [5, 2, 6, 7], "texture": "#protection"},
				"up": {"uv": [5, 2, 6, 3], "texture": "#protection"},
				"down": {"uv": [5, 6, 6, 7], "texture": "#protection"}
			}
		},
		{
			"name": "protection",
			"from": [5, 14, 7.475],
			"to": [6.01, 15, 8.525],
			"faces": {
				"north": {"uv": [5, 1, 6, 2], "texture": "#protection"},
				"east": {"uv": [5, 1, 6, 2], "texture": "#protection"},
				"south": {"uv": [5, 1, 6, 2], "texture": "#protection"},
				"west": {"uv": [5, 1, 6, 2], "texture": "#protection"},
				"up": {"uv": [5, 1, 6, 2], "texture": "#protection"},
				"down": {"uv": [5, 1, 6, 2], "texture": "#protection"}
			}
		},
		{
			"name": "protection",
			"from": [2.975, 9, 7.475],
			"to": [7.025, 11, 8.525],
			"faces": {
				"north": {"uv": [7, 5, 3, 7], "texture": "#protection"},
				"east": {"uv": [6, 5, 7, 7], "texture": "#protection"},
				"south": {"uv": [3, 5, 7, 7], "texture": "#protection"},
				"west": {"uv": [3, 5, 4, 7], "texture": "#protection"},
				"up": {"uv": [3, 5, 7, 6], "texture": "#protection"},
				"down": {"uv": [3, 6, 7, 7], "texture": "#protection"}
			}
		},
		{
			"name": "unbreaking",
			"from": [11, 10, 7.5],
			"to": [12, 13, 8.5],
			"faces": {
				"north": {"uv": [12, 3, 11, 6], "texture": "#unbreaking"},
				"east": {"uv": [11, 3, 12, 6], "texture": "#unbreaking"},
				"south": {"uv": [11, 3, 12, 6], "texture": "#unbreaking"},
				"west": {"uv": [11, 3, 12, 6], "texture": "#unbreaking"},
				"up": {"uv": [11, 3, 12, 4], "texture": "#unbreaking"},
				"down": {"uv": [11, 5, 12, 6], "texture": "#unbreaking"}
			}
		},
		{
			"name": "unbreaking",
			"from": [12, 10, 7.5],
			"to": [13, 12, 8.5],
			"faces": {
				"north": {"uv": [13, 4, 12, 6], "texture": "#unbreaking"},
				"east": {"uv": [12, 4, 13, 6], "texture": "#unbreaking"},
				"south": {"uv": [12, 4, 13, 6], "texture": "#unbreaking"},
				"west": {"uv": [12, 4, 13, 6], "texture": "#unbreaking"},
				"up": {"uv": [12, 4, 13, 5], "texture": "#unbreaking"},
				"down": {"uv": [12, 5, 13, 6], "texture": "#unbreaking"}
			}
		},
		{
			"name": "unbreaking",
			"from": [10, 10, 7.5],
			"to": [11, 12, 8.5],
			"faces": {
				"north": {"uv": [10, 4, 11, 6], "texture": "#unbreaking"},
				"east": {"uv": [10, 4, 11, 6], "texture": "#unbreaking"},
				"south": {"uv": [10, 4, 11, 6], "texture": "#unbreaking"},
				"west": {"uv": [10, 4, 11, 6], "texture": "#unbreaking"},
				"up": {"uv": [10, 4, 11, 5], "texture": "#unbreaking"},
				"down": {"uv": [10, 5, 11, 6], "texture": "#unbreaking"}
			}
		},
		{
			"name": "unbreaking",
			"from": [9, 10, 7.5],
			"to": [11, 13, 8.5],
			"faces": {
				"north": {"uv": [11, 3, 9, 6], "texture": "#unbreaking"},
				"east": {"uv": [10, 3, 11, 6], "texture": "#unbreaking"},
				"south": {"uv": [9, 3, 11, 6], "texture": "#unbreaking"},
				"west": {"uv": [9, 3, 10, 6], "texture": "#unbreaking"},
				"up": {"uv": [9, 3, 11, 4], "texture": "#unbreaking"},
				"down": {"uv": [9, 5, 11, 6], "texture": "#unbreaking"}
			}
		},
		{
			"name": "unbreaking",
			"from": [10, 12, 7.5],
			"to": [13, 14, 8.5],
			"faces": {
				"north": {"uv": [13, 2, 10, 4], "texture": "#unbreaking"},
				"east": {"uv": [12, 2, 13, 4], "texture": "#unbreaking"},
				"south": {"uv": [10, 2, 13, 4], "texture": "#unbreaking"},
				"west": {"uv": [10, 2, 11, 4], "texture": "#unbreaking"},
				"up": {"uv": [10, 2, 13, 3], "texture": "#unbreaking"},
				"down": {"uv": [10, 3, 13, 4], "texture": "#unbreaking"}
			}
		},
		{
			"name": "unbreaking",
			"from": [12, 12, 7.5],
			"to": [13, 13, 8.5],
			"faces": {
				"north": {"uv": [12, 3, 13, 4], "texture": "#unbreaking"},
				"east": {"uv": [12, 3, 13, 4], "texture": "#unbreaking"},
				"south": {"uv": [12, 3, 13, 4], "texture": "#unbreaking"},
				"west": {"uv": [12, 3, 13, 4], "texture": "#unbreaking"},
				"up": {"uv": [12, 3, 13, 4], "texture": "#unbreaking"},
				"down": {"uv": [12, 3, 13, 4], "texture": "#unbreaking"}
			}
		},
		{
			"name": "base",
			"from": [9, 4, 7.5],
			"to": [13, 10, 8.5],
			"faces": {
				"north": {"uv": [13, 6, 9, 12], "texture": "#base"},
				"east": {"uv": [12, 6, 13, 12], "texture": "#base"},
				"south": {"uv": [9, 6, 13, 12], "texture": "#base"},
				"west": {"uv": [9, 6, 10, 12], "texture": "#base"},
				"up": {"uv": [9, 6, 13, 7], "texture": "#base"},
				"down": {"uv": [9, 11, 13, 12], "texture": "#base"}
			}
		},
		{
			"name": "base",
			"from": [11, 3, 7.5],
			"to": [15, 6, 8.5],
			"faces": {
				"north": {"uv": [15, 10, 11, 13], "texture": "#base"},
				"east": {"uv": [14, 10, 15, 13], "texture": "#base"},
				"south": {"uv": [11, 10, 15, 13], "texture": "#base"},
				"west": {"uv": [11, 10, 12, 13], "texture": "#base"},
				"up": {"uv": [11, 10, 15, 11], "texture": "#base"},
				"down": {"uv": [11, 12, 15, 13], "texture": "#base"}
			}
		},
		{
			"name": "base",
			"from": [13, 6, 7.5],
			"to": [14, 7, 8.5],
			"faces": {
				"north": {"uv": [13, 9, 14, 10], "texture": "#base"},
				"east": {"uv": [13, 9, 14, 10], "texture": "#base"},
				"south": {"uv": [13, 9, 14, 10], "texture": "#base"},
				"west": {"uv": [13, 9, 14, 10], "texture": "#base"},
				"up": {"uv": [13, 9, 14, 10], "texture": "#base"},
				"down": {"uv": [13, 9, 14, 10], "texture": "#base"}
			}
		},
		{
			"name": "protection",
			"from": [11, 9, 7.475],
			"to": [13.025, 15, 8.525],
			"faces": {
				"north": {"uv": [13, 1, 11, 7], "texture": "#protection"},
				"east": {"uv": [13, 1, 12, 7], "texture": "#protection"},
				"south": {"uv": [11, 1, 13, 7], "texture": "#protection"},
				"west": {"uv": [11, 1, 12, 7], "texture": "#protection"},
				"up": {"uv": [11, 1, 13, 2], "texture": "#protection"},
				"down": {"uv": [11, 6, 13, 7], "texture": "#protection"}
			}
		},
		{
			"name": "protection",
			"from": [9.99, 9, 7.475],
			"to": [11, 14.01, 8.525],
			"faces": {
				"north": {"uv": [11, 2, 10, 7], "texture": "#protection"},
				"east": {"uv": [11, 2, 10, 7], "texture": "#protection"},
				"south": {"uv": [10, 2, 11, 7], "texture": "#protection"},
				"west": {"uv": [10, 2, 11, 7], "texture": "#protection"},
				"up": {"uv": [10, 2, 11, 3], "texture": "#protection"},
				"down": {"uv": [10, 6, 11, 7], "texture": "#protection"}
			}
		},
		{
			"name": "protection",
			"from": [9.99, 14, 7.475],
			"to": [11, 15, 8.525],
			"faces": {
				"north": {"uv": [10, 1, 11, 2], "texture": "#protection"},
				"east": {"uv": [10, 1, 11, 2], "texture": "#protection"},
				"south": {"uv": [10, 1, 11, 2], "texture": "#protection"},
				"west": {"uv": [10, 1, 11, 2], "texture": "#protection"},
				"up": {"uv": [10, 1, 11, 2], "texture": "#protection"},
				"down": {"uv": [10, 1, 11, 2], "texture": "#protection"}
			}
		},
		{
			"name": "protection",
			"from": [8.975, 9, 7.475],
			"to": [13.025, 11, 8.525],
			"faces": {
				"north": {"uv": [13, 5, 9, 7], "texture": "#protection"},
				"east": {"uv": [12, 5, 13, 7], "texture": "#protection"},
				"south": {"uv": [9, 5, 13, 7], "texture": "#protection"},
				"west": {"uv": [9, 5, 10, 7], "texture": "#protection"},
				"up": {"uv": [9, 5, 13, 6], "texture": "#protection"},
				"down": {"uv": [9, 6, 13, 7], "texture": "#protection"}
			}
		},
		{
			"name": "frost",
			"from": [0, 3, 7.5],
			"to": [1, 4, 8.5],
			"faces": {
				"north": {"uv": [1, 12, 0, 13], "texture": "#ice"},
				"east": {"uv": [0, 12, 1, 13], "texture": "#ice"},
				"south": {"uv": [0, 12, 1, 13], "texture": "#ice"},
				"west": {"uv": [0, 12, 1, 13], "texture": "#ice"},
				"up": {"uv": [0, 12, 1, 13], "texture": "#ice"},
				"down": {"uv": [0, 12, 1, 13], "texture": "#ice"}
			}
		},
		{
			"name": "frost",
			"from": [1, 2, 7.5],
			"to": [7, 3, 8.5],
			"faces": {
				"north": {"uv": [7, 13, 1, 14], "texture": "#ice"},
				"east": {"uv": [6, 13, 7, 14], "texture": "#ice"},
				"south": {"uv": [1, 13, 7, 14], "texture": "#ice"},
				"west": {"uv": [1, 13, 2, 14], "texture": "#ice"},
				"up": {"uv": [1, 13, 7, 14], "texture": "#ice"},
				"down": {"uv": [1, 13, 7, 14], "texture": "#ice"}
			}
		},
		{
			"name": "frost",
			"from": [2, 1, 7.5],
			"to": [5, 2, 8.5],
			"faces": {
				"north": {"uv": [5, 14, 2, 15], "texture": "#ice"},
				"east": {"uv": [4, 14, 5, 15], "texture": "#ice"},
				"south": {"uv": [2, 14, 5, 15], "texture": "#ice"},
				"west": {"uv": [2, 14, 3, 15], "texture": "#ice"},
				"up": {"uv": [2, 14, 5, 15], "texture": "#ice"},
				"down": {"uv": [2, 14, 5, 15], "texture": "#ice"}
			}
		},
		{
			"name": "frost",
			"from": [5, 3, 7.5],
			"to": [11, 4, 8.5],
			"faces": {
				"north": {"uv": [11, 12, 5, 13], "texture": "#ice"},
				"east": {"uv": [10, 12, 11, 13], "texture": "#ice"},
				"south": {"uv": [5, 12, 11, 13], "texture": "#ice"},
				"west": {"uv": [5, 12, 6, 13], "texture": "#ice"},
				"up": {"uv": [5, 12, 11, 13], "texture": "#ice"},
				"down": {"uv": [5, 12, 11, 13], "texture": "#ice"}
			}
		},
		{
			"name": "frost",
			"from": [7, 4, 7.5],
			"to": [9, 5, 8.5],
			"faces": {
				"north": {"uv": [9, 11, 7, 12], "texture": "#ice"},
				"east": {"uv": [8, 11, 9, 12], "texture": "#ice"},
				"south": {"uv": [7, 11, 9, 12], "texture": "#ice"},
				"west": {"uv": [7, 11, 8, 12], "texture": "#ice"},
				"up": {"uv": [7, 11, 9, 12], "texture": "#ice"},
				"down": {"uv": [7, 11, 9, 12], "texture": "#ice"}
			}
		},
		{
			"name": "frost",
			"from": [10, 2, 7.5],
			"to": [15, 3, 8.5],
			"faces": {
				"north": {"uv": [15, 13, 10, 14], "texture": "#ice"},
				"east": {"uv": [14, 13, 15, 14], "texture": "#ice"},
				"south": {"uv": [10, 13, 15, 14], "texture": "#ice"},
				"west": {"uv": [10, 13, 11, 14], "texture": "#ice"},
				"up": {"uv": [10, 13, 15, 14], "texture": "#ice"},
				"down": {"uv": [10, 13, 15, 14], "texture": "#ice"}
			}
		},
		{
			"name": "frost",
			"from": [11, 1, 7.5],
			"to": [14, 2, 8.5],
			"faces": {
				"north": {"uv": [14, 14, 11, 15], "texture": "#ice"},
				"east": {"uv": [13, 14, 14, 15], "texture": "#ice"},
				"south": {"uv": [11, 14, 14, 15], "texture": "#ice"},
				"west": {"uv": [11, 14, 12, 15], "texture": "#ice"},
				"up": {"uv": [11, 14, 14, 15], "texture": "#ice"},
				"down": {"uv": [11, 14, 14, 15], "texture": "#ice"}
			}
		},
		{
			"name": "frost",
			"from": [15, 3, 7.5],
			"to": [16, 5, 8.5],
			"faces": {
				"north": {"uv": [16, 11, 15, 13], "texture": "#ice"},
				"east": {"uv": [15, 11, 16, 13], "texture": "#ice"},
				"south": {"uv": [15, 11, 16, 13], "texture": "#ice"},
				"west": {"uv": [15, 11, 16, 13], "texture": "#ice"},
				"up": {"uv": [15, 11, 16, 12], "texture": "#ice"},
				"down": {"uv": [15, 12, 16, 13], "texture": "#ice"}
			}
		},
		{
			"name": "feather",
			"from": [2, 10, 7.5],
			"to": [3, 13, 8.5],
			"faces": {
				"north": {"uv": [3, 3, 2, 6], "texture": "#feather"},
				"east": {"uv": [2, 3, 3, 6], "texture": "#feather"},
				"south": {"uv": [2, 3, 3, 6], "texture": "#feather"},
				"west": {"uv": [2, 3, 3, 6], "texture": "#feather"},
				"up": {"uv": [2, 3, 3, 4], "texture": "#feather"},
				"down": {"uv": [2, 5, 3, 6], "texture": "#feather"}
			}
		},
		{
			"name": "feather",
			"from": [1, 11, 7.5],
			"to": [2, 14, 8.5],
			"faces": {
				"north": {"uv": [2, 2, 1, 5], "texture": "#feather"},
				"east": {"uv": [1, 2, 2, 5], "texture": "#feather"},
				"south": {"uv": [1, 2, 2, 5], "texture": "#feather"},
				"west": {"uv": [1, 2, 2, 5], "texture": "#feather"},
				"up": {"uv": [1, 2, 2, 3], "texture": "#feather"},
				"down": {"uv": [1, 4, 2, 5], "texture": "#feather"}
			}
		},
		{
			"name": "feather",
			"from": [13, 10, 7.5],
			"to": [14, 13, 8.5],
			"faces": {
				"north": {"uv": [14, 3, 13, 6], "texture": "#feather"},
				"east": {"uv": [13, 3, 14, 6], "texture": "#feather"},
				"south": {"uv": [13, 3, 14, 6], "texture": "#feather"},
				"west": {"uv": [13, 3, 14, 6], "texture": "#feather"},
				"up": {"uv": [13, 3, 14, 4], "texture": "#feather"},
				"down": {"uv": [13, 5, 14, 6], "texture": "#feather"}
			}
		},
		{
			"name": "feather",
			"from": [14, 11, 7.5],
			"to": [15, 14, 8.5],
			"faces": {
				"north": {"uv": [15, 2, 14, 5], "texture": "#feather"},
				"east": {"uv": [14, 2, 15, 5], "texture": "#feather"},
				"south": {"uv": [14, 2, 15, 5], "texture": "#feather"},
				"west": {"uv": [14, 2, 15, 5], "texture": "#feather"},
				"up": {"uv": [14, 2, 15, 3], "texture": "#feather"},
				"down": {"uv": [14, 4, 15, 5], "texture": "#feather"}
			}
		}
	],
	"gui_light": "front",
	"display": {
		"thirdperson_righthand": {
			"translation": [0, 3, 1],
			"scale": [0.55, 0.55, 0.55]
		},
		"thirdperson_lefthand": {
			"translation": [0, 3, 1],
			"scale": [0.55, 0.55, 0.55]
		},
		"firstperson_righthand": {
			"rotation": [0, -90, 25],
			"translation": [1.13, 3.2, 1.13],
			"scale": [0.68, 0.68, 0.68]
		},
		"firstperson_lefthand": {
			"rotation": [0, -90, 25],
			"translation": [1.13, 3.2, 1.13],
			"scale": [0.68, 0.68, 0.68]
		},
		"ground": {
			"translation": [0, 2, 0],
			"scale": [0.5, 0.5, 0.5]
		},
		"head": {
			"rotation": [0, 180, 0],
			"translation": [0, 13, 7]
		},
		"fixed": {
			"rotation": [0, 180, 0]
		}
	}
}