{
	"credit": "Made by CiscuLog with Blockbench",
	"textures": {
		"base": "item/iron_chestplate",
		"unbreaking": "#base",
		"blank": "item/blank",
		"blast": "item/blank",
		"thorns": "item/blank",
		"pads": "item/blank",
		"shield": "#unbreaking",
		"shield2": "#base",
		"shield3": "#base",
		"binding": "item/blank",
		"mending": "item/blank",
		"particle": "#unbreaking"
	},
	"elements": [
		{
			"name": "blank",
			"from": [0, 0, 7.995],
			"to": [16, 16, 8.005],
			"faces": {
				"north": {"uv": [16, 0, 0, 16], "texture": "#blank"},
				"south": {"uv": [0, 0, 16, 16], "texture": "#blank"}
			}
		},
		{
			"name": "shield",
			"from": [1, 8, 7.5],
			"to": [4, 12, 8.5],
			"faces": {
				"north": {"uv": [4, 4, 1, 8], "texture": "#shield"},
				"east": {"uv": [3, 4, 4, 8], "texture": "#shield"},
				"south": {"uv": [1, 4, 4, 8], "texture": "#shield"},
				"west": {"uv": [1, 4, 2, 8], "texture": "#shield"},
				"up": {"uv": [1, 4, 4, 5], "texture": "#shield"},
				"down": {"uv": [1, 7, 4, 8], "texture": "#shield"}
			}
		},
		{
			"name": "shield",
			"from": [1, 6, 7.5],
			"to": [3, 8, 8.5],
			"faces": {
				"north": {"uv": [3, 8, 1, 10], "texture": "#shield"},
				"east": {"uv": [2, 8, 3, 10], "texture": "#shield"},
				"south": {"uv": [1, 8, 3, 10], "texture": "#shield"},
				"west": {"uv": [1, 8, 2, 10], "texture": "#shield"},
				"up": {"uv": [1, 8, 3, 9], "texture": "#shield"},
				"down": {"uv": [1, 9, 3, 10], "texture": "#shield"}
			}
		},
		{
			"name": "shield",
			"from": [3, 7, 7.5],
			"to": [4, 8, 8.5],
			"faces": {
				"north": {"uv": [3, 8, 4, 9], "texture": "#shield2"},
				"east": {"uv": [3, 8, 4, 9], "texture": "#shield2"},
				"south": {"uv": [3, 8, 4, 9], "texture": "#shield2"},
				"west": {"uv": [3, 8, 4, 9], "texture": "#shield2"},
				"up": {"uv": [3, 8, 4, 9], "texture": "#shield2"},
				"down": {"uv": [3, 8, 4, 9], "texture": "#shield2"}
			}
		},
		{
			"name": "shield2",
			"from": [3, 6, 7.5],
			"to": [4, 7, 8.5],
			"faces": {
				"north": {"uv": [3, 9, 4, 10], "rotation": 270, "texture": "#shield3"},
				"east": {"uv": [3, 9, 4, 10], "rotation": 270, "texture": "#shield3"},
				"south": {"uv": [3, 9, 4, 10], "rotation": 270, "texture": "#shield3"},
				"west": {"uv": [3, 9, 4, 10], "rotation": 270, "texture": "#shield3"},
				"up": {"uv": [3, 9, 4, 10], "rotation": 270, "texture": "#shield3"},
				"down": {"uv": [3, 9, 4, 10], "rotation": 270, "texture": "#shield3"}
			}
		},
		{
			"name": "shield",
			"from": [12, 8, 7.5],
			"to": [15, 12, 8.5],
			"faces": {
				"north": {"uv": [15, 4, 12, 8], "texture": "#shield"},
				"east": {"uv": [14, 4, 15, 8], "texture": "#shield"},
				"south": {"uv": [12, 4, 15, 8], "texture": "#shield"},
				"west": {"uv": [12, 4, 13, 8], "texture": "#shield"},
				"up": {"uv": [12, 4, 15, 5], "texture": "#shield"},
				"down": {"uv": [12, 7, 15, 8], "texture": "#shield"}
			}
		},
		{
			"name": "shield",
			"from": [13, 6, 7.5],
			"to": [15, 8, 8.5],
			"faces": {
				"north": {"uv": [15, 8, 13, 10], "texture": "#shield"},
				"east": {"uv": [14, 8, 15, 10], "texture": "#shield"},
				"south": {"uv": [13, 8, 15, 10], "texture": "#shield"},
				"west": {"uv": [13, 8, 14, 10], "texture": "#shield"},
				"up": {"uv": [13, 8, 15, 9], "texture": "#shield"},
				"down": {"uv": [13, 9, 15, 10], "texture": "#shield"}
			}
		},
		{
			"name": "shield",
			"from": [12, 7, 7.5],
			"to": [13, 8, 8.5],
			"faces": {
				"north": {"uv": [12, 8, 13, 9], "texture": "#shield2"},
				"east": {"uv": [12, 8, 13, 9], "texture": "#shield2"},
				"south": {"uv": [12, 8, 13, 9], "texture": "#shield2"},
				"west": {"uv": [12, 8, 13, 9], "texture": "#shield2"},
				"up": {"uv": [12, 8, 13, 9], "texture": "#shield2"},
				"down": {"uv": [12, 8, 13, 9], "texture": "#shield2"}
			}
		},
		{
			"name": "shield2",
			"from": [12, 6, 7.5],
			"to": [13, 7, 8.5],
			"faces": {
				"north": {"uv": [12, 9, 13, 10], "rotation": 270, "texture": "#shield3"},
				"east": {"uv": [12, 9, 13, 10], "rotation": 270, "texture": "#shield3"},
				"south": {"uv": [12, 9, 13, 10], "rotation": 270, "texture": "#shield3"},
				"west": {"uv": [12, 9, 13, 10], "rotation": 270, "texture": "#shield3"},
				"up": {"uv": [12, 9, 13, 10], "rotation": 270, "texture": "#shield3"},
				"down": {"uv": [12, 9, 13, 10], "rotation": 270, "texture": "#shield3"}
			}
		},
		{
			"name": "base",
			"from": [3, 3, 7.5],
			"to": [13, 6, 8.5],
			"faces": {
				"north": {"uv": [13, 10, 3, 13], "texture": "#base"},
				"east": {"uv": [12, 10, 13, 13], "texture": "#base"},
				"south": {"uv": [3, 10, 13, 13], "texture": "#base"},
				"west": {"uv": [3, 10, 4, 13], "texture": "#base"},
				"up": {"uv": [3, 10, 13, 11], "texture": "#base"},
				"down": {"uv": [3, 12, 13, 13], "texture": "#base"}
			}
		},
		{
			"name": "base",
			"from": [4, 2, 7.5],
			"to": [12, 8, 8.5],
			"faces": {
				"north": {"uv": [12, 8, 4, 14], "texture": "#base"},
				"east": {"uv": [12, 8, 11, 14], "texture": "#base"},
				"south": {"uv": [4, 8, 12, 14], "texture": "#base"},
				"west": {"uv": [5, 8, 4, 14], "texture": "#base"},
				"up": {"uv": [12, 8, 4, 9], "texture": "#base"},
				"down": {"uv": [12, 13, 4, 14], "texture": "#base"}
			}
		},
		{
			"name": "base",
			"from": [5, 1, 7.5],
			"to": [11, 2, 8.5],
			"faces": {
				"north": {"uv": [11, 14, 5, 15], "texture": "#base"},
				"east": {"uv": [11, 14, 10, 15], "texture": "#base"},
				"south": {"uv": [5, 14, 11, 15], "texture": "#base"},
				"west": {"uv": [6, 14, 5, 15], "texture": "#base"},
				"up": {"uv": [11, 14, 5, 15], "texture": "#base"},
				"down": {"uv": [11, 14, 5, 15], "texture": "#base"}
			}
		},
		{
			"name": "base",
			"from": [5, 8, 7.5],
			"to": [6, 9, 8.5],
			"faces": {
				"north": {"uv": [6, 7, 5, 8], "texture": "#base"},
				"east": {"uv": [6, 7, 5, 8], "texture": "#base"},
				"south": {"uv": [6, 7, 5, 8], "texture": "#base"},
				"west": {"uv": [6, 7, 5, 8], "texture": "#base"},
				"up": {"uv": [6, 7, 5, 8], "texture": "#base"},
				"down": {"uv": [6, 7, 5, 8], "texture": "#base"}
			}
		},
		{
			"name": "base",
			"from": [10, 8, 7.5],
			"to": [11, 9, 8.5],
			"faces": {
				"north": {"uv": [11, 7, 10, 8], "texture": "#base"},
				"east": {"uv": [11, 7, 10, 8], "texture": "#base"},
				"south": {"uv": [11, 7, 10, 8], "texture": "#base"},
				"west": {"uv": [11, 7, 10, 8], "texture": "#base"},
				"up": {"uv": [11, 7, 10, 8], "texture": "#base"},
				"down": {"uv": [11, 7, 10, 8], "texture": "#base"}
			}
		},
		{
			"from": [1, 12, 7.5],
			"to": [6, 14, 8.5],
			"faces": {
				"north": {"uv": [6, 2, 1, 4], "texture": "#unbreaking"},
				"east": {"uv": [5, 2, 6, 4], "texture": "#unbreaking"},
				"south": {"uv": [1, 2, 6, 4], "texture": "#unbreaking"},
				"west": {"uv": [1, 2, 2, 4], "texture": "#unbreaking"},
				"up": {"uv": [1, 2, 6, 3], "texture": "#unbreaking"},
				"down": {"uv": [1, 3, 6, 4], "texture": "#unbreaking"}
			}
		},
		{
			"from": [10, 12, 7.5],
			"to": [15, 14, 8.5],
			"faces": {
				"north": {"uv": [15, 2, 10, 4], "texture": "#unbreaking"},
				"east": {"uv": [14, 2, 15, 4], "texture": "#unbreaking"},
				"south": {"uv": [10, 2, 15, 4], "texture": "#unbreaking"},
				"west": {"uv": [10, 2, 11, 4], "texture": "#unbreaking"},
				"up": {"uv": [10, 2, 15, 3], "texture": "#unbreaking"},
				"down": {"uv": [10, 3, 15, 4], "texture": "#unbreaking"}
			}
		},
		{
			"from": [4, 9, 7.5],
			"to": [7, 12, 8.5],
			"faces": {
				"north": {"uv": [7, 4, 4, 7], "texture": "#unbreaking"},
				"east": {"uv": [6, 4, 7, 7], "texture": "#unbreaking"},
				"south": {"uv": [4, 4, 7, 7], "texture": "#unbreaking"},
				"west": {"uv": [4, 4, 5, 7], "texture": "#unbreaking"},
				"up": {"uv": [4, 4, 7, 5], "texture": "#unbreaking"},
				"down": {"uv": [4, 6, 7, 7], "texture": "#unbreaking"}
			}
		},
		{
			"from": [9, 9, 7.5],
			"to": [12, 12, 8.5],
			"faces": {
				"north": {"uv": [12, 4, 9, 7], "texture": "#unbreaking"},
				"east": {"uv": [11, 4, 12, 7], "texture": "#unbreaking"},
				"south": {"uv": [9, 4, 12, 7], "texture": "#unbreaking"},
				"west": {"uv": [9, 4, 10, 7], "texture": "#unbreaking"},
				"up": {"uv": [9, 4, 12, 5], "texture": "#unbreaking"},
				"down": {"uv": [9, 6, 12, 7], "texture": "#unbreaking"}
			}
		},
		{
			"from": [6, 8, 7.5],
			"to": [10, 11, 8.5],
			"faces": {
				"north": {"uv": [10, 5, 6, 8], "texture": "#unbreaking"},
				"east": {"uv": [9, 5, 10, 8], "texture": "#unbreaking"},
				"south": {"uv": [6, 5, 10, 8], "texture": "#unbreaking"},
				"west": {"uv": [6, 5, 7, 8], "texture": "#unbreaking"},
				"up": {"uv": [6, 5, 10, 6], "texture": "#unbreaking"},
				"down": {"uv": [6, 7, 10, 8], "texture": "#unbreaking"}
			}
		},
		{
			"from": [4, 8, 7.5],
			"to": [5, 9, 8.5],
			"faces": {
				"north": {"uv": [4, 7, 5, 8], "texture": "#unbreaking"},
				"east": {"uv": [4, 7, 5, 8], "texture": "#unbreaking"},
				"south": {"uv": [4, 7, 5, 8], "texture": "#unbreaking"},
				"west": {"uv": [4, 7, 5, 8], "texture": "#unbreaking"},
				"up": {"uv": [4, 7, 5, 8], "texture": "#unbreaking"},
				"down": {"uv": [4, 7, 5, 8], "texture": "#unbreaking"}
			}
		},
		{
			"from": [11, 8, 7.5],
			"to": [12, 9, 8.5],
			"faces": {
				"north": {"uv": [11, 7, 12, 8], "texture": "#unbreaking"},
				"east": {"uv": [11, 7, 12, 8], "texture": "#unbreaking"},
				"south": {"uv": [11, 7, 12, 8], "texture": "#unbreaking"},
				"west": {"uv": [11, 7, 12, 8], "texture": "#unbreaking"},
				"up": {"uv": [11, 7, 12, 8], "texture": "#unbreaking"},
				"down": {"uv": [11, 7, 12, 8], "texture": "#unbreaking"}
			}
		},
		{
			"name": "blast",
			"from": [5, 3, 7.35],
			"to": [11, 9, 8.65],
			"faces": {
				"north": {"uv": [11, 7, 5, 13], "texture": "#blast"},
				"south": {"uv": [5, 7, 11, 13], "texture": "#blast"}
			}
		},
		{
			"name": "thorns",
			"from": [3, 2, 7.425],
			"to": [13, 13, 8.575],
			"faces": {
				"north": {"uv": [13, 3, 3, 14], "texture": "#thorns"},
				"south": {"uv": [3, 3, 13, 14], "texture": "#thorns"},
				"up": {"uv": [3, 3, 13, 4], "texture": "#thorns"},
				"down": {"uv": [3, 13, 13, 14], "texture": "#thorns"}
			}
		},
		{
			"name": "protection",
			"from": [0.95, 7.95, 7.4],
			"to": [6.05, 14.05, 8.6],
			"faces": {
				"north": {"uv": [6, 2, 1, 8], "texture": "#pads"},
				"east": {"uv": [5, 2, 6, 8], "texture": "#pads"},
				"south": {"uv": [1, 2, 6, 8], "texture": "#pads"},
				"west": {"uv": [1, 2, 2, 8], "texture": "#pads"},
				"up": {"uv": [1, 2, 6, 3], "texture": "#pads"},
				"down": {"uv": [1, 7, 6, 8], "texture": "#pads"}
			}
		},
		{
			"name": "protection",
			"from": [9.95, 7.95, 7.4],
			"to": [15.05, 14.05, 8.6],
			"faces": {
				"north": {"uv": [15, 2, 10, 8], "texture": "#pads"},
				"east": {"uv": [14, 2, 15, 8], "texture": "#pads"},
				"south": {"uv": [10, 2, 15, 8], "texture": "#pads"},
				"west": {"uv": [10, 2, 11, 8], "texture": "#pads"},
				"up": {"uv": [10, 2, 15, 3], "texture": "#pads"},
				"down": {"uv": [10, 7, 15, 8], "texture": "#pads"}
			}
		},
		{
			"from": [11, 0, 7.45],
			"to": [16, 4, 8.55],
			"faces": {
				"north": {"uv": [16, 12, 11, 16], "texture": "#binding"},
				"east": {"uv": [15, 12, 16, 16], "texture": "#binding"},
				"south": {"uv": [11, 12, 16, 16], "texture": "#binding"},
				"west": {"uv": [11, 12, 12, 16], "texture": "#binding"},
				"up": {"uv": [11, 12, 16, 13], "texture": "#binding"},
				"down": {"uv": [11, 15, 16, 16], "texture": "#binding"}
			}
		},
		{
			"from": [11, 4, 7.99],
			"to": [16, 6, 8.09],
			"faces": {
				"north": {"uv": [16, 10, 11, 12], "texture": "#binding"},
				"east": {"uv": [16, 10, 15, 12], "texture": "#binding"},
				"south": {"uv": [11, 10, 16, 12], "texture": "#binding"},
				"west": {"uv": [11, 10, 12, 12], "texture": "#binding"},
				"up": {"uv": [11, 10, 16, 11], "texture": "#binding"}
			}
		},
		{
			"from": [0, 0, 7.5],
			"to": [2, 2, 8.5],
			"faces": {
				"north": {"uv": [2, 14, 0, 16], "texture": "#mending"},
				"east": {"uv": [1, 14, 2, 16], "texture": "#mending"},
				"south": {"uv": [0, 14, 2, 16], "texture": "#mending"},
				"west": {"uv": [0, 14, 1, 16], "texture": "#mending"},
				"up": {"uv": [0, 14, 2, 15], "texture": "#mending"},
				"down": {"uv": [0, 15, 2, 16], "texture": "#mending"}
			}
		}
	],
	"gui_light": "front",
	"display": {
		"thirdperson_righthand": {
			"translation": [0, 3, 1],
			"scale": [0.55, 0.55, 0.55]
		},
		"thirdperson_lefthand": {
			"translation": [0, 3, 1],
			"scale": [0.55, 0.55, 0.55]
		},
		"firstperson_righthand": {
			"rotation": [0, -90, 25],
			"translation": [1.13, 3.2, 1.13],
			"scale": [0.68, 0.68, 0.68]
		},
		"firstperson_lefthand": {
			"rotation": [0, -90, 25],
			"translation": [1.13, 3.2, 1.13],
			"scale": [0.68, 0.68, 0.68]
		},
		"ground": {
			"translation": [0, 2, 0],
			"scale": [0.5, 0.5, 0.5]
		},
		"head": {
			"rotation": [0, 180, 0],
			"translation": [0, 13, 7]
		},
		"fixed": {
			"rotation": [0, 180, 0]
		}
	}
}