{
	"credit": "Made by CiscuLog with Blockbench",
	"textures": {
		"particle": "item/blank",
		"blank": "item/blank",
		"binding": "item/armor/chestplate/binding",
		"mending": "item/armor/chestplate/mending",
		"base": "item/armor/helmet/iron_helmet",
		"blast": "item/armor/helmet/blast_protection",
		"protection": "item/armor/helmet/fire_protection",
		"shields": "item/armor/helmet/projectile_protection",
		"unbreaking": "item/armor/helmet/unbreaking",
		"thorns": "item/armor/helmet/thorns",
		"respiration": "item/armor/helmet/respiration",
		"aqua": "item/armor/helmet/aqua_affinity"
	},
	"elements": [
		{
			"from": [11, 0, 7.95],
			"to": [16, 4, 9.05],
			"faces": {
				"north": {"uv": [16, 12, 11, 16], "texture": "#binding"},
				"east": {"uv": [15, 12, 16, 16], "texture": "#binding"},
				"south": {"uv": [11, 12, 16, 16], "texture": "#binding"},
				"west": {"uv": [11, 12, 12, 16], "texture": "#binding"},
				"up": {"uv": [11, 12, 16, 13], "texture": "#binding"},
				"down": {"uv": [11, 15, 16, 16], "texture": "#binding"}
			}
		},
		{
			"name": "respiration",
			"from": [7, 2, 7.95],
			"to": [9, 6, 9.05],
			"faces": {
				"north": {"uv": [9, 10, 7, 14], "texture": "#respiration"},
				"east": {"uv": [8, 10, 9, 14], "texture": "#respiration"},
				"south": {"uv": [7, 10, 9, 14], "texture": "#respiration"},
				"west": {"uv": [7, 10, 8, 14], "texture": "#respiration"},
				"up": {"uv": [7, 10, 9, 11], "texture": "#respiration"},
				"down": {"uv": [7, 13, 9, 14], "texture": "#respiration"}
			}
		},
		{
			"name": "respiration",
			"from": [6, 3, 7.95],
			"to": [10, 5, 9.05],
			"faces": {
				"north": {"uv": [10, 11, 6, 13], "texture": "#respiration"},
				"east": {"uv": [9, 11, 10, 13], "texture": "#respiration"},
				"south": {"uv": [6, 11, 10, 13], "texture": "#respiration"},
				"west": {"uv": [6, 11, 7, 13], "texture": "#respiration"},
				"up": {"uv": [6, 11, 10, 12], "texture": "#respiration"},
				"down": {"uv": [6, 12, 10, 13], "texture": "#respiration"}
			}
		},
		{
			"from": [11, 4, 8.49],
			"to": [16, 6, 8.59],
			"faces": {
				"north": {"uv": [16, 10, 11, 12], "texture": "#binding"},
				"east": {"uv": [16, 10, 15, 12], "texture": "#binding"},
				"south": {"uv": [11, 10, 16, 12], "texture": "#binding"},
				"west": {"uv": [11, 10, 12, 12], "texture": "#binding"},
				"up": {"uv": [11, 10, 16, 11], "texture": "#binding"}
			}
		},
		{
			"from": [0, 0, 8],
			"to": [2, 2, 9],
			"faces": {
				"north": {"uv": [2, 14, 0, 16], "texture": "#mending"},
				"east": {"uv": [1, 14, 2, 16], "texture": "#mending"},
				"south": {"uv": [0, 14, 2, 16], "texture": "#mending"},
				"west": {"uv": [0, 14, 1, 16], "texture": "#mending"},
				"up": {"uv": [0, 14, 2, 15], "texture": "#mending"},
				"down": {"uv": [0, 15, 2, 16], "texture": "#mending"}
			}
		},
		{
			"name": "blank",
			"from": [0, 0, 8.495],
			"to": [16, 16, 8.505],
			"faces": {
				"north": {"uv": [16, 0, 0, 16], "texture": "#blank"},
				"south": {"uv": [0, 0, 16, 16], "texture": "#blank"}
			}
		},
		{
			"from": [3, 5, 8],
			"to": [13, 11, 9],
			"faces": {
				"north": {"uv": [13, 5, 3, 11], "texture": "#base"},
				"east": {"uv": [12, 5, 13, 11], "texture": "#base"},
				"south": {"uv": [3, 5, 13, 11], "texture": "#base"},
				"west": {"uv": [3, 5, 4, 11], "texture": "#base"},
				"up": {"uv": [3, 5, 13, 6], "texture": "#base"},
				"down": {"uv": [3, 10, 13, 11], "texture": "#base"}
			}
		},
		{
			"from": [4, 4, 8],
			"to": [6, 12, 9],
			"faces": {
				"north": {"uv": [6, 4, 4, 12], "texture": "#base"},
				"east": {"uv": [5, 4, 6, 12], "texture": "#base"},
				"south": {"uv": [4, 4, 6, 12], "texture": "#base"},
				"west": {"uv": [4, 4, 5, 12], "texture": "#base"},
				"up": {"uv": [4, 4, 6, 5], "texture": "#base"},
				"down": {"uv": [4, 12, 6, 11], "texture": "#base"}
			}
		},
		{
			"from": [10, 4, 8],
			"to": [12, 12, 9],
			"faces": {
				"north": {"uv": [12, 4, 10, 12], "texture": "#base"},
				"east": {"uv": [11, 4, 12, 12], "texture": "#base"},
				"south": {"uv": [10, 4, 12, 12], "texture": "#base"},
				"west": {"uv": [10, 4, 11, 12], "texture": "#base"},
				"up": {"uv": [10, 4, 12, 5], "texture": "#base"},
				"down": {"uv": [10, 12, 12, 11], "texture": "#base"}
			}
		},
		{
			"from": [5, 11, 8],
			"to": [11, 13, 9],
			"faces": {
				"north": {"uv": [11, 3, 5, 5], "texture": "#base"},
				"east": {"uv": [10, 3, 11, 5], "texture": "#base"},
				"south": {"uv": [5, 3, 11, 5], "texture": "#base"},
				"west": {"uv": [5, 3, 6, 5], "texture": "#base"},
				"up": {"uv": [5, 3, 11, 4], "texture": "#base"},
				"down": {"uv": [5, 4, 11, 5], "texture": "#base"}
			}
		},
		{
			"name": "protection",
			"from": [2.95, 7.95, 7.95],
			"to": [13.05, 13.05, 9.05],
			"faces": {
				"north": {"uv": [13, 3, 3, 8], "texture": "#protection"},
				"east": {"uv": [12, 3, 13, 8], "texture": "#protection"},
				"south": {"uv": [3, 3, 13, 8], "texture": "#protection"},
				"west": {"uv": [3, 3, 4, 8], "texture": "#protection"},
				"up": {"uv": [3, 3, 13, 4], "texture": "#protection"},
				"down": {"uv": [3, 7, 13, 8], "texture": "#protection"}
			}
		},
		{
			"name": "unbreaking",
			"from": [6.975, 6.975, 7.975],
			"to": [9.025, 13.025, 9.025],
			"faces": {
				"north": {"uv": [9, 3, 7, 9], "texture": "#unbreaking"},
				"east": {"uv": [8, 3, 9, 9], "texture": "#unbreaking"},
				"south": {"uv": [7, 3, 9, 9], "texture": "#unbreaking"},
				"west": {"uv": [7, 3, 8, 9], "texture": "#unbreaking"},
				"up": {"uv": [7, 3, 9, 4], "texture": "#unbreaking"},
				"down": {"uv": [7, 8, 9, 9], "texture": "#unbreaking"}
			}
		},
		{
			"name": "thorns",
			"from": [3.975, 5.975, 7.975],
			"to": [12.025, 13.025, 9.025],
			"faces": {
				"north": {"uv": [12, 3, 4, 10], "texture": "#thorns"},
				"east": {"uv": [11, 3, 12, 10], "texture": "#thorns"},
				"south": {"uv": [4, 3, 12, 10], "texture": "#thorns"},
				"west": {"uv": [4, 3, 5, 10], "texture": "#thorns"},
				"up": {"uv": [4, 3, 12, 4], "texture": "#thorns"},
				"down": {"uv": [4, 9, 12, 10], "texture": "#thorns"}
			}
		},
		{
			"name": "shields",
			"from": [2.05, 6, 7.975],
			"to": [13.95, 12, 9.025],
			"faces": {
				"north": {"uv": [14, 4, 2, 10], "texture": "#shields"},
				"east": {"uv": [13, 4, 14, 10], "texture": "#shields"},
				"south": {"uv": [2, 4, 14, 10], "texture": "#shields"},
				"west": {"uv": [2, 4, 3, 10], "texture": "#shields"},
				"up": {"uv": [2, 4, 14, 5], "texture": "#shields"},
				"down": {"uv": [2, 9, 14, 10], "texture": "#shields"}
			}
		},
		{
			"name": "blast",
			"from": [1.95, 6.95, 7.95],
			"to": [4.05, 14.05, 9.05],
			"faces": {
				"north": {"uv": [4, 3, 2, 9], "texture": "#blast"},
				"east": {"uv": [3, 3, 4, 9], "texture": "#blast"},
				"south": {"uv": [2, 3, 4, 9], "texture": "#blast"},
				"west": {"uv": [2, 3, 3, 9], "texture": "#blast"},
				"up": {"uv": [2, 3, 4, 4], "texture": "#blast"},
				"down": {"uv": [2, 8, 4, 9], "texture": "#blast"}
			}
		},
		{
			"name": "blast",
			"from": [11.95, 6.95, 7.95],
			"to": [14.05, 14.05, 9.05],
			"faces": {
				"north": {"uv": [14, 3, 12, 9], "texture": "#blast"},
				"east": {"uv": [13, 3, 14, 9], "texture": "#blast"},
				"south": {"uv": [12, 3, 14, 9], "texture": "#blast"},
				"west": {"uv": [12, 3, 13, 9], "texture": "#blast"},
				"up": {"uv": [12, 3, 14, 4], "texture": "#blast"},
				"down": {"uv": [12, 8, 14, 9], "texture": "#blast"}
			}
		},
		{
			"from": [1, 10, 7.975],
			"to": [3, 13, 9.025],
			"faces": {
				"north": {"uv": [3, 3, 1, 6], "texture": "#aqua"},
				"east": {"uv": [2, 3, 3, 6], "texture": "#aqua"},
				"south": {"uv": [1, 3, 3, 6], "texture": "#aqua"},
				"west": {"uv": [1, 3, 2, 6], "texture": "#aqua"},
				"up": {"uv": [1, 3, 3, 4], "texture": "#aqua"},
				"down": {"uv": [1, 5, 3, 6], "texture": "#aqua"}
			}
		},
		{
			"from": [13, 10, 7.975],
			"to": [15, 13, 9.025],
			"faces": {
				"north": {"uv": [15, 3, 13, 6], "texture": "#aqua"},
				"east": {"uv": [14, 3, 15, 6], "texture": "#aqua"},
				"south": {"uv": [13, 3, 15, 6], "texture": "#aqua"},
				"west": {"uv": [13, 3, 14, 6], "texture": "#aqua"},
				"up": {"uv": [13, 3, 15, 4], "texture": "#aqua"},
				"down": {"uv": [13, 5, 15, 6], "texture": "#aqua"}
			}
		},
		{
			"from": [2, 9, 7.975],
			"to": [4, 12, 9.025],
			"faces": {
				"north": {"uv": [4, 4, 2, 7], "texture": "#aqua"},
				"east": {"uv": [3, 4, 4, 7], "texture": "#aqua"},
				"south": {"uv": [2, 4, 4, 7], "texture": "#aqua"},
				"west": {"uv": [2, 4, 3, 7], "texture": "#aqua"},
				"up": {"uv": [2, 4, 4, 5], "texture": "#aqua"},
				"down": {"uv": [2, 6, 4, 7], "texture": "#aqua"}
			}
		},
		{
			"from": [12, 9, 7.975],
			"to": [14, 12, 9.025],
			"faces": {
				"north": {"uv": [14, 4, 12, 7], "texture": "#aqua"},
				"east": {"uv": [13, 4, 14, 7], "texture": "#aqua"},
				"south": {"uv": [12, 4, 14, 7], "texture": "#aqua"},
				"west": {"uv": [12, 4, 13, 7], "texture": "#aqua"},
				"up": {"uv": [12, 4, 14, 5], "texture": "#aqua"},
				"down": {"uv": [12, 6, 14, 7], "texture": "#aqua"}
			}
		}
	],
	"gui_light": "front",
	"display": {
		"thirdperson_righthand": {
			"translation": [0, 3, 1],
			"scale": [0.55, 0.55, 0.55]
		},
		"thirdperson_lefthand": {
			"translation": [0, 3, 1],
			"scale": [0.55, 0.55, 0.55]
		},
		"firstperson_righthand": {
			"rotation": [0, -90, 25],
			"translation": [1.13, 3.2, 1.13],
			"scale": [0.68, 0.68, 0.68]
		},
		"firstperson_lefthand": {
			"rotation": [0, -90, 25],
			"translation": [1.13, 3.2, 1.13],
			"scale": [0.68, 0.68, 0.68]
		},
		"ground": {
			"translation": [0, 2, 0],
			"scale": [0.5, 0.5, 0.5]
		},
		"head": {
			"rotation": [0, 180, 0],
			"translation": [0, 13, 7]
		},
		"fixed": {
			"rotation": [0, 180, 0]
		}
	}
}