{
	"credit": "Made by CiscuLog with Blockbench",
	"textures": {
		"base": "item/iron_leggings",
		"unbreaking": "#base",
		"protection": "item/blank",
		"socks": "#base",
		"binding": "item/blank",
		"thorns": "item/blank",
		"mending": "item/blank",
		"particle": "#unbreaking"
	},
	"elements": [
		{
			"from": [0, 0, 8],
			"to": [16, 16, 8],
			"faces": {
				"north": {"uv": [16, 0, 0, 16], "texture": "#base"},
				"east": {"uv": [0, 0, 1, 1], "texture": "#base"},
				"south": {"uv": [0, 0, 16, 16], "texture": "#base"},
				"west": {"uv": [0, 0, 1, 1], "texture": "#base"},
				"up": {"uv": [0, 0, 1, 1], "texture": "#base"},
				"down": {"uv": [0, 0, 1, 1], "texture": "#base"}
			}
		},
		{
			"from": [6, 11, 7.5],
			"to": [10, 14, 8.5],
			"faces": {
				"north": {"uv": [10, 2, 6, 5], "texture": "#base"},
				"east": {"uv": [9, 2, 10, 5], "texture": "#base"},
				"south": {"uv": [6, 2, 10, 5], "texture": "#base"},
				"west": {"uv": [6, 2, 7, 5], "texture": "#base"},
				"up": {"uv": [6, 2, 10, 3], "texture": "#base"},
				"down": {"uv": [6, 4, 10, 5], "texture": "#base"}
			}
		},
		{
			"from": [7, 9, 7.5],
			"to": [9, 11, 8.5],
			"faces": {
				"north": {"uv": [9, 5, 7, 7], "texture": "#base"},
				"east": {"uv": [8, 5, 9, 7], "texture": "#base"},
				"south": {"uv": [7, 5, 9, 7], "texture": "#base"},
				"west": {"uv": [7, 5, 8, 7], "texture": "#base"},
				"up": {"uv": [7, 5, 9, 6], "texture": "#base"},
				"down": {"uv": [7, 6, 9, 7], "texture": "#base"}
			}
		},
		{
			"from": [5, 7, 7.5],
			"to": [7, 8, 8.5],
			"faces": {
				"north": {"uv": [7, 8, 5, 9], "texture": "#base"},
				"east": {"uv": [6, 8, 7, 9], "texture": "#base"},
				"south": {"uv": [5, 8, 7, 9], "texture": "#base"},
				"west": {"uv": [5, 8, 6, 9], "texture": "#base"},
				"up": {"uv": [5, 8, 7, 9], "texture": "#base"},
				"down": {"uv": [5, 8, 7, 9], "texture": "#base"}
			}
		},
		{
			"from": [6, 8, 7.5],
			"to": [7, 9, 8.5],
			"faces": {
				"north": {"uv": [7, 8, 6, 9], "texture": "#base"},
				"east": {"uv": [6, 8, 7, 9], "texture": "#base"},
				"south": {"uv": [6, 8, 7, 9], "texture": "#base"},
				"west": {"uv": [6, 8, 7, 9], "texture": "#base"},
				"up": {"uv": [6, 8, 7, 9], "texture": "#base"},
				"down": {"uv": [6, 8, 7, 9], "texture": "#base"}
			}
		},
		{
			"from": [9, 7, 7.5],
			"to": [11, 8, 8.5],
			"faces": {
				"north": {"uv": [11, 8, 9, 9], "texture": "#base"},
				"east": {"uv": [10, 8, 11, 9], "texture": "#base"},
				"south": {"uv": [9, 8, 11, 9], "texture": "#base"},
				"west": {"uv": [9, 8, 10, 9], "texture": "#base"},
				"up": {"uv": [9, 8, 11, 9], "texture": "#base"},
				"down": {"uv": [9, 8, 11, 9], "texture": "#base"}
			}
		},
		{
			"from": [9, 8, 7.5],
			"to": [10, 9, 8.5],
			"faces": {
				"north": {"uv": [10, 8, 9, 9], "texture": "#base"},
				"east": {"uv": [9, 8, 10, 9], "texture": "#base"},
				"south": {"uv": [9, 8, 10, 9], "texture": "#base"},
				"west": {"uv": [9, 8, 10, 9], "texture": "#base"},
				"up": {"uv": [9, 8, 10, 9], "texture": "#base"},
				"down": {"uv": [9, 8, 10, 9], "texture": "#base"}
			}
		},
		{
			"from": [3, 7, 7.5],
			"to": [5, 8, 8.5],
			"faces": {
				"north": {"uv": [5, 8, 3, 9], "texture": "#unbreaking"},
				"east": {"uv": [4, 8, 5, 9], "texture": "#unbreaking"},
				"south": {"uv": [3, 8, 5, 9], "texture": "#unbreaking"},
				"west": {"uv": [3, 8, 4, 9], "texture": "#unbreaking"},
				"up": {"uv": [3, 8, 5, 9], "texture": "#unbreaking"},
				"down": {"uv": [3, 8, 5, 9], "texture": "#unbreaking"}
			}
		},
		{
			"from": [3, 8, 7.5],
			"to": [6, 13, 8.5],
			"faces": {
				"north": {"uv": [6, 3, 3, 8], "texture": "#unbreaking"},
				"east": {"uv": [5, 3, 6, 8], "texture": "#unbreaking"},
				"south": {"uv": [3, 3, 6, 8], "texture": "#unbreaking"},
				"west": {"uv": [3, 3, 4, 8], "texture": "#unbreaking"},
				"up": {"uv": [3, 3, 6, 4], "texture": "#unbreaking"},
				"down": {"uv": [3, 7, 6, 8], "texture": "#unbreaking"}
			}
		},
		{
			"from": [4, 13, 7.5],
			"to": [6, 14, 8.5],
			"faces": {
				"north": {"uv": [6, 2, 4, 3], "texture": "#unbreaking"},
				"east": {"uv": [5, 2, 6, 3], "texture": "#unbreaking"},
				"south": {"uv": [4, 2, 6, 3], "texture": "#unbreaking"},
				"west": {"uv": [4, 2, 5, 3], "texture": "#unbreaking"},
				"up": {"uv": [4, 2, 6, 3], "texture": "#unbreaking"},
				"down": {"uv": [4, 2, 6, 3], "texture": "#unbreaking"}
			}
		},
		{
			"from": [6, 9, 7.5],
			"to": [7, 11, 8.5],
			"faces": {
				"north": {"uv": [6, 5, 7, 7], "texture": "#unbreaking"},
				"east": {"uv": [6, 5, 7, 7], "texture": "#unbreaking"},
				"south": {"uv": [6, 5, 7, 7], "texture": "#unbreaking"},
				"west": {"uv": [6, 5, 7, 7], "texture": "#unbreaking"},
				"up": {"uv": [6, 5, 7, 6], "texture": "#unbreaking"},
				"down": {"uv": [6, 6, 7, 7], "texture": "#unbreaking"}
			}
		},
		{
			"from": [11, 7, 7.5],
			"to": [13, 8, 8.5],
			"faces": {
				"north": {"uv": [13, 8, 11, 9], "texture": "#unbreaking"},
				"east": {"uv": [12, 8, 13, 9], "texture": "#unbreaking"},
				"south": {"uv": [11, 8, 13, 9], "texture": "#unbreaking"},
				"west": {"uv": [11, 8, 12, 9], "texture": "#unbreaking"},
				"up": {"uv": [11, 8, 13, 9], "texture": "#unbreaking"},
				"down": {"uv": [11, 8, 13, 9], "texture": "#unbreaking"}
			}
		},
		{
			"from": [10, 8, 7.5],
			"to": [13, 13, 8.5],
			"faces": {
				"north": {"uv": [13, 3, 10, 8], "texture": "#unbreaking"},
				"east": {"uv": [12, 3, 13, 8], "texture": "#unbreaking"},
				"south": {"uv": [10, 3, 13, 8], "texture": "#unbreaking"},
				"west": {"uv": [10, 3, 11, 8], "texture": "#unbreaking"},
				"up": {"uv": [10, 3, 13, 4], "texture": "#unbreaking"},
				"down": {"uv": [10, 7, 13, 8], "texture": "#unbreaking"}
			}
		},
		{
			"from": [10, 13, 7.5],
			"to": [12, 14, 8.5],
			"faces": {
				"north": {"uv": [12, 2, 10, 3], "texture": "#unbreaking"},
				"east": {"uv": [11, 2, 12, 3], "texture": "#unbreaking"},
				"south": {"uv": [10, 2, 12, 3], "texture": "#unbreaking"},
				"west": {"uv": [10, 2, 11, 3], "texture": "#unbreaking"},
				"up": {"uv": [10, 2, 12, 3], "texture": "#unbreaking"},
				"down": {"uv": [10, 2, 12, 3], "texture": "#unbreaking"}
			}
		},
		{
			"from": [9, 9, 7.5],
			"to": [10, 11, 8.5],
			"faces": {
				"north": {"uv": [9, 5, 10, 7], "texture": "#unbreaking"},
				"east": {"uv": [9, 5, 10, 7], "texture": "#unbreaking"},
				"south": {"uv": [9, 5, 10, 7], "texture": "#unbreaking"},
				"west": {"uv": [9, 5, 10, 7], "texture": "#unbreaking"},
				"up": {"uv": [9, 5, 10, 6], "texture": "#unbreaking"},
				"down": {"uv": [9, 6, 10, 7], "texture": "#unbreaking"}
			}
		},
		{
			"from": [2.95, 4, 7.45],
			"to": [7.05, 10, 8.55],
			"faces": {
				"north": {"uv": [7, 6, 3, 12], "texture": "#protection"},
				"east": {"uv": [6, 6, 7, 12], "texture": "#protection"},
				"south": {"uv": [3, 6, 7, 12], "texture": "#protection"},
				"west": {"uv": [3, 6, 4, 12], "texture": "#protection"},
				"up": {"uv": [3, 6, 7, 7], "texture": "#protection"},
				"down": {"uv": [3, 11, 7, 12], "texture": "#protection"}
			}
		},
		{
			"from": [8.95, 4, 7.45],
			"to": [13.05, 10, 8.55],
			"faces": {
				"north": {"uv": [13, 6, 9, 12], "texture": "#protection"},
				"east": {"uv": [12, 6, 13, 12], "texture": "#protection"},
				"south": {"uv": [9, 6, 13, 12], "texture": "#protection"},
				"west": {"uv": [9, 6, 10, 12], "texture": "#protection"},
				"up": {"uv": [9, 6, 13, 7], "texture": "#protection"},
				"down": {"uv": [9, 11, 13, 12], "texture": "#protection"}
			}
		},
		{
			"name": "thorns",
			"from": [2.975, 4, 7.475],
			"to": [8.025, 14, 8.525],
			"faces": {
				"north": {"uv": [8, 2, 3, 12], "texture": "#thorns"},
				"east": {"uv": [7, 2, 8, 12], "texture": "#thorns"},
				"south": {"uv": [3, 2, 8, 12], "texture": "#thorns"},
				"west": {"uv": [3, 2, 4, 12], "texture": "#thorns"},
				"up": {"uv": [3, 2, 8, 3], "texture": "#thorns"},
				"down": {"uv": [3, 11, 8, 12], "texture": "#thorns"}
			}
		},
		{
			"from": [3, 2, 7.5],
			"to": [7, 7, 8.5],
			"faces": {
				"north": {"uv": [7, 9, 3, 14], "texture": "#socks"},
				"east": {"uv": [6, 9, 7, 14], "texture": "#socks"},
				"south": {"uv": [3, 9, 7, 14], "texture": "#socks"},
				"west": {"uv": [3, 9, 4, 14], "texture": "#socks"},
				"up": {"uv": [3, 9, 7, 10], "texture": "#socks"},
				"down": {"uv": [3, 13, 7, 14], "texture": "#socks"}
			}
		},
		{
			"from": [2, 2, 7.5],
			"to": [14, 4, 8.5],
			"faces": {
				"north": {"uv": [14, 12, 2, 14], "texture": "#socks"},
				"east": {"uv": [13, 12, 14, 14], "texture": "#socks"},
				"south": {"uv": [2, 12, 14, 14], "texture": "#socks"},
				"west": {"uv": [2, 12, 3, 14], "texture": "#socks"},
				"up": {"uv": [2, 12, 14, 13], "texture": "#socks"},
				"down": {"uv": [2, 13, 14, 14], "texture": "#socks"}
			}
		},
		{
			"from": [9, 2, 7.5],
			"to": [13, 7, 8.5],
			"faces": {
				"north": {"uv": [13, 9, 9, 14], "texture": "#socks"},
				"east": {"uv": [12, 9, 13, 14], "texture": "#socks"},
				"south": {"uv": [9, 9, 13, 14], "texture": "#socks"},
				"west": {"uv": [9, 9, 10, 14], "texture": "#socks"},
				"up": {"uv": [9, 9, 13, 10], "texture": "#socks"},
				"down": {"uv": [9, 13, 13, 14], "texture": "#socks"}
			}
		},
		{
			"from": [3, 1, 7.5],
			"to": [6, 2, 8.5],
			"faces": {
				"north": {"uv": [3, 14, 6, 15], "texture": "#socks"},
				"east": {"uv": [5, 14, 6, 15], "texture": "#socks"},
				"south": {"uv": [3, 14, 6, 15], "texture": "#socks"},
				"west": {"uv": [3, 14, 4, 15], "texture": "#socks"},
				"up": {"uv": [3, 14, 6, 15], "texture": "#socks"},
				"down": {"uv": [3, 14, 6, 15], "texture": "#socks"}
			}
		},
		{
			"from": [10, 1, 7.5],
			"to": [13, 2, 8.5],
			"faces": {
				"north": {"uv": [10, 14, 13, 15], "texture": "#socks"},
				"east": {"uv": [12, 14, 13, 15], "texture": "#socks"},
				"south": {"uv": [10, 14, 13, 15], "texture": "#socks"},
				"west": {"uv": [10, 14, 11, 15], "texture": "#socks"},
				"up": {"uv": [10, 14, 13, 15], "texture": "#socks"},
				"down": {"uv": [10, 14, 13, 15], "texture": "#socks"}
			}
		},
		{
			"from": [11, 0, 7.45],
			"to": [16, 4.01, 8.55],
			"faces": {
				"north": {"uv": [16, 12, 11, 16], "texture": "#binding"},
				"east": {"uv": [15, 12, 16, 16], "texture": "#binding"},
				"south": {"uv": [11, 12, 16, 16], "texture": "#binding"},
				"west": {"uv": [11, 12, 12, 16], "texture": "#binding"},
				"up": {"uv": [11, 12, 16, 13], "texture": "#binding"},
				"down": {"uv": [11, 15, 16, 16], "texture": "#binding"}
			}
		},
		{
			"from": [11, 4, 7.99],
			"to": [16, 6, 8.09],
			"faces": {
				"north": {"uv": [16, 10, 11, 12], "texture": "#binding"},
				"east": {"uv": [16, 10, 15, 12], "texture": "#binding"},
				"south": {"uv": [11, 10, 16, 12], "texture": "#binding"},
				"west": {"uv": [11, 10, 12, 12], "texture": "#binding"},
				"up": {"uv": [11, 10, 16, 11], "texture": "#binding"}
			}
		},
		{
			"from": [0, 0, 7.5],
			"to": [2, 2, 8.5],
			"faces": {
				"north": {"uv": [2, 14, 0, 16], "texture": "#mending"},
				"east": {"uv": [1, 14, 2, 16], "texture": "#mending"},
				"south": {"uv": [0, 14, 2, 16], "texture": "#mending"},
				"west": {"uv": [0, 14, 1, 16], "texture": "#mending"},
				"up": {"uv": [0, 14, 2, 15], "texture": "#mending"},
				"down": {"uv": [0, 15, 2, 16], "texture": "#mending"}
			}
		}
	],
	"gui_light": "front",
	"display": {
		"thirdperson_righthand": {
			"translation": [0, 3, 1],
			"scale": [0.55, 0.55, 0.55]
		},
		"thirdperson_lefthand": {
			"translation": [0, 3, 1],
			"scale": [0.55, 0.55, 0.55]
		},
		"firstperson_righthand": {
			"rotation": [0, -90, 25],
			"translation": [1.13, 3.2, 1.13],
			"scale": [0.68, 0.68, 0.68]
		},
		"firstperson_lefthand": {
			"rotation": [0, -90, 25],
			"translation": [1.13, 3.2, 1.13],
			"scale": [0.68, 0.68, 0.68]
		},
		"ground": {
			"translation": [0, 2, 0],
			"scale": [0.5, 0.5, 0.5]
		},
		"head": {
			"rotation": [0, 180, 0],
			"translation": [0, 13, 7]
		},
		"fixed": {
			"rotation": [0, 180, 0]
		}
	}
}