{
	"credit": "Made with Blockbench by Sapix for Sapixcraft",
	"textures": {
		"0": "block/dripstone_block",
		"particle": "block/dripstone_block"
	},
	"elements": [
		{
			"from": [4, 0, 4],
			"to": [12, 16, 12],
			"rotation": {"angle": 0, "axis": "y", "origin": [8, 16, 8]},
			"faces": {
				"north": {"uv": [0, 0, 8, 16], "rotation": 180, "texture": "#0"},
				"east": {"uv": [0, 0, 8, 16], "rotation": 180, "texture": "#0"},
				"south": {"uv": [0, 0, 8, 16], "rotation": 180, "texture": "#0"},
				"west": {"uv": [0, 0, 8, 16], "rotation": 180, "texture": "#0"},
				"up": {"uv": [0, 0, 8, 8], "rotation": 180, "texture": "#0"},
				"down": {"uv": [0, 0, 8, 8], "rotation": 180, "texture": "#0"}
			}
		},
		{
			"from": [6, -3, 2],
			"to": [9, 16, 5],
			"rotation": {"angle": 0, "axis": "y", "origin": [8, 16, 8]},
			"faces": {
				"north": {"uv": [0, 0, 3, 16], "rotation": 180, "texture": "#0"},
				"east": {"uv": [0, 0, 3, 16], "rotation": 180, "texture": "#0"},
				"south": {"uv": [0, 0, 3, 16], "rotation": 180, "texture": "#0"},
				"west": {"uv": [0, 0, 3, 16], "rotation": 180, "texture": "#0"},
				"up": {"uv": [0, 0, 3, 3], "rotation": 180, "texture": "#0"},
				"down": {"uv": [0, 0, 3, 3], "rotation": 180, "texture": "#0"}
			}
		},
		{
			"from": [5, -6, 11],
			"to": [9, 16, 15],
			"rotation": {"angle": 0, "axis": "y", "origin": [8, 16, 8]},
			"faces": {
				"north": {"uv": [0, 0, 4, 16], "rotation": 180, "texture": "#0"},
				"east": {"uv": [0, 0, 4, 16], "rotation": 180, "texture": "#0"},
				"south": {"uv": [0, 0, 4, 16], "rotation": 180, "texture": "#0"},
				"west": {"uv": [0, 0, 4, 16], "rotation": 180, "texture": "#0"},
				"up": {"uv": [0, 0, 4, 4], "rotation": 180, "texture": "#0"},
				"down": {"uv": [0, 0, 4, 4], "rotation": 180, "texture": "#0"}
			}
		},
		{
			"from": [1, 6, 7],
			"to": [5, 16, 11],
			"rotation": {"angle": 0, "axis": "y", "origin": [8, 16, 8]},
			"faces": {
				"north": {"uv": [0, 0, 4, 10], "rotation": 180, "texture": "#0"},
				"east": {"uv": [0, 0, 4, 10], "rotation": 180, "texture": "#0"},
				"south": {"uv": [0, 0, 4, 10], "rotation": 180, "texture": "#0"},
				"west": {"uv": [0, 0, 4, 10], "rotation": 180, "texture": "#0"},
				"up": {"uv": [0, 0, 4, 4], "rotation": 180, "texture": "#0"},
				"down": {"uv": [0, 0, 4, 4], "rotation": 180, "texture": "#0"}
			}
		},
		{
			"from": [11, -10, 6],
			"to": [14, 16, 9],
			"rotation": {"angle": 0, "axis": "y", "origin": [8, 16, 8]},
			"faces": {
				"north": {"uv": [0, 0, 3, 16], "rotation": 180, "texture": "#0"},
				"east": {"uv": [0, 0, 3, 16], "rotation": 180, "texture": "#0"},
				"south": {"uv": [0, 0, 3, 16], "rotation": 180, "texture": "#0"},
				"west": {"uv": [0, 0, 3, 16], "rotation": 180, "texture": "#0"},
				"up": {"uv": [0, 0, 3, 3], "rotation": 180, "texture": "#0"},
				"down": {"uv": [0, 0, 3, 3], "rotation": 180, "texture": "#0"}
			}
		}
	],
	"groups": [
		{
			"name": "pointed_dripstone_down_base",
			"origin": [8, 8, 8],
			"color": 0,
			"children": [0, 1, 2, 3, 4]
		}
	]
}