{
	"credit": "Made with Blockbench",
	"textures": {
		"0": "block/URBAN_Extra/normal",
		"particle": "block/URBAN_Extra/normal"
	},
	"elements": [
		{
			"from": [14, 7.78, -2.13],
			"to": [15, 12.78, -1.13],
			"rotation": {"angle": 22.5, "axis": "x", "origin": [0, 0, 0]},
			"faces": {
				"north": {"uv": [0, 9.53125, 0.875, 16], "texture": "#0"},
				"east": {"uv": [0, 9.53125, 0.875, 16], "texture": "#0"},
				"south": {"uv": [0, 9.53125, 0.875, 16], "texture": "#0"},
				"west": {"uv": [0, 9.53125, 0.875, 16], "texture": "#0"},
				"up": {"uv": [0, 9.53125, 0.875, 16], "texture": "#0"},
				"down": {"uv": [0, 9.53125, 0.875, 16], "texture": "#0"}
			}
		},
		{
			"from": [2, 11.85, -2.15],
			"to": [14, 12.85, -1.15],
			"rotation": {"angle": 22.5, "axis": "x", "origin": [0, 0, 0]},
			"faces": {
				"north": {"uv": [0, 9.53125, 12, 10.53125], "texture": "#0"},
				"east": {"uv": [0, 9.53125, 1, 10.53125], "texture": "#0"},
				"south": {"uv": [0, 9.53125, 12, 10.53125], "texture": "#0"},
				"west": {"uv": [0, 9.53125, 1, 10.53125], "texture": "#0"},
				"up": {"uv": [0, 9.53125, 12, 10.53125], "texture": "#0"},
				"down": {"uv": [0, 9.53125, 12, 10.53125], "texture": "#0"}
			}
		},
		{
			"from": [1, 7.78, -2.13],
			"to": [2, 12.78, -1.13],
			"rotation": {"angle": 22.5, "axis": "x", "origin": [0, 0, 0]},
			"faces": {
				"north": {"uv": [0, 9.53125, 0.875, 16], "texture": "#0"},
				"east": {"uv": [0, 9.53125, 0.875, 16], "texture": "#0"},
				"south": {"uv": [0, 9.53125, 0.875, 16], "texture": "#0"},
				"west": {"uv": [0, 9.53125, 0.875, 16], "texture": "#0"},
				"up": {"uv": [0, 9.53125, 0.875, 16], "texture": "#0"},
				"down": {"uv": [0, 9.53125, 0.875, 16], "texture": "#0"}
			}
		},
		{
			"from": [1, 1.65, 15.92],
			"to": [2, 6.65, 16.92],
			"rotation": {"angle": -22.5, "axis": "x", "origin": [0, 0, 0]},
			"faces": {
				"north": {"uv": [0, 9.53125, 0.875, 16], "texture": "#0"},
				"east": {"uv": [0, 9.53125, 0.875, 16], "texture": "#0"},
				"south": {"uv": [0, 9.53125, 0.875, 16], "texture": "#0"},
				"west": {"uv": [0, 9.53125, 0.875, 16], "texture": "#0"},
				"up": {"uv": [0, 9.53125, 0.875, 16], "texture": "#0"},
				"down": {"uv": [0, 9.53125, 0.875, 16], "texture": "#0"}
			}
		},
		{
			"from": [13.999, 1.65, 15.92],
			"to": [14.999, 6.65, 16.92],
			"rotation": {"angle": -22.5, "axis": "x", "origin": [0, 0, 0]},
			"faces": {
				"north": {"uv": [0, 9.53125, 0.875, 16], "texture": "#0"},
				"east": {"uv": [0, 9.53125, 0.875, 16], "texture": "#0"},
				"south": {"uv": [0, 9.53125, 0.875, 16], "texture": "#0"},
				"west": {"uv": [0, 9.53125, 0.875, 16], "texture": "#0"},
				"up": {"uv": [0, 9.53125, 0.875, 16], "texture": "#0"},
				"down": {"uv": [0, 9.53125, 0.875, 16], "texture": "#0"}
			}
		},
		{
			"from": [1.999, 5.65, 15.93],
			"to": [13.999, 6.65, 16.93],
			"rotation": {"angle": -22.5, "axis": "x", "origin": [0, 0, 0]},
			"faces": {
				"north": {"uv": [0, 9.53125, 12, 10.53125], "texture": "#0"},
				"east": {"uv": [0, 9.53125, 1, 10.53125], "texture": "#0"},
				"south": {"uv": [0, 9.53125, 12, 10.53125], "texture": "#0"},
				"west": {"uv": [0, 9.53125, 1, 10.53125], "texture": "#0"},
				"up": {"uv": [0, 9.53125, 12, 10.53125], "texture": "#0"},
				"down": {"uv": [0, 9.53125, 12, 10.53125], "texture": "#0"}
			}
		},
		{
			"from": [1.999, 1.65, 15.92],
			"to": [13.999, 6.65, 16.92],
			"rotation": {"angle": -22.5, "axis": "x", "origin": [0, 0, 0]},
			"faces": {
				"north": {"uv": [0, 0, 12, 5], "texture": "#0"},
				"east": {"uv": [0, 0, 1, 5], "texture": "#0"},
				"south": {"uv": [4, 1.40625, 16, 7.40625], "texture": "#0"},
				"west": {"uv": [0, 0, 1, 5], "texture": "#0"},
				"up": {"uv": [0, 0, 12, 1], "texture": "#0"},
				"down": {"uv": [0, 0, 12, 1], "texture": "#0"}
			}
		},
		{
			"from": [2, 7.78, -2.13],
			"to": [14, 12.78, -1.13],
			"rotation": {"angle": 22.5, "axis": "x", "origin": [0, 0, 0]},
			"faces": {
				"north": {"uv": [4, 1.40625, 16, 7.40625], "texture": "#0"},
				"east": {"uv": [0, 0, 1, 5], "texture": "#0"},
				"south": {"uv": [0, 0, 12, 5], "texture": "#0"},
				"west": {"uv": [0, 0, 1, 5], "texture": "#0"},
				"up": {"uv": [0, 0, 12, 1], "texture": "#0"},
				"down": {"uv": [0, 0, 12, 1], "texture": "#0"}
			}
		},
		{
			"from": [13.999, 0, 1],
			"to": [14.999, 8, 2],
			"faces": {
				"north": {"uv": [0, 9.53125, 0.875, 16], "texture": "#0"},
				"east": {"uv": [0, 9.53125, 0.875, 16], "texture": "#0"},
				"south": {"uv": [0, 9.53125, 0.875, 16], "texture": "#0"},
				"west": {"uv": [0, 9.53125, 0.875, 16], "texture": "#0"},
				"up": {"uv": [0, 9.53125, 0.875, 16], "texture": "#0"},
				"down": {"uv": [0, 9.53125, 0.875, 16], "texture": "#0"}
			}
		},
		{
			"from": [1, 0, 1],
			"to": [2, 8, 2],
			"faces": {
				"north": {"uv": [0, 9.53125, 0.875, 16], "texture": "#0"},
				"east": {"uv": [0, 9.53125, 0.875, 16], "texture": "#0"},
				"south": {"uv": [0, 9.53125, 0.875, 16], "texture": "#0"},
				"west": {"uv": [0, 9.53125, 0.875, 16], "texture": "#0"},
				"up": {"uv": [0, 9.53125, 0.875, 16], "texture": "#0"},
				"down": {"uv": [0, 9.53125, 0.875, 16], "texture": "#0"}
			}
		},
		{
			"from": [0.999, 0, 14],
			"to": [1.999, 8, 15],
			"faces": {
				"north": {"uv": [0, 9.53125, 0.875, 16], "texture": "#0"},
				"east": {"uv": [0, 9.53125, 0.875, 16], "texture": "#0"},
				"south": {"uv": [0, 9.53125, 0.875, 16], "texture": "#0"},
				"west": {"uv": [0, 9.53125, 0.875, 16], "texture": "#0"},
				"up": {"uv": [0, 9.53125, 0.875, 16], "texture": "#0"},
				"down": {"uv": [0, 9.53125, 0.875, 16], "texture": "#0"}
			}
		},
		{
			"from": [14, 0, 14],
			"to": [15, 8, 15],
			"faces": {
				"north": {"uv": [0, 9.53125, 0.875, 16], "texture": "#0"},
				"east": {"uv": [0, 9.53125, 0.875, 16], "texture": "#0"},
				"south": {"uv": [0, 9.53125, 0.875, 16], "texture": "#0"},
				"west": {"uv": [0, 9.53125, 0.875, 16], "texture": "#0"},
				"up": {"uv": [0, 9.53125, 0.875, 16], "texture": "#0"},
				"down": {"uv": [0, 9.53125, 0.875, 16], "texture": "#0"}
			}
		},
		{
			"from": [2, 0, 1],
			"to": [14, 1, 2],
			"faces": {
				"north": {"uv": [0, 13.21875, 12, 14.21875], "texture": "#0"},
				"east": {"uv": [0, 13.21875, 12, 14.21875], "texture": "#0"},
				"south": {"uv": [0, 13.21875, 12, 14.21875], "texture": "#0"},
				"west": {"uv": [0, 13.21875, 12, 14.21875], "texture": "#0"},
				"up": {"uv": [0, 13.21875, 12, 14.21875], "texture": "#0"},
				"down": {"uv": [0, 13.21875, 12, 14.21875], "texture": "#0"}
			}
		},
		{
			"from": [2, 0, 2],
			"to": [14, 1, 14],
			"faces": {
				"north": {"uv": [0, 0, 12, 1], "texture": "#0"},
				"east": {"uv": [0, 0, 12, 1], "texture": "#0"},
				"south": {"uv": [0, 0, 12, 1], "texture": "#0"},
				"west": {"uv": [0, 0, 12, 1], "texture": "#0"},
				"up": {"uv": [0, 0, 12, 12], "texture": "#0"},
				"down": {"uv": [7.14063, 0, 16, 9.15625], "texture": "#0"}
			}
		},
		{
			"from": [2, 1, 1.5],
			"to": [14, 7, 2.5],
			"faces": {
				"north": {"uv": [4, 1.40625, 16, 7.40625], "texture": "#0"},
				"east": {"uv": [0, 0, 1, 6], "texture": "#0"},
				"south": {"uv": [0, 0, 12, 6], "texture": "#0"},
				"west": {"uv": [0, 0, 1, 6], "texture": "#0"},
				"up": {"uv": [0, 0, 12, 1], "texture": "#0"},
				"down": {"uv": [0, 0, 12, 1], "texture": "#0"}
			}
		},
		{
			"from": [2, 1, 13.5],
			"to": [14, 7, 14.5],
			"faces": {
				"north": {"uv": [0, 0, 12, 6], "texture": "#0"},
				"east": {"uv": [0, 0, 1, 6], "texture": "#0"},
				"south": {"uv": [4, 1.40625, 16, 7.40625], "texture": "#0"},
				"west": {"uv": [0, 0, 1, 6], "texture": "#0"},
				"up": {"uv": [0, 0, 12, 1], "texture": "#0"},
				"down": {"uv": [0, 0, 12, 1], "texture": "#0"}
			}
		},
		{
			"from": [2, 0, 14],
			"to": [14, 1, 15],
			"faces": {
				"north": {"uv": [0, 13.21875, 12, 14.21875], "texture": "#0"},
				"east": {"uv": [0, 13.21875, 12, 14.21875], "texture": "#0"},
				"south": {"uv": [0, 13.21875, 12, 14.21875], "texture": "#0"},
				"west": {"uv": [0, 13.21875, 12, 14.21875], "texture": "#0"},
				"up": {"uv": [0, 13.21875, 12, 14.21875], "texture": "#0"},
				"down": {"uv": [0, 13.21875, 12, 14.21875], "texture": "#0"}
			}
		},
		{
			"from": [1, 0, 2],
			"to": [2, 1, 14],
			"faces": {
				"north": {"uv": [0, 13.21875, 12, 14.21875], "texture": "#0"},
				"east": {"uv": [0, 13.21875, 12, 14.21875], "texture": "#0"},
				"south": {"uv": [0, 13.21875, 12, 14.21875], "texture": "#0"},
				"west": {"uv": [0, 13.21875, 12, 14.21875], "texture": "#0"},
				"up": {"uv": [0, 13.21875, 12, 14.21875], "texture": "#0"},
				"down": {"uv": [0, 13.21875, 12, 14.21875], "texture": "#0"}
			}
		},
		{
			"from": [14, 0, 2],
			"to": [15, 1, 14],
			"faces": {
				"north": {"uv": [0, 13.21875, 12, 14.21875], "texture": "#0"},
				"east": {"uv": [0, 13.21875, 12, 14.21875], "texture": "#0"},
				"south": {"uv": [0, 13.21875, 12, 14.21875], "texture": "#0"},
				"west": {"uv": [0, 13.21875, 12, 14.21875], "texture": "#0"},
				"up": {"uv": [0, 13.21875, 12, 14.21875], "texture": "#0"},
				"down": {"uv": [0, 13.21875, 12, 14.21875], "texture": "#0"}
			}
		},
		{
			"from": [14.01, 11.62, 2.95],
			"to": [15.01, 12.62, 13.1],
			"faces": {
				"north": {"uv": [0, 9.53125, 0.875, 16], "texture": "#0"},
				"east": {"uv": [0, 9.53125, 0.875, 16], "texture": "#0"},
				"south": {"uv": [0, 9.53125, 0.875, 16], "texture": "#0"},
				"west": {"uv": [0, 9.53125, 0.875, 16], "texture": "#0"},
				"up": {"uv": [0, 9.53125, 0.875, 16], "texture": "#0"},
				"down": {"uv": [0, 9.53125, 0.875, 16], "texture": "#0"}
			}
		},
		{
			"from": [1.01, 11.62, 2.95],
			"to": [2.01, 12.62, 13.1],
			"faces": {
				"north": {"uv": [0, 9.53125, 0.875, 16], "texture": "#0"},
				"east": {"uv": [0, 9.53125, 0.875, 16], "texture": "#0"},
				"south": {"uv": [0, 9.53125, 0.875, 16], "texture": "#0"},
				"west": {"uv": [0, 9.53125, 0.875, 16], "texture": "#0"},
				"up": {"uv": [0, 9.53125, 0.875, 16], "texture": "#0"},
				"down": {"uv": [0, 9.53125, 0.875, 16], "texture": "#0"}
			}
		},
		{
			"from": [2.01, 11.62, 2.95],
			"to": [14.01, 12.62, 13.1],
			"faces": {
				"north": {"uv": [0, 0, 12, 1], "texture": "#0"},
				"east": {"uv": [0, 0, 10.15, 1], "texture": "#0"},
				"south": {"uv": [0, 0, 12, 1], "texture": "#0"},
				"west": {"uv": [0, 0, 10.15, 1], "texture": "#0"},
				"up": {"uv": [4, 1.40625, 16, 7.40625], "texture": "#0"},
				"down": {"uv": [0, 0, 12, 10.15], "texture": "#0"}
			}
		},
		{
			"from": [13.5, 1, 2],
			"to": [14.5, 7, 14],
			"faces": {
				"north": {"uv": [0, 0, 1, 6], "texture": "#0"},
				"east": {"uv": [4, 1.40625, 16, 7.40625], "texture": "#0"},
				"south": {"uv": [0, 0, 1, 6], "texture": "#0"},
				"west": {"uv": [0, 0, 12, 6], "texture": "#0"},
				"up": {"uv": [0, 0, 1, 12], "texture": "#0"},
				"down": {"uv": [0, 0, 1, 12], "texture": "#0"}
			}
		},
		{
			"from": [13.5, 8, 2],
			"to": [14.5, 10, 14],
			"faces": {
				"north": {"uv": [0, 0, 1, 2], "texture": "#0"},
				"east": {"uv": [4, 4.42188, 16, 7.40625], "texture": "#0"},
				"south": {"uv": [0, 0, 1, 2], "texture": "#0"},
				"west": {"uv": [0, 0, 12, 2], "texture": "#0"},
				"up": {"uv": [0, 0, 1, 12], "texture": "#0"},
				"down": {"uv": [0, 0, 1, 12], "texture": "#0"}
			}
		},
		{
			"from": [13.5, 10, 3],
			"to": [14.5, 12, 13],
			"faces": {
				"north": {"uv": [0, 0, 1, 2], "texture": "#0"},
				"east": {"uv": [4, 3.42188, 16, 7.40625], "texture": "#0"},
				"south": {"uv": [0, 0, 1, 2], "texture": "#0"},
				"west": {"uv": [0, 0, 10, 2], "texture": "#0"},
				"up": {"uv": [0, 0, 1, 10], "texture": "#0"},
				"down": {"uv": [0, 0, 1, 10], "texture": "#0"}
			}
		},
		{
			"from": [1.5, 10, 3],
			"to": [2.5, 12, 13],
			"faces": {
				"north": {"uv": [0, 0, 1, 2], "texture": "#0"},
				"east": {"uv": [0, 0, 10, 2], "texture": "#0"},
				"south": {"uv": [0, 0, 1, 2], "texture": "#0"},
				"west": {"uv": [4, 3.42188, 16, 7.40625], "texture": "#0"},
				"up": {"uv": [0, 0, 1, 10], "texture": "#0"},
				"down": {"uv": [0, 0, 1, 10], "texture": "#0"}
			}
		},
		{
			"from": [1.5, 8, 2],
			"to": [2.5, 10, 14],
			"faces": {
				"north": {"uv": [0, 0, 1, 2], "texture": "#0"},
				"east": {"uv": [0, 0, 12, 2], "texture": "#0"},
				"south": {"uv": [0, 0, 1, 2], "texture": "#0"},
				"west": {"uv": [4, 4.42188, 16, 7.40625], "texture": "#0"},
				"up": {"uv": [0, 0, 1, 12], "texture": "#0"},
				"down": {"uv": [0, 0, 1, 12], "texture": "#0"}
			}
		},
		{
			"from": [1.5, 1, 2],
			"to": [2.5, 7, 14],
			"faces": {
				"north": {"uv": [0, 0, 1, 6], "texture": "#0"},
				"east": {"uv": [0, 0, 12, 6], "texture": "#0"},
				"south": {"uv": [0, 0, 1, 6], "texture": "#0"},
				"west": {"uv": [4, 1.40625, 16, 7.40625], "texture": "#0"},
				"up": {"uv": [0, 0, 1, 12], "texture": "#0"},
				"down": {"uv": [0, 0, 1, 12], "texture": "#0"}
			}
		},
		{
			"from": [2, 7, 1],
			"to": [14, 8, 2],
			"faces": {
				"north": {"uv": [0, 13.21875, 12, 14.21875], "texture": "#0"},
				"east": {"uv": [0, 13.21875, 12, 14.21875], "texture": "#0"},
				"south": {"uv": [0, 13.21875, 12, 14.21875], "texture": "#0"},
				"west": {"uv": [0, 13.21875, 12, 14.21875], "texture": "#0"},
				"up": {"uv": [0, 13.21875, 12, 14.21875], "texture": "#0"},
				"down": {"uv": [0, 13.21875, 12, 14.21875], "texture": "#0"}
			}
		},
		{
			"from": [2, 7, 14],
			"to": [14, 8, 15],
			"faces": {
				"north": {"uv": [0, 13.21875, 12, 14.21875], "texture": "#0"},
				"east": {"uv": [0, 13.21875, 12, 14.21875], "texture": "#0"},
				"south": {"uv": [0, 13.21875, 12, 14.21875], "texture": "#0"},
				"west": {"uv": [0, 13.21875, 12, 14.21875], "texture": "#0"},
				"up": {"uv": [0, 13.21875, 12, 14.21875], "texture": "#0"},
				"down": {"uv": [0, 13.21875, 12, 14.21875], "texture": "#0"}
			}
		},
		{
			"from": [1, 7, 2],
			"to": [2, 8, 14],
			"faces": {
				"north": {"uv": [0, 13.21875, 12, 14.21875], "texture": "#0"},
				"east": {"uv": [0, 13.21875, 12, 14.21875], "texture": "#0"},
				"south": {"uv": [0, 13.21875, 12, 14.21875], "texture": "#0"},
				"west": {"uv": [0, 13.21875, 12, 14.21875], "texture": "#0"},
				"up": {"uv": [0, 13.21875, 12, 14.21875], "texture": "#0"},
				"down": {"uv": [0, 13.21875, 12, 14.21875], "texture": "#0"}
			}
		},
		{
			"from": [14, 7, 2],
			"to": [15, 8, 14],
			"faces": {
				"north": {"uv": [0, 13.21875, 12, 14.21875], "texture": "#0"},
				"east": {"uv": [0, 13.21875, 12, 14.21875], "texture": "#0"},
				"south": {"uv": [0, 13.21875, 12, 14.21875], "texture": "#0"},
				"west": {"uv": [0, 13.21875, 12, 14.21875], "texture": "#0"},
				"up": {"uv": [0, 13.21875, 12, 14.21875], "texture": "#0"},
				"down": {"uv": [0, 13.21875, 12, 14.21875], "texture": "#0"}
			}
		},
		{
			"from": [7, 5, 0],
			"to": [9, 9, 1],
			"faces": {
				"north": {"uv": [0.51563, 0.4375, 1.5625, 2.54688], "texture": "#0"},
				"east": {"uv": [0, 0.48438, 0.51563, 2.54688], "texture": "#0"},
				"south": {"uv": [0, 0.48438, 0.51563, 2.54688], "texture": "#0"},
				"west": {"uv": [0, 0.48438, 0.51563, 2.54688], "texture": "#0"},
				"up": {"uv": [0, 0.60938, 0.51563, 2.67188], "texture": "#0"},
				"down": {"uv": [0, 0.60938, 0.51563, 2.67188], "texture": "#0"}
			}
		}
	],
	"display": {
		"thirdperson_righthand": {
			"scale": [0.22852, 0.28711, 0.27734]
		},
		"thirdperson_lefthand": {
			"scale": [0.22852, 0.28711, 0.27734]
		},
		"firstperson_righthand": {
			"scale": [0.30859, 0.3418, 0.27734]
		},
		"firstperson_lefthand": {
			"scale": [0.30859, 0.3418, 0.27734]
		},
		"ground": {
			"scale": [0.43555, 0.45898, 0.45117]
		},
		"gui": {
			"rotation": [180, -1, 180],
			"translation": [0.25, 1.5, 0],
			"scale": [1, 1.0625, 1]
		},
		"head": {
			"translation": [0, 2.5, -1.25]
		},
		"fixed": {
			"rotation": [-90, 0, 0],
			"translation": [0.25, 0, -15.5],
			"scale": [2.06445, 2.06836, 1.67969]
		}
	}
}