{
	"credit": "Made with Blockbench",
	"textures": {
		"0": "item/diamond_sword/Sting_Base_Color",
		"1": "item/diamond_sword/Sting_Base_Color1",
		"2": "item/diamond_sword/sharpen_iron",
		"3": "item/diamond_sword/Sting_Base_Color_inverted",
		"4": "item/diamond_sword/sharpen_iron_inverted",
		"5": "item/diamond_sword/iron_sword",
		"6": "item/diamond_sword/sharpen_iron_URBAN",
		"7": "item/diamond_sword/iron_sword_inverted",
		"8": "item/diamond_sword/sharpen_iron_URBAN_inverted",
		"particle": "item/diamond_sword/Sting_Base_Color"
	},
	"elements": [
		{
			"name": "Voxels-FFFFFF",
			"from": [5, 7.875, 12.87],
			"to": [10.72, 8.255, 12.997],
			"faces": {
				"north": {"uv": [8.25, 5.84375, 12.40625, 7.90625], "texture": "#5"},
				"east": {"uv": [8.25, 5.84375, 12.40625, 7.90625], "texture": "#5"},
				"south": {"uv": [8.25, 5.84375, 12.40625, 7.90625], "texture": "#5"},
				"west": {"uv": [8.25, 5.84375, 12.40625, 7.90625], "texture": "#5"},
				"up": {"uv": [8.25, 5.84375, 12.40625, 7.90625], "texture": "#5"},
				"down": {"uv": [8.25, 5.84375, 12.40625, 7.90625], "texture": "#5"}
			}
		},
		{
			"name": "Voxels-FFFFFF",
			"from": [5.25, 7.87, 12.99],
			"to": [10.45, 8.245, 13.115],
			"faces": {
				"north": {"uv": [8.25, 5.84375, 12.40625, 7.90625], "texture": "#5"},
				"east": {"uv": [8.25, 5.84375, 12.40625, 7.90625], "texture": "#5"},
				"south": {"uv": [8.25, 5.84375, 12.40625, 7.90625], "texture": "#5"},
				"west": {"uv": [8.25, 5.84375, 12.40625, 7.90625], "texture": "#5"},
				"up": {"uv": [8.25, 5.84375, 12.40625, 7.90625], "texture": "#5"},
				"down": {"uv": [8.25, 5.84375, 12.40625, 7.90625], "texture": "#5"}
			}
		},
		{
			"name": "Voxels-FFFFFF",
			"from": [6.5, 7.87, 13.11],
			"to": [9.5, 8.23, 13.235],
			"faces": {
				"north": {"uv": [8.25, 5.84375, 12.40625, 7.90625], "texture": "#5"},
				"east": {"uv": [8.25, 5.84375, 12.40625, 7.90625], "texture": "#5"},
				"south": {"uv": [8.25, 5.84375, 12.40625, 7.90625], "texture": "#5"},
				"west": {"uv": [8.25, 5.84375, 12.40625, 7.90625], "texture": "#5"},
				"up": {"uv": [8.25, 5.84375, 12.40625, 7.90625], "texture": "#5"},
				"down": {"uv": [8.25, 5.84375, 12.40625, 7.90625], "texture": "#5"}
			}
		},
		{
			"name": "Voxels-FFFFFF",
			"from": [7.512, 7.874, -3.8],
			"to": [8.742, 8.126, -2.56],
			"rotation": {"angle": -45, "axis": "y", "origin": [0, 0, 0]},
			"faces": {
				"north": {"uv": [6.65625, 4.84375, 6.65625, 6.53125], "texture": "#2"},
				"east": {"uv": [6.65625, 4.84375, 6.65625, 6.53125], "texture": "#2"},
				"south": {"uv": [0, 0, 6.9375, 7.4375], "texture": "#2"},
				"west": {"uv": [6.65625, 4.84375, 6.65625, 6.53125], "texture": "#2"},
				"up": {"uv": [0, 0, 6.9375, 7.4375], "texture": "#2"},
				"down": {"uv": [0, 8.59375, 6.9375, 16.03125], "texture": "#2"}
			}
		},
		{
			"name": "Voxels-FFFFFF",
			"from": [7.125, 7.875, 3.5],
			"to": [8.875, 8.125, 12.8],
			"faces": {
				"north": {"uv": [0, 0, 16, 16], "texture": "#2"},
				"east": {"uv": [6.65625, 4.84375, 6.65625, 6.53125], "texture": "#2"},
				"south": {"uv": [0, 0, 16, 16], "texture": "#2"},
				"west": {"uv": [6.65625, 4.84375, 6.65625, 6.53125], "texture": "#2"},
				"up": {"uv": [0, 0, 16, 16], "texture": "#2"},
				"down": {"uv": [0, 0, 16, 16], "texture": "#4"}
			}
		},
		{
			"name": "Voxels-FFFFFF",
			"from": [7.875, 8.125, 10.5],
			"to": [8.875, 8.125, 11.8],
			"faces": {
				"north": {"uv": [0, 0, 16, 16], "texture": "#6"},
				"east": {"uv": [6.65625, 4.84375, 6.65625, 6.53125], "texture": "#6"},
				"south": {"uv": [0, 0, 16, 16], "texture": "#6"},
				"west": {"uv": [6.65625, 4.84375, 6.65625, 6.53125], "texture": "#6"},
				"up": {"uv": [11, 11.40625, 15.5, 15.46875], "texture": "#6"},
				"down": {"uv": [0, 0, 16, 16], "texture": "#6"}
			}
		},
		{
			"name": "Voxels-FFFFFF",
			"from": [7.13, 7.8699, 10.5],
			"to": [8.13, 7.8699, 11.8],
			"faces": {
				"north": {"uv": [0, 0, 16, 16], "texture": "#6"},
				"east": {"uv": [6.65625, 4.84375, 6.65625, 6.53125], "texture": "#6"},
				"south": {"uv": [0, 0, 16, 16], "texture": "#6"},
				"west": {"uv": [6.65625, 4.84375, 6.65625, 6.53125], "texture": "#6"},
				"up": {"uv": [11, 11.40625, 15.5, 15.46875], "texture": "#6"},
				"down": {"uv": [0, 10.34375, 5.875, 16], "texture": "#8"}
			}
		},
		{
			"name": "Voxels-FFFFFF",
			"from": [7.375, 8, 12.375],
			"to": [8.625, 8.125, 12.5],
			"color": 6,
			"faces": {
				"north": {"uv": [4.96, 0.96, 7.04, 3.04], "texture": "#missing"},
				"east": {"uv": [4.96, 0.96, 7.04, 3.04], "texture": "#missing"},
				"south": {"uv": [4.96, 0.96, 7.04, 3.04], "texture": "#missing"},
				"west": {"uv": [4.96, 0.96, 7.04, 3.04], "texture": "#missing"},
				"up": {"uv": [4.96, 0.96, 7.04, 3.04], "texture": "#missing"},
				"down": {"uv": [4.96, 0.96, 7.04, 3.04], "texture": "#missing"}
			}
		},
		{
			"name": "Voxels-FFFFFF",
			"from": [7.5, 7.875, 13.23],
			"to": [8.5, 8.125, 17.03],
			"faces": {
				"north": {"uv": [10.39063, 3.375, 13.78125, 4.17188], "texture": "#0"},
				"east": {"uv": [10.39063, 3.375, 13.78125, 4.17188], "texture": "#0"},
				"south": {"uv": [10.39063, 3.375, 13.78125, 4.17188], "texture": "#0"},
				"west": {"uv": [10.39063, 3.375, 13.78125, 4.17188], "texture": "#0"},
				"up": {"uv": [10.25, 4.17188, 14.34375, 12.6875], "texture": "#0"},
				"down": {"uv": [10.25, 4.17188, 14.34375, 12.6875], "texture": "#0"}
			}
		},
		{
			"name": "Voxels-FFFFFF",
			"from": [17.3, 7.874, 6],
			"to": [18.3, 8.126, 7],
			"rotation": {"angle": -45, "axis": "y", "origin": [0, 0, 0]},
			"faces": {
				"north": {"uv": [13.14063, 0, 16, 0.71875], "texture": "#0"},
				"east": {"uv": [13.14063, 0, 16, 0.71875], "texture": "#0"},
				"south": {"uv": [13.14063, 0, 16, 0.71875], "texture": "#0"},
				"west": {"uv": [13.14063, 0, 16, 0.71875], "texture": "#0"},
				"up": {"uv": [13.14063, 0, 16, 0.71875], "texture": "#0"},
				"down": {"uv": [13.14063, 0, 16, 0.71875], "texture": "#0"}
			}
		},
		{
			"name": "Voxels-FFFFFF",
			"from": [7.5, 7.75, 3.625],
			"to": [8.5, 8.25, 12.375],
			"rotation": {"angle": 0, "axis": "y", "origin": [0, -1, 0]},
			"faces": {
				"north": {"uv": [4.96, 0.96, 7.04, 3.04], "texture": "#0"},
				"east": {"uv": [4.96, 0.96, 7.04, 3.04], "texture": "#0"},
				"south": {"uv": [4.96, 0.96, 7.04, 3.04], "texture": "#0"},
				"west": {"uv": [4.96, 0.96, 7.04, 3.04], "texture": "#0"},
				"up": {"uv": [7.21875, 3.10938, 9.29875, 5.18938], "texture": "#0"},
				"down": {"uv": [7.21875, 3.10938, 9.29875, 5.18938], "texture": "#0"}
			}
		},
		{
			"name": "Voxels-FFFFFF",
			"from": [7.864, 7.75, -3.45],
			"to": [8.564, 8.25, -2.74],
			"rotation": {"angle": -45, "axis": "y", "origin": [0, -1, 0]},
			"faces": {
				"north": {"uv": [9.03125, 0.8125, 10.59375, 2.8125], "texture": "#3"},
				"east": {"uv": [9.03125, 0.8125, 10.59375, 2.8125], "texture": "#3"},
				"south": {"uv": [9.03125, 0.8125, 10.59375, 2.8125], "texture": "#3"},
				"west": {"uv": [9.03125, 0.8125, 10.59375, 2.8125], "texture": "#3"},
				"up": {"uv": [7.73438, 7.32813, 9.39063, 9.5625], "texture": "#1"},
				"down": {"uv": [7.40625, 6.0625, 9.23438, 8.82813], "texture": "#3"}
			}
		},
		{
			"name": "Voxels-FFFFFF",
			"from": [4.87, 7.75, 12.37],
			"to": [10.87, 8.25, 12.87],
			"faces": {
				"north": {"uv": [4.96, 0.96, 7.04, 3.04], "texture": "#5"},
				"east": {"uv": [4.96, 0.96, 7.04, 3.04], "texture": "#5"},
				"south": {"uv": [4.96, 0.96, 7.04, 3.04], "texture": "#5"},
				"west": {"uv": [4.96, 0.96, 7.04, 3.04], "texture": "#5"},
				"up": {"uv": [0, 0.59375, 15.5625, 2.4375], "texture": "#5"},
				"down": {"uv": [0, 13.40625, 15.5625, 15.25], "texture": "#7"}
			}
		}
	],
	"display": {
		"thirdperson_righthand": {
			"rotation": [89.5, 0.25, -85.25],
			"translation": [0, 9, 1.75],
			"scale": [1.46875, 1, 1.57226]
		},
		"thirdperson_lefthand": {
			"rotation": [89.5, 0.25, -85.25],
			"translation": [0, 9, 1.75],
			"scale": [1.46875, 1, 1.57226]
		},
		"firstperson_righthand": {
			"rotation": [89.5, 0.25, -85.25],
			"translation": [0, 9, 1.75],
			"scale": [1.46875, 1, 1.57226]
		},
		"firstperson_lefthand": {
			"rotation": [89.5, 0.25, -85.25],
			"translation": [0, 9, 1.75],
			"scale": [1.46875, 1, 1.57226]
		},
		"ground": {
			"translation": [0, -2.25, -2.25],
			"scale": [1.26563, 1, 1.13672]
		},
		"gui": {
			"rotation": [83.25, -47, -15.75],
			"translation": [2.75, 2.25, 0],
			"scale": [1.28711, 1, 1.47852]
		},
		"fixed": {
			"rotation": [-90.25, 136.25, 0],
			"translation": [-3.75, 4.25, -1.75],
			"scale": [2.85547, 4, 2.93945]
		}
	}
}