{
	"credit": "Made with Blockbench",
	"parent": "minecraft:item/generic_tool_display",
	"textures": {
		"0": "items/pickaxe_wood",
		"1": "items/gold_shovel",
		"particle": "items/pickaxe_wood"
	},
	"elements": [
		{
			"from": [7.5, 0, 7.25],
			"to": [8.5, 15, 8.75],
			"faces": {
				"north": {"uv": [0, 3, 2, 16], "texture": "#0"},
				"east": {"uv": [0, 3, 2, 16], "texture": "#0"},
				"south": {"uv": [0, 3, 2, 16], "texture": "#0"},
				"west": {"uv": [0, 3, 2, 16], "texture": "#0"},
				"up": {"uv": [0, 3, 2, 16], "texture": "#0"},
				"down": {"uv": [0, 3, 2, 16], "texture": "#0"}
			}
		},
		{
			"from": [5.5, 0, 7.25],
			"to": [10.5, 1, 8.75],
			"faces": {
				"north": {"uv": [0, 6.96875, 2.1875, 11.65625], "texture": "#0"},
				"east": {"uv": [0, 6.96875, 2.1875, 11.65625], "texture": "#0"},
				"south": {"uv": [0, 6.96875, 2.1875, 11.65625], "texture": "#0"},
				"west": {"uv": [0, 6.96875, 2.1875, 11.65625], "texture": "#0"},
				"up": {"uv": [0, 6.96875, 2.1875, 11.65625], "texture": "#0"},
				"down": {"uv": [0, 6.96875, 2.1875, 11.65625], "texture": "#0"}
			}
		},
		{
			"from": [4.99996, 10, 7.191],
			"to": [10.79996, 13, 8.801],
			"rotation": {"angle": 0, "axis": "y", "origin": [7.5, 8, 7]},
			"faces": {
				"north": {"uv": [0, 0, 6.03125, 4.1875], "texture": "#1"},
				"east": {"uv": [0, 0, 6.03125, 4.1875], "texture": "#1"},
				"south": {"uv": [0, 0, 6.03125, 4.1875], "texture": "#1"},
				"west": {"uv": [0, 0, 6.03125, 4.1875], "texture": "#1"},
				"up": {"uv": [0, 0, 6.03125, 4.1875], "texture": "#1"},
				"down": {"uv": [0, 0, 6.03125, 4.1875], "texture": "#1"}
			}
		},
		{
			"from": [9.27, 9.2, 7.2],
			"to": [13.37, 13.3, 8.8],
			"rotation": {"angle": 45, "axis": "z", "origin": [7.5, 8, 7]},
			"faces": {
				"north": {"uv": [0, 0, 6.03125, 4.1875], "texture": "#1"},
				"east": {"uv": [0, 0, 6.03125, 4.1875], "texture": "#1"},
				"south": {"uv": [0, 0, 6.03125, 4.1875], "texture": "#1"},
				"west": {"uv": [0, 0, 6.03125, 4.1875], "texture": "#1"},
				"up": {"uv": [0, 0, 6.03125, 4.1875], "texture": "#1"},
				"down": {"uv": [0, 0, 6.03125, 4.1875], "texture": "#1"}
			}
		}
	],
	"display": {
		"thirdperson_righthand": {
			"rotation": [0, -271.25, 0],
			"translation": [0, 2.75, 0]
		},
		"thirdperson_lefthand": {
			"rotation": [0, -271.25, 0],
			"translation": [0, 2.75, 0]
		},
		"firstperson_righthand": {
			"rotation": [0, -271.25, 0],
			"translation": [0, 2.75, 0]
		},
		"firstperson_lefthand": {
			"rotation": [0, -271.25, 0],
			"translation": [0, 2.75, 0]
		},
		"ground": {
			"rotation": [91.25, 0, 0],
			"translation": [0, -2.75, 0]
		},
		"gui": {
			"rotation": [-176, -9.75, 44.25],
			"translation": [-0.5, -0.75, 0],
			"scale": [1.19141, 1.14062, 0.82227]
		},
		"head": {
			"rotation": [0, 0, 0.75],
			"translation": [-0.25, 10.5, 0]
		},
		"fixed": {
			"rotation": [0, 0, -43],
			"translation": [0, 0, -1.75],
			"scale": [1.93555, 2.16211, 1]
		}
	},
	"groups": [
		{
			"name": "group",
			"origin": [8, 8, 8],
			"children": [0, 1]
		},
		{
			"name": "group",
			"origin": [8, 8, 8],
			"children": [
				{
					"name": "group",
					"origin": [5.5, 14, 8],
					"children": [2, 3]
				},
				{
					"name": "group",
					"origin": [7.5, 8, 8],
					"children": []
				},
				{
					"name": "group",
					"origin": [8.5, 8, 8],
					"children": []
				}
			]
		}
	]
}