{
	"credit": "Made with Blockbench",
	"textures": {
		"0": "item/axe/iron_axe",
		"1": "item/axe/wood",
		"2": "item/axe/wood_designed",
		"3": "item/axe/iron_axe",
		"particle": "item/axe/iron_axe"
	},
	"elements": [
		{
			"from": [-0.21, 0.15, 8],
			"to": [11.79, 1.15, 9],
			"faces": {
				"north": {"uv": [0, 0, 16, 3.76563], "texture": "#2"},
				"east": {"uv": [0, 0, 16, 3.76563], "texture": "#2"},
				"south": {"uv": [0, 0, 16, 3.76563], "texture": "#2"},
				"west": {"uv": [0.14063, 0, 16, 3.96875], "texture": "#1"},
				"up": {"uv": [0, 0, 16, 3.76563], "texture": "#2"},
				"down": {"uv": [0, 0, 16, 3.76563], "texture": "#2"}
			}
		},
		{
			"from": [11.5, 0, 7.8],
			"to": [13.5, 1.3, 9.2],
			"rotation": {"angle": 0, "axis": "y", "origin": [1, 0, 0]},
			"faces": {
				"north": {"uv": [13.82813, 2.29688, 15.82813, 3.69688], "texture": "#0"},
				"east": {"uv": [13.82813, 2.29688, 15.82813, 3.69688], "texture": "#0"},
				"south": {"uv": [13.82813, 2.29688, 15.82813, 3.69688], "texture": "#0"},
				"west": {"uv": [13.82813, 2.29688, 15.82813, 3.69688], "texture": "#0"},
				"up": {"uv": [13.82813, 2.29688, 15.82813, 3.69688], "texture": "#0"},
				"down": {"uv": [13.82813, 2.29688, 15.82813, 3.69688], "texture": "#0"}
			}
		},
		{
			"from": [11.8, 0.5, 4.8],
			"to": [12.3, 1, 8.51],
			"faces": {
				"north": {"uv": [0, 0, 2.75, 2.76563], "rotation": 270, "texture": "#0"},
				"east": {"uv": [0, 0, 2.75, 2.76563], "rotation": 270, "texture": "#0"},
				"south": {"uv": [0, 0, 2.75, 2.76563], "rotation": 270, "texture": "#0"},
				"west": {"uv": [0, 0, 2.75, 2.76563], "rotation": 270, "texture": "#0"},
				"up": {"uv": [0, 0, 2.75, 2.76563], "rotation": 270, "texture": "#0"},
				"down": {"uv": [0, 0, 2.75, 2.76563], "rotation": 270, "texture": "#0"}
			}
		},
		{
			"from": [11.8, 0.5, 8.51],
			"to": [12.3, 1, 9.51],
			"faces": {
				"north": {"uv": [0, 0, 2.75, 2.76563], "rotation": 270, "texture": "#0"},
				"east": {"uv": [0, 0, 2.75, 2.76563], "rotation": 270, "texture": "#0"},
				"south": {"uv": [0, 0, 2.75, 2.76563], "rotation": 270, "texture": "#0"},
				"west": {"uv": [0, 0, 2.75, 2.76563], "rotation": 270, "texture": "#0"},
				"up": {"uv": [0, 0, 2.75, 2.76563], "rotation": 270, "texture": "#0"},
				"down": {"uv": [0, 0, 2.75, 2.76563], "rotation": 270, "texture": "#0"}
			}
		},
		{
			"from": [11.3, 0.65, 4.8],
			"to": [11.8, 0.75, 8.9],
			"faces": {
				"north": {"uv": [0, 13.125, 3.25, 16], "rotation": 270, "texture": "#3"},
				"east": {"uv": [0, 13.125, 3.25, 16], "rotation": 270, "texture": "#3"},
				"south": {"uv": [0, 13.125, 3.25, 16], "rotation": 270, "texture": "#3"},
				"west": {"uv": [0, 13.125, 3.25, 16], "rotation": 270, "texture": "#3"},
				"up": {"uv": [0, 13.125, 3.25, 16], "rotation": 270, "texture": "#3"},
				"down": {"uv": [0, 13.125, 3.25, 16], "rotation": 270, "texture": "#3"}
			}
		},
		{
			"from": [13, 0.652, 4.8],
			"to": [13.7, 0.752, 8.9],
			"faces": {
				"north": {"uv": [0, 13.125, 3.25, 16], "rotation": 270, "texture": "#3"},
				"east": {"uv": [0, 13.125, 3.25, 16], "rotation": 270, "texture": "#3"},
				"south": {"uv": [0, 13.125, 3.25, 16], "rotation": 270, "texture": "#3"},
				"west": {"uv": [0, 13.125, 3.25, 16], "rotation": 270, "texture": "#3"},
				"up": {"uv": [0, 13.125, 3.25, 16], "rotation": 270, "texture": "#3"},
				"down": {"uv": [0, 13.125, 3.25, 16], "rotation": 270, "texture": "#3"}
			}
		},
		{
			"from": [3.39, 0.498, 11.72],
			"to": [4.758, 0.998, 13.72],
			"rotation": {"angle": 45, "axis": "y", "origin": [0, 0, 0]},
			"faces": {
				"north": {"uv": [0, 0, 2.75, 2.76563], "rotation": 270, "texture": "#0"},
				"east": {"uv": [0, 0, 2.75, 2.76563], "rotation": 270, "texture": "#0"},
				"south": {"uv": [0, 0, 2.75, 2.76563], "rotation": 270, "texture": "#0"},
				"west": {"uv": [0, 0, 2.75, 2.76563], "rotation": 270, "texture": "#0"},
				"up": {"uv": [0, 0, 2.75, 2.76563], "rotation": 270, "texture": "#0"},
				"down": {"uv": [0, 0, 2.75, 2.76563], "rotation": 270, "texture": "#0"}
			}
		},
		{
			"from": [3, 0.649, 11.72],
			"to": [4.368, 0.749, 13.72],
			"rotation": {"angle": 45, "axis": "y", "origin": [0, 0, 0]},
			"faces": {
				"north": {"uv": [0, 13.125, 3.25, 16], "rotation": 270, "texture": "#3"},
				"east": {"uv": [0, 13.125, 3.25, 16], "rotation": 270, "texture": "#3"},
				"south": {"uv": [0, 13.125, 3.25, 16], "rotation": 270, "texture": "#3"},
				"west": {"uv": [0, 13.125, 3.25, 16], "rotation": 270, "texture": "#3"},
				"up": {"uv": [0, 13.125, 3.25, 16], "rotation": 270, "texture": "#3"},
				"down": {"uv": [0, 13.125, 3.25, 16], "rotation": 270, "texture": "#3"}
			}
		},
		{
			"from": [8.39, 0.4998, 8.72],
			"to": [9.758, 0.9998, 9.98],
			"rotation": {"angle": 22.5, "axis": "y", "origin": [0, 0, 0]},
			"faces": {
				"north": {"uv": [0, 0, 2.75, 2.76563], "rotation": 270, "texture": "#0"},
				"east": {"uv": [0, 0, 2.75, 2.76563], "rotation": 270, "texture": "#0"},
				"south": {"uv": [0, 0, 2.75, 2.76563], "rotation": 270, "texture": "#0"},
				"west": {"uv": [0, 0, 2.75, 2.76563], "rotation": 270, "texture": "#0"},
				"up": {"uv": [0, 0, 2.75, 2.76563], "rotation": 270, "texture": "#0"},
				"down": {"uv": [0, 0, 2.75, 2.76563], "rotation": 270, "texture": "#0"}
			}
		},
		{
			"from": [6.8, 0.5001, 8.357],
			"to": [8.75, 1.0001, 9.725],
			"rotation": {"angle": 22.5, "axis": "y", "origin": [0, 0, 0]},
			"faces": {
				"north": {"uv": [0, 0, 2.75, 2.76563], "rotation": 270, "texture": "#0"},
				"east": {"uv": [0, 0, 2.75, 2.76563], "rotation": 270, "texture": "#0"},
				"south": {"uv": [0, 0, 2.75, 2.76563], "rotation": 270, "texture": "#0"},
				"west": {"uv": [0, 0, 2.75, 2.76563], "rotation": 270, "texture": "#0"},
				"up": {"uv": [0, 0, 2.75, 2.76563], "rotation": 270, "texture": "#0"},
				"down": {"uv": [0, 0, 2.75, 2.76563], "rotation": 270, "texture": "#0"}
			}
		},
		{
			"from": [6.8, 0.65, 8.75],
			"to": [8.75, 0.75, 10.118],
			"rotation": {"angle": 22.5, "axis": "y", "origin": [0, 0, 0]},
			"faces": {
				"north": {"uv": [0, 13.125, 3.25, 16], "rotation": 270, "texture": "#3"},
				"east": {"uv": [0, 13.125, 3.25, 16], "rotation": 270, "texture": "#3"},
				"south": {"uv": [0, 13.125, 3.25, 16], "rotation": 270, "texture": "#3"},
				"west": {"uv": [0, 13.125, 3.25, 16], "rotation": 270, "texture": "#3"},
				"up": {"uv": [0, 13.125, 3.25, 16], "rotation": 270, "texture": "#3"},
				"down": {"uv": [0, 13.125, 3.25, 16], "rotation": 270, "texture": "#3"}
			}
		},
		{
			"from": [12.24, 0.5001, 3.75],
			"to": [13.19, 1.0001, 8.5],
			"faces": {
				"north": {"uv": [0, 0, 2.75, 2.76563], "rotation": 270, "texture": "#0"},
				"east": {"uv": [0, 0, 2.75, 2.76563], "rotation": 270, "texture": "#0"},
				"south": {"uv": [0, 0, 2.75, 2.76563], "rotation": 270, "texture": "#0"},
				"west": {"uv": [0, 0, 2.75, 2.76563], "rotation": 270, "texture": "#0"},
				"up": {"uv": [0, 0, 2.75, 2.76563], "rotation": 270, "texture": "#0"},
				"down": {"uv": [0, 0, 2.75, 2.76563], "rotation": 270, "texture": "#0"}
			}
		},
		{
			"from": [12.24, 0.5001, 8.75],
			"to": [13.19, 1.0001, 9.5],
			"faces": {
				"north": {"uv": [0, 0, 2.75, 2.76563], "rotation": 270, "texture": "#0"},
				"east": {"uv": [0, 0, 2.75, 2.76563], "rotation": 270, "texture": "#0"},
				"south": {"uv": [0, 0, 2.75, 2.76563], "rotation": 270, "texture": "#0"},
				"west": {"uv": [0, 0, 2.75, 2.76563], "rotation": 270, "texture": "#0"},
				"up": {"uv": [0, 0, 2.75, 2.76563], "rotation": 270, "texture": "#0"},
				"down": {"uv": [0, 0, 2.75, 2.76563], "rotation": 270, "texture": "#0"}
			}
		},
		{
			"from": [15.07, 0.499, -2.62],
			"to": [16.04, 0.999, -1.62],
			"rotation": {"angle": -45, "axis": "y", "origin": [0, 0, 0]},
			"faces": {
				"north": {"uv": [0, 0, 2.75, 2.76563], "rotation": 270, "texture": "#0"},
				"east": {"uv": [0, 0, 2.75, 2.76563], "rotation": 270, "texture": "#0"},
				"south": {"uv": [0, 0, 2.75, 2.76563], "rotation": 270, "texture": "#0"},
				"west": {"uv": [0, 0, 2.75, 2.76563], "rotation": 270, "texture": "#0"},
				"up": {"uv": [0, 0, 2.75, 2.76563], "rotation": 270, "texture": "#0"},
				"down": {"uv": [0, 0, 2.75, 2.76563], "rotation": 270, "texture": "#0"}
			}
		},
		{
			"from": [1.8, 0.498, 10.22],
			"to": [4.75, 0.998, 11.588],
			"rotation": {"angle": 45, "axis": "y", "origin": [0, 0, 0]},
			"faces": {
				"north": {"uv": [0, 0, 2.75, 2.76563], "rotation": 270, "texture": "#0"},
				"east": {"uv": [0, 0, 2.75, 2.76563], "rotation": 270, "texture": "#0"},
				"south": {"uv": [0, 0, 2.75, 2.76563], "rotation": 270, "texture": "#0"},
				"west": {"uv": [0, 0, 2.75, 2.76563], "rotation": 270, "texture": "#0"},
				"up": {"uv": [0, 0, 2.75, 2.76563], "rotation": 270, "texture": "#0"},
				"down": {"uv": [0, 0, 2.75, 2.76563], "rotation": 270, "texture": "#0"}
			}
		},
		{
			"from": [1.42, 0.649, 9.85],
			"to": [4.92, 0.749, 11.95],
			"rotation": {"angle": 45, "axis": "y", "origin": [0, 0, 0]},
			"faces": {
				"north": {"uv": [0, 13.125, 3.25, 16], "rotation": 270, "texture": "#3"},
				"east": {"uv": [0, 13.125, 3.25, 16], "rotation": 270, "texture": "#3"},
				"south": {"uv": [0, 13.125, 3.25, 16], "rotation": 270, "texture": "#3"},
				"west": {"uv": [0, 13.125, 3.25, 16], "rotation": 270, "texture": "#3"},
				"up": {"uv": [0, 13.125, 3.25, 16], "rotation": 270, "texture": "#3"},
				"down": {"uv": [0, 13.125, 3.25, 16], "rotation": 270, "texture": "#3"}
			}
		},
		{
			"from": [8.3, 0.499, 7.62],
			"to": [9.8, 0.999, 8.988],
			"rotation": {"angle": 22.5, "axis": "y", "origin": [0, 0, 0]},
			"faces": {
				"north": {"uv": [0, 0, 2.75, 2.76563], "rotation": 270, "texture": "#0"},
				"east": {"uv": [0, 0, 2.75, 2.76563], "rotation": 270, "texture": "#0"},
				"south": {"uv": [0, 0, 2.75, 2.76563], "rotation": 270, "texture": "#0"},
				"west": {"uv": [0, 0, 2.75, 2.76563], "rotation": 270, "texture": "#0"},
				"up": {"uv": [0, 0, 2.75, 2.76563], "rotation": 270, "texture": "#0"},
				"down": {"uv": [0, 0, 2.75, 2.76563], "rotation": 270, "texture": "#0"}
			}
		},
		{
			"from": [8.3, 0.65, 7.22],
			"to": [9.98, 0.75, 8.588],
			"rotation": {"angle": 22.5, "axis": "y", "origin": [0, 0, 0]},
			"faces": {
				"north": {"uv": [0, 13.125, 3.25, 16], "rotation": 270, "texture": "#3"},
				"east": {"uv": [0, 13.125, 3.25, 16], "rotation": 270, "texture": "#3"},
				"south": {"uv": [0, 13.125, 3.25, 16], "rotation": 270, "texture": "#3"},
				"west": {"uv": [0, 13.125, 3.25, 16], "rotation": 270, "texture": "#3"},
				"up": {"uv": [0, 13.125, 3.25, 16], "rotation": 270, "texture": "#3"},
				"down": {"uv": [0, 13.125, 3.25, 16], "rotation": 270, "texture": "#3"}
			}
		},
		{
			"from": [11.98, 0.5, 3.3],
			"to": [14.08, 1, 4.668],
			"faces": {
				"north": {"uv": [0, 0, 2.75, 2.76563], "rotation": 270, "texture": "#0"},
				"east": {"uv": [0, 0, 2.75, 2.76563], "rotation": 270, "texture": "#0"},
				"south": {"uv": [0, 0, 2.75, 2.76563], "rotation": 270, "texture": "#0"},
				"west": {"uv": [0, 0, 2.75, 2.76563], "rotation": 270, "texture": "#0"},
				"up": {"uv": [0, 0, 2.75, 2.76563], "rotation": 270, "texture": "#0"},
				"down": {"uv": [0, 0, 2.75, 2.76563], "rotation": 270, "texture": "#0"}
			}
		},
		{
			"from": [11.98, 0.649, 2.85],
			"to": [14.08, 0.749, 4.218],
			"faces": {
				"north": {"uv": [0, 13.125, 3.25, 16], "rotation": 270, "texture": "#3"},
				"east": {"uv": [0, 13.125, 3.25, 16], "rotation": 270, "texture": "#3"},
				"south": {"uv": [0, 13.125, 3.25, 16], "rotation": 270, "texture": "#3"},
				"west": {"uv": [0, 13.125, 3.25, 16], "rotation": 270, "texture": "#3"},
				"up": {"uv": [0, 13.125, 3.25, 16], "rotation": 270, "texture": "#3"},
				"down": {"uv": [0, 13.125, 3.25, 16], "rotation": 270, "texture": "#3"}
			}
		},
		{
			"from": [12.3, 0.501, -7.63],
			"to": [13.668, 1.001, -4.63],
			"rotation": {"angle": -45, "axis": "y", "origin": [0, 0, 0]},
			"faces": {
				"north": {"uv": [0, 0, 2.75, 2.76563], "rotation": 270, "texture": "#0"},
				"east": {"uv": [0, 0, 2.75, 2.76563], "rotation": 270, "texture": "#0"},
				"south": {"uv": [0, 0, 2.75, 2.76563], "rotation": 270, "texture": "#0"},
				"west": {"uv": [0, 0, 2.75, 2.76563], "rotation": 270, "texture": "#0"},
				"up": {"uv": [0, 0, 2.75, 2.76563], "rotation": 270, "texture": "#0"},
				"down": {"uv": [0, 0, 2.75, 2.76563], "rotation": 270, "texture": "#0"}
			}
		},
		{
			"from": [11.97, 0.652, -7.938],
			"to": [14.07, 0.752, -4.938],
			"rotation": {"angle": -45, "axis": "y", "origin": [0, 0, 0]},
			"faces": {
				"north": {"uv": [0, 13.125, 3.25, 16], "rotation": 270, "texture": "#3"},
				"east": {"uv": [0, 13.125, 3.25, 16], "rotation": 270, "texture": "#3"},
				"south": {"uv": [0, 13.125, 3.25, 16], "rotation": 270, "texture": "#3"},
				"west": {"uv": [0, 13.125, 3.25, 16], "rotation": 270, "texture": "#3"},
				"up": {"uv": [0, 13.125, 3.25, 16], "rotation": 270, "texture": "#3"},
				"down": {"uv": [0, 13.125, 3.25, 16], "rotation": 270, "texture": "#3"}
			}
		},
		{
			"from": [15.35, 0.001, -3.3],
			"to": [16.32, 1.291, -2.3],
			"rotation": {"angle": -45, "axis": "y", "origin": [1, 0, 0]},
			"faces": {
				"north": {"uv": [13.82813, 2.29688, 15.82813, 3.69688], "texture": "#0"},
				"east": {"uv": [13.82813, 2.29688, 15.82813, 3.69688], "texture": "#0"},
				"south": {"uv": [13.82813, 2.29688, 15.82813, 3.69688], "texture": "#0"},
				"west": {"uv": [13.82813, 2.29688, 15.82813, 3.69688], "texture": "#0"},
				"up": {"uv": [13.82813, 2.29688, 15.82813, 3.69688], "texture": "#0"},
				"down": {"uv": [13.82813, 2.29688, 15.82813, 3.69688], "texture": "#0"}
			}
		}
	],
	"display": {
		"thirdperson_righthand": {
			"rotation": [2.5, 0, 89],
			"translation": [-6.75, 3.75, 0]
		},
		"thirdperson_lefthand": {
			"rotation": [2.5, 0, -449.25],
			"translation": [7.5, 3.75, 0]
		},
		"firstperson_righthand": {
			"rotation": [-6.25, 13.25, 89],
			"translation": [-6.25, 6.75, 1.75],
			"scale": [1.14453, 1, 1.18945]
		},
		"firstperson_lefthand": {
			"rotation": [-8.5, 10.5, -449.25],
			"translation": [8.25, 5.25, 0]
		},
		"ground": {
			"translation": [0, 4.5, 0]
		},
		"gui": {
			"rotation": [95, 128, 1.25],
			"translation": [1.25, -0.25, 0],
			"scale": [1.43945, 1, 1.36719]
		},
		"head": {
			"translation": [0, 15, 0]
		},
		"fixed": {
			"rotation": [93.5, -38.75, -177],
			"translation": [-1.25, 1, -8.75],
			"scale": [2.51953, 1.00586, 2.11524]
		}
	}
}