{
	"credit": "Made with Blockbench",
	"textures": {
		"0": "item/lapis",
		"1": "item/lapis2",
		"particle": "item/lapis"
	},
	"elements": [
		{
			"from": [6.5, 0, 7.501],
			"to": [9.5, 1, 8.501],
			"rotation": {"angle": 0, "axis": "y", "origin": [7.5, 7.5, 7.5]},
			"faces": {
				"north": {"uv": [0, 0, 3, 1], "texture": "#1"},
				"east": {"uv": [0, 0, 1, 1], "texture": "#1"},
				"south": {"uv": [0, 0, 3, 1], "texture": "#1"},
				"west": {"uv": [0, 0, 1, 1], "texture": "#1"},
				"up": {"uv": [0, 0, 3, 1], "texture": "#1"},
				"down": {"uv": [0, 0, 3, 1], "texture": "#1"}
			}
		},
		{
			"from": [6.3, 1, 7.7],
			"to": [9.8, 4, 7.7],
			"rotation": {"angle": 0, "axis": "y", "origin": [7.5, 7.5, 7.5]},
			"faces": {
				"north": {"uv": [0, 0, 3.5, 3], "texture": "#0"},
				"east": {"uv": [0, 0, 0, 3], "texture": "#0"},
				"south": {"uv": [0, 0, 3.5, 3], "texture": "#0"},
				"west": {"uv": [0, 0, 0, 3], "texture": "#0"},
				"up": {"uv": [0, 0, 3.5, 0], "texture": "#0"},
				"down": {"uv": [0, 0, 3.5, 0], "texture": "#0"}
			}
		},
		{
			"from": [6.3, 4, 7.7],
			"to": [9.3, 5, 7.7],
			"rotation": {"angle": 0, "axis": "y", "origin": [7.5, 7.5, 7.5]},
			"faces": {
				"north": {"uv": [0, 0, 3, 1], "texture": "#0"},
				"east": {"uv": [0, 0, 0, 1], "texture": "#0"},
				"south": {"uv": [0, 0, 3, 1], "texture": "#0"},
				"west": {"uv": [0, 0, 0, 1], "texture": "#0"},
				"up": {"uv": [0, 0, 3, 0], "texture": "#0"},
				"down": {"uv": [0, 0, 3, 0], "texture": "#0"}
			}
		},
		{
			"from": [7.3, 6, 7.7],
			"to": [8.3, 7, 7.7],
			"rotation": {"angle": 0, "axis": "y", "origin": [7.5, 7.5, 7.5]},
			"faces": {
				"north": {"uv": [0, 0, 1, 1], "texture": "#0"},
				"east": {"uv": [0, 0, 0, 1], "texture": "#0"},
				"south": {"uv": [0, 0, 1, 1], "texture": "#0"},
				"west": {"uv": [0, 0, 0, 1], "texture": "#0"},
				"up": {"uv": [0, 0, 1, 0], "texture": "#0"},
				"down": {"uv": [0, 0, 1, 0], "texture": "#0"}
			}
		},
		{
			"from": [7.3, 5, 7.7],
			"to": [9.3, 6, 7.7],
			"rotation": {"angle": 0, "axis": "y", "origin": [7.5, 7.5, 7.5]},
			"faces": {
				"north": {"uv": [0, 0, 2, 1], "texture": "#0"},
				"east": {"uv": [0, 0, 0, 1], "texture": "#0"},
				"south": {"uv": [0, 0, 2, 1], "texture": "#0"},
				"west": {"uv": [0, 0, 0, 1], "texture": "#0"},
				"up": {"uv": [0, 0, 2, 0], "texture": "#0"},
				"down": {"uv": [0, 0, 2, 0], "texture": "#0"}
			}
		},
		{
			"from": [11.25, 1.35, 7.499],
			"to": [12.25, 4.35, 8.499],
			"rotation": {"angle": -22.5, "axis": "z", "origin": [7.5, 7.5, 7.5]},
			"faces": {
				"north": {"uv": [0, 0, 3, 1], "rotation": 90, "texture": "#1"},
				"east": {"uv": [0, 0, 3, 1], "rotation": 270, "texture": "#1"},
				"south": {"uv": [0, 0, 3, 1], "rotation": 270, "texture": "#1"},
				"west": {"uv": [0, 0, 3, 1], "rotation": 270, "texture": "#1"},
				"up": {"uv": [0, 0, 1, 1], "rotation": 270, "texture": "#1"},
				"down": {"uv": [0, 0, 1, 1], "rotation": 270, "texture": "#1"}
			}
		},
		{
			"from": [7.62, 1.9, 7.5],
			"to": [8.62, 7.4, 8.5],
			"rotation": {"angle": 22.5, "axis": "z", "origin": [7.5, 7.5, 7.5]},
			"faces": {
				"north": {"uv": [0, 0, 5.5, 1], "rotation": 90, "texture": "#1"},
				"east": {"uv": [0, 0, 5.5, 1], "rotation": 270, "texture": "#1"},
				"south": {"uv": [0, 0, 5.5, 1], "rotation": 270, "texture": "#1"},
				"west": {"uv": [0, 0, 5.5, 1], "rotation": 270, "texture": "#1"},
				"up": {"uv": [0, 0, 1, 1], "rotation": 270, "texture": "#1"},
				"down": {"uv": [0, 0, 1, 1], "rotation": 270, "texture": "#1"}
			}
		},
		{
			"from": [7.7, 6.98, 7.502],
			"to": [8.5, 7.78, 8.502],
			"rotation": {"angle": 45, "axis": "z", "origin": [7.5, 7.5, 7.5]},
			"faces": {
				"north": {"uv": [0, 0, 0.8, 0.8], "rotation": 90, "texture": "#1"},
				"east": {"uv": [0, 0, 0.8, 1], "rotation": 270, "texture": "#1"},
				"south": {"uv": [0, 0, 0.8, 0.8], "rotation": 270, "texture": "#1"},
				"west": {"uv": [0, 0, 0.8, 1], "rotation": 270, "texture": "#1"},
				"up": {"uv": [0, 0, 1, 0.8], "rotation": 270, "texture": "#1"},
				"down": {"uv": [0, 0, 1, 0.8], "rotation": 270, "texture": "#1"}
			}
		},
		{
			"from": [7.32, 2.3, 7.501],
			"to": [8.32, 7.8, 8.501],
			"rotation": {"angle": -22.5, "axis": "z", "origin": [7.5, 7.5, 7.5]},
			"faces": {
				"north": {"uv": [0, 0, 5.5, 1], "rotation": 270, "texture": "#1"},
				"east": {"uv": [0, 0, 5.5, 1], "rotation": 90, "texture": "#1"},
				"south": {"uv": [0, 0, 5.5, 1], "rotation": 90, "texture": "#1"},
				"west": {"uv": [0, 0, 5.5, 1], "rotation": 90, "texture": "#1"},
				"up": {"uv": [0, 0, 1, 1], "rotation": 90, "texture": "#1"},
				"down": {"uv": [0, 0, 1, 1], "rotation": 90, "texture": "#1"}
			}
		},
		{
			"from": [3.7, 0.95, 7.5],
			"to": [4.7, 3.95, 8.5],
			"rotation": {"angle": 22.5, "axis": "z", "origin": [7.5, 7.5, 7.5]},
			"faces": {
				"north": {"uv": [0, 0, 3, 1], "rotation": 90, "texture": "#1"},
				"east": {"uv": [0, 0, 3, 1], "rotation": 270, "texture": "#1"},
				"south": {"uv": [0, 0, 3, 1], "rotation": 270, "texture": "#1"},
				"west": {"uv": [0, 0, 3, 1], "rotation": 270, "texture": "#1"},
				"up": {"uv": [0, 0, 1, 1], "rotation": 270, "texture": "#1"},
				"down": {"uv": [0, 0, 1, 1], "rotation": 270, "texture": "#1"}
			}
		}
	],
	"display": {
		"thirdperson_righthand": {
			"translation": [0, 5.25, 0]
		},
		"thirdperson_lefthand": {
			"translation": [0, 5.25, 0]
		},
		"firstperson_righthand": {
			"translation": [0, 7.75, 0]
		},
		"firstperson_lefthand": {
			"translation": [0, 7.75, 0]
		},
		"ground": {
			"translation": [0, 4.5, 0]
		},
		"gui": {
			"rotation": [0, 0, -44],
			"translation": [6.5, 6.5, 0],
			"scale": [2.10156, 2.125, 1]
		},
		"fixed": {
			"rotation": [0, 0, 34.75],
			"translation": [-4.5, 5.5, 0],
			"scale": [1.99023, 1.75195, 1]
		}
	}
}