{
	"credit": "Made with Blockbench",
	"textures": {
		"0": "item/netherite_word/netherite_sword",
		"1": "item/netherite_word/netherite_sword_golden",
		"2": "item/netherite_word/netherite_sword_main",
		"3": "item/netherite_word/netherite_sword_golden_alt",
		"particle": "item/netherite_word/netherite_sword"
	},
	"elements": [
		{
			"name": "Voxels-FFFFFF",
			"from": [7.78, 7.874, -3.532],
			"to": [8.48, 8.126, -2.832],
			"rotation": {"angle": -45, "axis": "y", "origin": [0, 0, 0]},
			"faces": {
				"north": {"uv": [6.65625, 4.84375, 6.65625, 6.53125], "texture": "#0"},
				"east": {"uv": [6.65625, 4.84375, 6.65625, 6.53125], "texture": "#0"},
				"south": {"uv": [0, 0, 6.9375, 7.4375], "texture": "#0"},
				"west": {"uv": [6.65625, 4.84375, 6.65625, 6.53125], "texture": "#0"},
				"up": {"uv": [0, 0, 6.9375, 7.4375], "texture": "#0"},
				"down": {"uv": [0, 8.59375, 6.9375, 16.03125], "texture": "#0"}
			}
		},
		{
			"name": "Voxels-FFFFFF",
			"from": [-5.44, 7.75, 13.512],
			"to": [-4.2, 8.25, 14.742],
			"rotation": {"angle": 45, "axis": "y", "origin": [0, 0, -2]},
			"faces": {
				"north": {"uv": [7.65625, 8.0625, 13.4375, 12.5625], "texture": "#0"},
				"east": {"uv": [7.65625, 8.0625, 13.4375, 12.5625], "texture": "#0"},
				"south": {"uv": [7.65625, 8.0625, 13.4375, 12.5625], "texture": "#0"},
				"west": {"uv": [7.65625, 8.0625, 13.4375, 12.5625], "texture": "#0"},
				"up": {"uv": [7.46875, 7.3125, 13.4375, 13.34375], "rotation": 90, "texture": "#0"},
				"down": {"uv": [7.46875, 7.3125, 13.4375, 13.21875], "rotation": 270, "texture": "#0"}
			}
		},
		{
			"name": "Voxels-FFFFFF",
			"from": [7.5, 7.875, 3.5],
			"to": [8.5, 8.125, 12.4],
			"rotation": {"angle": 0, "axis": "y", "origin": [0, 0, -2]},
			"faces": {
				"north": {"uv": [0, 0, 16, 16], "texture": "#1"},
				"east": {"uv": [6.65625, 4.84375, 6.65625, 6.53125], "texture": "#1"},
				"south": {"uv": [5.9375, 0, 16, 2.03125], "texture": "#1"},
				"west": {"uv": [6.65625, 4.84375, 6.65625, 6.53125], "texture": "#1"},
				"up": {"uv": [1.125, 0, 6.90625, 16], "texture": "#1"},
				"down": {"uv": [1.125, 0, 6.90625, 16], "texture": "#3"}
			}
		},
		{
			"name": "Voxels-FFFFFF",
			"from": [7.75, 7.85, 13.23],
			"to": [8.25, 8.15, 17.03],
			"rotation": {"angle": 0, "axis": "y", "origin": [-0.25, -0.125, 0]},
			"faces": {
				"north": {"uv": [14.59375, 0, 16, 11.20312], "texture": "#2"},
				"east": {"uv": [14.59375, 0, 16, 11.20312], "texture": "#2"},
				"south": {"uv": [14.59375, 0, 16, 11.20312], "texture": "#2"},
				"west": {"uv": [14.59375, 0, 16, 11.20312], "texture": "#2"},
				"up": {"uv": [14.59375, 0, 16, 11.20312], "texture": "#2"},
				"down": {"uv": [14.59375, 0, 16, 11.20312], "texture": "#2"}
			}
		},
		{
			"name": "Voxels-FFFFFF",
			"from": [5.75, 7.85, 12.7],
			"to": [10.25, 8.15, 13],
			"rotation": {"angle": 0, "axis": "y", "origin": [-0.25, -0.125, 0]},
			"faces": {
				"north": {"uv": [0, 14.48438, 16, 16], "texture": "#2"},
				"east": {"uv": [0, 14.48438, 16, 16], "texture": "#2"},
				"south": {"uv": [0, 14.60938, 16, 16], "texture": "#2"},
				"west": {"uv": [0, 14.48438, 16, 16], "texture": "#2"},
				"up": {"uv": [0, 14.48438, 16, 16], "texture": "#2"},
				"down": {"uv": [0, 14.48438, 16, 16], "texture": "#2"}
			}
		},
		{
			"name": "Voxels-FFFFFF",
			"from": [13.3, 7.75, 2.2],
			"to": [13.8, 8.25, 2.7],
			"rotation": {"angle": -45, "axis": "y", "origin": [-3, 0, -2]},
			"faces": {
				"north": {"uv": [7.65625, 8.0625, 13.4375, 12.5625], "texture": "#0"},
				"east": {"uv": [7.65625, 8.0625, 13.4375, 12.5625], "texture": "#0"},
				"south": {"uv": [7.65625, 8.0625, 13.4375, 12.5625], "texture": "#0"},
				"west": {"uv": [7.65625, 8.0625, 13.4375, 12.5625], "texture": "#0"},
				"up": {"uv": [7.65625, 8.0625, 13.4375, 12.5625], "texture": "#0"},
				"down": {"uv": [7.65625, 8.0625, 13.4375, 12.5625], "texture": "#0"}
			}
		},
		{
			"name": "Voxels-FFFFFF",
			"from": [18.2, 7.75, 2.3],
			"to": [18.7, 8.25, 2.8],
			"rotation": {"angle": -45, "axis": "y", "origin": [2, 0, -2]},
			"faces": {
				"north": {"uv": [7.65625, 8.0625, 13.4375, 12.5625], "texture": "#0"},
				"east": {"uv": [7.65625, 8.0625, 13.4375, 12.5625], "texture": "#0"},
				"south": {"uv": [7.65625, 8.0625, 13.4375, 12.5625], "texture": "#0"},
				"west": {"uv": [7.65625, 8.0625, 13.4375, 12.5625], "texture": "#0"},
				"up": {"uv": [7.65625, 8.0625, 13.4375, 12.5625], "texture": "#0"},
				"down": {"uv": [7.65625, 8.0625, 13.4375, 12.5625], "texture": "#0"}
			}
		},
		{
			"name": "Voxels-FFFFFF",
			"from": [13.05, 7.75, 23.63667],
			"to": [13.55, 8.25, 24.13667],
			"rotation": {"angle": -45, "axis": "y", "origin": [19, 0, 14]},
			"faces": {
				"north": {"uv": [7.65625, 7.15625, 13.4375, 13.59375], "texture": "#0"},
				"east": {"uv": [7.65625, 7.15625, 13.4375, 13.59375], "texture": "#0"},
				"south": {"uv": [7.65625, 7.15625, 13.4375, 13.59375], "texture": "#0"},
				"west": {"uv": [7.65625, 7.15625, 13.4375, 13.59375], "texture": "#0"},
				"up": {"uv": [7.65625, 7.15625, 13.4375, 13.59375], "texture": "#0"},
				"down": {"uv": [7.65625, 7.15625, 13.4375, 13.59375], "texture": "#0"}
			}
		}
	],
	"display": {
		"thirdperson_righthand": {
			"rotation": [89.43, -1.73, -90.12],
			"translation": [0, 8.5, 1.75],
			"scale": [1.69923, 2.21484, 1.53516]
		},
		"thirdperson_lefthand": {
			"rotation": [89.43, -1.73, -90.12],
			"translation": [0, 8.5, 1.75],
			"scale": [1.69923, 2.21484, 1.53516]
		},
		"firstperson_righthand": {
			"rotation": [89.43, -1.73, -90.12],
			"translation": [0, 8, 3],
			"scale": [1.00782, 1.13867, 1.05665]
		},
		"firstperson_lefthand": {
			"rotation": [89.43, -1.73, -90.12],
			"translation": [0, 8, 3],
			"scale": [1.00782, 1.13867, 1.05665]
		},
		"ground": {
			"rotation": [-178, 0.25, 0.25],
			"translation": [0, -2.75, 1.75],
			"scale": [0.93164, 0.61328, 0.71876]
		},
		"gui": {
			"rotation": [83.25, -47, -15.75],
			"translation": [1.5, 1.5, 0],
			"scale": [1.83984, 0.15234, 1.53125]
		},
		"fixed": {
			"rotation": [-90.25, 136.25, 0],
			"translation": [-3.75, 4.25, -1],
			"scale": [3.22071, 1.20703, 2.85351]
		}
	}
}