{
	"credit": "Made with Blockbench",
	"textures": {
		"0": "item/netherite_shovel",
		"1": "item/wood",
		"2": "item/netherite_shovel_inverted",
		"particle": "item/netherite_shovel"
	},
	"elements": [
		{
			"from": [7.65, 0.15, 5.5],
			"to": [8.35, 0.85, 13.5],
			"rotation": {"angle": 0, "axis": "y", "origin": [7.65, 15.15, 9.75]},
			"faces": {
				"north": {"uv": [0, 0, 0.7, 0.7], "texture": "#1"},
				"east": {"uv": [0, 0, 8, 0.7], "texture": "#1"},
				"south": {"uv": [0, 0, 0.7, 0.7], "texture": "#1"},
				"west": {"uv": [0, 0, 8, 0.7], "texture": "#1"},
				"up": {"uv": [0, 0, 0.7, 8], "texture": "#1"},
				"down": {"uv": [0, 0, 0.7, 8], "texture": "#1"}
			}
		},
		{
			"from": [5.5, 0.5, 2],
			"to": [10.2, 0.5, 6.5],
			"rotation": {"angle": 0, "axis": "y", "origin": [7.65, 15.15, 9.75]},
			"faces": {
				"north": {"uv": [0, 0, 4.7, 0], "texture": "#0"},
				"east": {"uv": [0, 0, 4.5, 0], "texture": "#0"},
				"south": {"uv": [0, 0, 4.7, 0], "texture": "#0"},
				"west": {"uv": [0, 0, 4.5, 0], "texture": "#0"},
				"up": {"uv": [5.875, 10.25, 10.575, 15.59375], "rotation": 180, "texture": "#0"},
				"down": {"uv": [5.875, 0.375, 10.575, 5.71875], "rotation": 180, "texture": "#2"}
			}
		},
		{
			"from": [10.1, 0.15, 11.9],
			"to": [10.8, 0.86, 14.4],
			"rotation": {"angle": -45, "axis": "y", "origin": [7.65, 15.15, 9.75]},
			"faces": {
				"north": {"uv": [7.75, 13.46875, 9.0625, 14.5625], "texture": "#0"},
				"east": {"uv": [7.75, 13.46875, 9.0625, 14.5625], "texture": "#0"},
				"south": {"uv": [7.75, 13.46875, 9.0625, 14.5625], "texture": "#0"},
				"west": {"uv": [7.75, 13.46875, 9.0625, 14.5625], "texture": "#0"},
				"up": {"uv": [7.75, 13.46875, 9.0625, 14.5625], "texture": "#0"},
				"down": {"uv": [7.75, 13.46875, 9.0625, 14.5625], "texture": "#0"}
			}
		},
		{
			"from": [5.1, 0.15, 12.5],
			"to": [5.8, 0.86, 15],
			"rotation": {"angle": 45, "axis": "y", "origin": [7.65, 15.15, 9.75]},
			"faces": {
				"north": {"uv": [7.75, 13.46875, 9.0625, 14.5625], "texture": "#0"},
				"east": {"uv": [7.75, 13.46875, 9.0625, 14.5625], "texture": "#0"},
				"south": {"uv": [7.75, 13.46875, 9.0625, 14.5625], "texture": "#0"},
				"west": {"uv": [7.75, 13.46875, 9.0625, 14.5625], "texture": "#0"},
				"up": {"uv": [7.75, 13.46875, 9.0625, 14.5625], "texture": "#0"},
				"down": {"uv": [7.75, 13.46875, 9.0625, 14.5625], "texture": "#0"}
			}
		},
		{
			"from": [6.1, 0.15, 14.8],
			"to": [10.05, 0.86, 15.5],
			"rotation": {"angle": 0, "axis": "y", "origin": [7.65, 15.15, 9.75]},
			"faces": {
				"north": {"uv": [7.75, 13.46875, 9.0625, 14.5625], "texture": "#0"},
				"east": {"uv": [7.75, 13.46875, 9.0625, 14.5625], "texture": "#0"},
				"south": {"uv": [7.75, 13.46875, 9.0625, 14.5625], "texture": "#0"},
				"west": {"uv": [7.75, 13.46875, 9.0625, 14.5625], "texture": "#0"},
				"up": {"uv": [7.75, 13.46875, 9.0625, 14.5625], "texture": "#0"},
				"down": {"uv": [7.75, 13.46875, 9.0625, 14.5625], "texture": "#0"}
			}
		}
	],
	"display": {
		"thirdperson_righthand": {
			"rotation": [94.75, 0.5, -83.25],
			"translation": [-4.5, 7.25, 2],
			"scale": [1.50586, 1, 1.17969]
		},
		"thirdperson_lefthand": {
			"rotation": [94.75, 0.5, -83.25],
			"translation": [-4.5, 7.25, 2],
			"scale": [1.50586, 1, 1.17969]
		},
		"firstperson_righthand": {
			"rotation": [74, 0, 0],
			"translation": [0, 8.5, 7]
		},
		"firstperson_lefthand": {
			"rotation": [74, 0, 0],
			"translation": [0, 8.5, 7]
		},
		"ground": {
			"translation": [0, 4.5, 0]
		},
		"gui": {
			"rotation": [98.25, -41.75, -0.5],
			"translation": [0.5, 0, 0]
		},
		"fixed": {
			"rotation": [85, 41.25, 0],
			"translation": [-2, 2, 5.5],
			"scale": [2.26367, 1, 2.37109]
		}
	}
}