{
	"credit": "Made with Blockbench",
	"parent": "minecraft:item/generic_tool_display",
	"textures": {
		"0": "items/pickaxe_wood",
		"1": "items/stone_hoe",
		"particle": "items/pickaxe_wood"
	},
	"elements": [
		{
			"from": [7.5, 0, 7.25],
			"to": [8.5, 16, 8.75],
			"faces": {
				"north": {"uv": [0, 3, 2, 16], "texture": "#0"},
				"east": {"uv": [0, 3, 2, 16], "texture": "#0"},
				"south": {"uv": [0, 3, 2, 16], "texture": "#0"},
				"west": {"uv": [0, 3, 2, 16], "texture": "#0"},
				"up": {"uv": [0, 3, 2, 16], "texture": "#0"},
				"down": {"uv": [0, 3, 2, 16], "texture": "#0"}
			}
		},
		{
			"from": [7.08594, 14, 5.5],
			"to": [9.00004, 15, 10.5],
			"rotation": {"angle": 0, "axis": "y", "origin": [8.5, 8, 7]},
			"faces": {
				"north": {"uv": [0.09375, 16, 1.5625, 0], "texture": "#1"},
				"east": {"uv": [0.09375, 16, 1.5625, 0], "texture": "#1"},
				"south": {"uv": [0.09375, 16, 1.5625, 0], "texture": "#1"},
				"west": {"uv": [0.09375, 16, 1.5625, 0], "texture": "#1"},
				"up": {"uv": [0.09375, 16, 1.5625, 0], "texture": "#1"},
				"down": {"uv": [0.09375, 16, 1.5625, 0], "texture": "#1"}
			}
		},
		{
			"from": [8.99996, 14, 5.5],
			"to": [10.79996, 15, 6.5],
			"rotation": {"angle": 0, "axis": "y", "origin": [7.5, 8, 7]},
			"faces": {
				"north": {"uv": [0.09375, 16, 1.5625, 0], "texture": "#1"},
				"east": {"uv": [0.09375, 16, 1.5625, 0], "texture": "#1"},
				"south": {"uv": [0.09375, 16, 1.5625, 0], "texture": "#1"},
				"west": {"uv": [0.09375, 16, 1.5625, 0], "texture": "#1"},
				"up": {"uv": [0.09375, 16, 1.5625, 0], "texture": "#1"},
				"down": {"uv": [0.09375, 16, 1.5625, 0], "texture": "#1"}
			}
		},
		{
			"from": [8.99996, 14, 7.5],
			"to": [10.79996, 15, 8.5],
			"rotation": {"angle": 0, "axis": "y", "origin": [7.5, 8, 7]},
			"faces": {
				"north": {"uv": [0.09375, 16, 1.5625, 0], "texture": "#1"},
				"east": {"uv": [0.09375, 16, 1.5625, 0], "texture": "#1"},
				"south": {"uv": [0.09375, 16, 1.5625, 0], "texture": "#1"},
				"west": {"uv": [0.09375, 16, 1.5625, 0], "texture": "#1"},
				"up": {"uv": [0.09375, 16, 1.5625, 0], "texture": "#1"},
				"down": {"uv": [0.09375, 16, 1.5625, 0], "texture": "#1"}
			}
		},
		{
			"from": [8.99996, 14, 9.5],
			"to": [10.79996, 15, 10.5],
			"rotation": {"angle": 0, "axis": "y", "origin": [7.5, 8, 7]},
			"faces": {
				"north": {"uv": [0.09375, 16, 1.5625, 0], "texture": "#1"},
				"east": {"uv": [0.09375, 16, 1.5625, 0], "texture": "#1"},
				"south": {"uv": [0.09375, 16, 1.5625, 0], "texture": "#1"},
				"west": {"uv": [0.09375, 16, 1.5625, 0], "texture": "#1"},
				"up": {"uv": [0.09375, 16, 1.5625, 0], "texture": "#1"},
				"down": {"uv": [0.09375, 16, 1.5625, 0], "texture": "#1"}
			}
		},
		{
			"from": [10.4, 14.05, 5.495],
			"to": [14.1499, 15.05, 6.505],
			"rotation": {"angle": -22.5, "axis": "z", "origin": [10.5, 14, 7]},
			"faces": {
				"north": {"uv": [0.09375, 16, 1.5625, 0], "texture": "#1"},
				"east": {"uv": [0.09375, 16, 1.5625, 0], "texture": "#1"},
				"south": {"uv": [0.09375, 16, 1.5625, 0], "texture": "#1"},
				"west": {"uv": [0.09375, 16, 1.5625, 0], "texture": "#1"},
				"up": {"uv": [0.09375, 16, 1.5625, 0], "texture": "#1"},
				"down": {"uv": [0.09375, 16, 1.5625, 0], "texture": "#1"}
			}
		},
		{
			"from": [10.4, 14.05, 9.495],
			"to": [14.1499, 15.05, 10.505],
			"rotation": {"angle": -22.5, "axis": "z", "origin": [10.5, 14, 7]},
			"faces": {
				"north": {"uv": [0.09375, 16, 1.5625, 0], "texture": "#1"},
				"east": {"uv": [0.09375, 16, 1.5625, 0], "texture": "#1"},
				"south": {"uv": [0.09375, 16, 1.5625, 0], "texture": "#1"},
				"west": {"uv": [0.09375, 16, 1.5625, 0], "texture": "#1"},
				"up": {"uv": [0.09375, 16, 1.5625, 0], "texture": "#1"},
				"down": {"uv": [0.09375, 16, 1.5625, 0], "texture": "#1"}
			}
		},
		{
			"from": [10.4, 14.05, 7.495],
			"to": [14.1499, 15.05, 8.505],
			"rotation": {"angle": -22.5, "axis": "z", "origin": [10.5, 14, 7]},
			"faces": {
				"north": {"uv": [0.09375, 16, 1.5625, 0], "texture": "#1"},
				"east": {"uv": [0.09375, 16, 1.5625, 0], "texture": "#1"},
				"south": {"uv": [0.09375, 16, 1.5625, 0], "texture": "#1"},
				"west": {"uv": [0.09375, 16, 1.5625, 0], "texture": "#1"},
				"up": {"uv": [0.09375, 16, 1.5625, 0], "texture": "#1"},
				"down": {"uv": [0.09375, 16, 1.5625, 0], "texture": "#1"}
			}
		},
		{
			"from": [7.83, 15, 6.9],
			"to": [8.23, 15.4, 9.1],
			"rotation": {"angle": 0, "axis": "y", "origin": [7.9, 7.9, 7.9]},
			"faces": {
				"north": {"uv": [0, 0, 0, 0], "texture": "#0"},
				"east": {"uv": [0, 0, 0, 0], "texture": "#0"},
				"south": {"uv": [0, 0, 0, 0], "texture": "#0"},
				"west": {"uv": [0, 0, 0, 0], "texture": "#0"},
				"up": {"uv": [0, 0, 0, 0], "texture": "#0"},
				"down": {"uv": [0, 0, 0, 0], "texture": "#0"}
			}
		}
	],
	"display": {
		"thirdperson_righthand": {
			"rotation": [0, -271.25, 0]
		},
		"thirdperson_lefthand": {
			"rotation": [0, 268.75, 0]
		},
		"firstperson_righthand": {
			"rotation": [0, -271.25, 0],
			"translation": [0, 7.25, 0]
		},
		"firstperson_lefthand": {
			"rotation": [0, 268.75, 0],
			"translation": [0, 6.5, 0]
		},
		"gui": {
			"rotation": [31, -24, -21.5],
			"translation": [-1.5, -0.25, 0],
			"scale": [1.29102, 1.36133, 0.82227]
		},
		"head": {
			"rotation": [0, 0, 0.75],
			"translation": [-0.25, 10.5, 0]
		},
		"fixed": {
			"rotation": [0, 0, -43],
			"translation": [0, 0, -3],
			"scale": [1.93555, 2.16211, 1]
		}
	},
	"groups": [
		{
			"name": "group",
			"origin": [8, 8, 8],
			"children": [0]
		},
		{
			"name": "group",
			"origin": [8, 8, 8],
			"children": [
				{
					"name": "group",
					"origin": [5.5, 14, 8],
					"children": [1, 2, 3, 4, 5, 6, 7]
				},
				{
					"name": "group",
					"origin": [7.5, 8, 8],
					"children": []
				},
				{
					"name": "group",
					"origin": [8.5, 8, 8],
					"children": []
				}
			]
		}, 8]
}