{
	"credit": "Made with Blockbench",
	"textures": {
		"0": "block/tall_grass_bottom",
		"1": "block/tall_grass_top",
		"particle": "block/tall_grass_bottom"
	},
	"elements": [
		{
			"from": [0, 0, 8],
			"to": [16, 16, 8],
			"faces": {
				"north": {"uv": [16, 0, 0, 16], "texture": "#0"},
				"east": {"uv": [13.1875, 6.03125, 3.73438, 16], "texture": "#0"},
				"south": {"uv": [16, 0, 0, 16], "texture": "#0"},
				"west": {"uv": [16, 0, 0, 16], "texture": "#0"},
				"up": {"uv": [1.9375, 6.10938, 0, 15.90625], "rotation": 90, "texture": "#0"},
				"down": {"uv": [1.9375, 6.10938, 0, 15.90625], "rotation": 270, "texture": "#0"}
			}
		},
		{
			"from": [0, 16, 8],
			"to": [16, 32, 8],
			"faces": {
				"north": {"uv": [16, 0, 0, 16], "texture": "#1"},
				"east": {"uv": [13.1875, 6.03125, 3.73438, 16], "texture": "#1"},
				"south": {"uv": [16, 0, 0, 16], "texture": "#1"},
				"west": {"uv": [16, 0, 0, 16], "texture": "#1"},
				"up": {"uv": [1.9375, 6.10938, 0, 15.90625], "rotation": 90, "texture": "#1"},
				"down": {"uv": [1.9375, 6.10938, 0, 15.90625], "rotation": 270, "texture": "#1"}
			}
		}
	],
	"display": {
		"thirdperson_righthand": {
			"scale": [0.50195, 0.35547, 0.56055]
		},
		"thirdperson_lefthand": {
			"scale": [0.50195, 0.40625, 1]
		},
		"firstperson_righthand": {
			"scale": [0.50195, 0.40625, 1]
		},
		"firstperson_lefthand": {
			"scale": [0.50195, 0.40625, 1]
		},
		"ground": {
			"scale": [0.50195, 0.40625, 0.42383]
		},
		"gui": {
			"translation": [0, -1.25, 0],
			"scale": [0.80078, 0.80664, 1]
		},
		"fixed": {
			"rotation": [180, 0.25, 180],
			"translation": [0, -1.5, -0.5]
		}
	}
}