{
	"credit": "Made with Blockbench",
	"textures": {
		"0": "item/pickaxe/pickaxe_base",
		"1": "item/pickaxe/pickaxe_wood",
		"2": "item/pickaxe/wool_pickaxe",
		"particle": "item/pickaxe/pickaxe_base"
	},
	"elements": [
		{
			"from": [7.5, 0, 7.5],
			"to": [8.6, 14, 8.5],
			"rotation": {"angle": 0, "axis": "y", "origin": [7.5, -2, 7.5]},
			"faces": {
				"north": {"uv": [0.8125, 0.375, 6.0375, 16], "texture": "#0"},
				"east": {"uv": [0.8125, 0.375, 6.0375, 16], "texture": "#0"},
				"south": {"uv": [0.8125, 0.375, 6.0375, 16], "texture": "#0"},
				"west": {"uv": [0.8125, 0.375, 6.0375, 16], "texture": "#0"},
				"up": {"uv": [0.8125, 0.375, 6.0375, 16], "texture": "#0"},
				"down": {"uv": [0.8125, 0.375, 6.0375, 16], "texture": "#0"}
			}
		},
		{
			"from": [5.75, 11.34, 7.75],
			"to": [11.25, 12.75, 8.25],
			"rotation": {"angle": -22.5, "axis": "z", "origin": [7.75, 5.75, 7.75]},
			"faces": {
				"north": {"uv": [0, 1.96875, 16, 6], "texture": "#1"},
				"east": {"uv": [0, 0, 16, 16], "texture": "#1"},
				"south": {"uv": [0, 0, 16, 16], "texture": "#1"},
				"west": {"uv": [0, 0, 16, 16], "texture": "#1"},
				"up": {"uv": [0, 0, 16, 16], "texture": "#1"},
				"down": {"uv": [0, 0, 16, 16], "texture": "#1"}
			}
		},
		{
			"from": [5.75, 11.34, 7.75],
			"to": [11.25, 12.75, 8.25],
			"rotation": {"angle": -22.5, "axis": "z", "origin": [7.75, 5.75, 7.75]},
			"faces": {
				"north": {"uv": [0, 1.96875, 16, 6], "texture": "#1"},
				"east": {"uv": [0, 1.96875, 16, 6], "texture": "#1"},
				"south": {"uv": [0, 1.96875, 16, 6], "texture": "#1"},
				"west": {"uv": [0, 1.96875, 16, 6], "texture": "#1"},
				"up": {"uv": [0, 1.96875, 16, 6], "texture": "#1"},
				"down": {"uv": [0, 1.96875, 16, 6], "texture": "#1"}
			}
		},
		{
			"from": [14.18, 7.22, 7.74],
			"to": [15.18, 8.22, 8.26],
			"rotation": {"angle": 22.5, "axis": "z", "origin": [7.75, 5.75, 7.75]},
			"faces": {
				"north": {"uv": [0, 1.96875, 16, 6], "texture": "#1"},
				"east": {"uv": [0, 2.5, 10.71875, 6.785], "texture": "#1"},
				"south": {"uv": [0, 2.5, 10.71875, 6.785], "texture": "#1"},
				"west": {"uv": [0, 2.5, 10.71875, 6.785], "texture": "#1"},
				"up": {"uv": [0, 2.5, 10.71875, 6.785], "texture": "#1"},
				"down": {"uv": [0, 2.5, 10.71875, 6.785], "texture": "#1"}
			}
		},
		{
			"from": [0.35, 10.6, 7.75],
			"to": [5.85, 12.01, 8.25],
			"rotation": {"angle": 22.5, "axis": "z", "origin": [3.75, 17.75, 7.75]},
			"faces": {
				"north": {"uv": [0, 1.96875, 16, 6], "texture": "#1"},
				"east": {"uv": [0, 2.5, 10.71875, 6.785], "texture": "#1"},
				"south": {"uv": [0, 2.5, 10.71875, 6.785], "texture": "#1"},
				"west": {"uv": [0, 2.5, 10.71875, 6.785], "texture": "#1"},
				"up": {"uv": [0, 2.5, 10.71875, 6.785], "texture": "#1"},
				"down": {"uv": [0, 2.5, 10.71875, 6.785], "texture": "#1"}
			}
		},
		{
			"from": [5.4, 10.28, 7.74],
			"to": [6.4, 11.28, 8.26],
			"rotation": {"angle": -22.5, "axis": "z", "origin": [3.75, 17.75, 7.75]},
			"faces": {
				"north": {"uv": [0, 1.96875, 16, 6], "texture": "#1"},
				"east": {"uv": [0, 2.5, 10.71875, 6.785], "texture": "#1"},
				"south": {"uv": [0, 2.5, 10.71875, 6.785], "texture": "#1"},
				"west": {"uv": [0, 2.5, 10.71875, 6.785], "texture": "#1"},
				"up": {"uv": [0, 2.5, 10.71875, 6.785], "texture": "#1"},
				"down": {"uv": [0, 2.5, 10.71875, 6.785], "texture": "#1"}
			}
		},
		{
			"from": [3.25, 10.5, 7.4],
			"to": [3.75, 11, 8.6],
			"rotation": {"angle": -45, "axis": "z", "origin": [7.64645, 6, 7.5]},
			"faces": {
				"north": {"uv": [10, 0, 16, 6.21875], "texture": "#0"},
				"east": {"uv": [10, 0, 16, 6.21875], "texture": "#0"},
				"south": {"uv": [10, 0, 16, 6.21875], "texture": "#0"},
				"west": {"uv": [10, 0, 16, 6.21875], "texture": "#0"},
				"up": {"uv": [10, 0, 16, 6.21875], "texture": "#0"},
				"down": {"uv": [10, 0, 16, 6.21875], "texture": "#0"}
			}
		},
		{
			"from": [7.4, 2, 7.35],
			"to": [8.7, 9.3, 8.65],
			"rotation": {"angle": 0, "axis": "y", "origin": [7.35, 3.35, 7.35]},
			"faces": {
				"north": {"uv": [0, 0, 5.675, 16], "texture": "#2"},
				"east": {"uv": [0, 0, 5.675, 16], "texture": "#2"},
				"south": {"uv": [0, 0, 5.675, 16], "texture": "#2"},
				"west": {"uv": [0, 0, 5.675, 16], "texture": "#2"},
				"up": {"uv": [0, 0, 5.675, 16], "texture": "#2"},
				"down": {"uv": [0, 0, 5.675, 16], "texture": "#2"}
			}
		}
	],
	"display": {
		"thirdperson_righthand": {
			"rotation": [-128.2, -87.28, -131.39],
			"translation": [1, 0, 0.25]
		},
		"thirdperson_lefthand": {
			"rotation": [-128.2, -87.28, -131.39],
			"translation": [1, 0, 0.25]
		},
		"firstperson_righthand": {
			"rotation": [-2.85, -82.3, -6.62],
			"translation": [3.25, 8.25, -1.5],
			"scale": [1.27734, 1.37695, 1.33203]
		},
		"firstperson_lefthand": {
			"rotation": [-2.85, -82.3, -6.62],
			"translation": [3.25, 8.25, -1.5],
			"scale": [1.27734, 1.37695, 1.33203]
		},
		"ground": {
			"rotation": [-88.39, 0.67, 12.2],
			"translation": [0, -3.25, 0],
			"scale": [0.54883, 0.61523, 0.5332]
		},
		"gui": {
			"rotation": [0, 0, 44.25],
			"translation": [0, 0, -1.25],
			"scale": [1.27734, 1.30859, 2.72461]
		},
		"fixed": {
			"rotation": [0, 0, 44.25],
			"translation": [0, 0, -1.25],
			"scale": [2.92578, 2.49023, 2.72461]
		}
	}
}