{
	"credit": "Made with Blockbench by Sapix for Sapixcraft",
	"parent": "block/block",
	"ambientocclusion": false,
	"textures": {
		"particle": "block/torches",
		"torch": "block/torches"
	},
	"elements": [
		{
			"name": "torch",
			"from": [6.75, 6.5, 6.75],
			"to": [9.25, 10.5, 9.25],
			"shade": false,
			"faces": {
				"north": {"uv": [0.5, 2, 3.5, 6], "texture": "#torch"},
				"east": {"uv": [3.5, 2, 0.5, 6], "texture": "#torch"},
				"south": {"uv": [0.5, 2, 3.5, 6], "texture": "#torch"},
				"west": {"uv": [3.5, 2, 0.5, 6], "texture": "#torch"},
				"up": {"uv": [0.5, 2, 3.5, 6], "texture": "#torch"},
				"down": {"uv": [0.5, 6, 3.5, 2], "texture": "#torch", "cullface": "down"}
			}
		},
		{
			"name": "stick",
			"from": [7.25, 0, 7.25],
			"to": [8.75, 11, 8.75],
			"faces": {
				"north": {"uv": [1, 1.5, 3, 13], "texture": "#torch"},
				"east": {"uv": [1, 1.5, 3, 13], "texture": "#torch"},
				"south": {"uv": [1, 1.5, 3, 13], "texture": "#torch"},
				"west": {"uv": [1, 1.5, 3, 13], "texture": "#torch"},
				"up": {"uv": [1, 0, 3, 2], "texture": "#torch"},
				"down": {"uv": [1, 2, 3, 0], "texture": "#torch", "cullface": "down"}
			}
		}
	]
}