{
	"credit": "Made with Blockbench by Sapix for Sapixcraft",
	"texture_size": [32, 32],
	"textures": {
		"0": "block/3d/amethyst_crystal",
		"particle": "block/3d/amethyst_crystal"
	},
	"elements": [
		{
			"from": [6, 0, 6],
			"to": [10, 13, 10],
			"rotation": {"angle": 0, "axis": "y", "origin": [8, 6.5, 8]},
			"faces": {
				"north": {"uv": [2, 2, 4, 8.5], "texture": "#0"},
				"east": {"uv": [0, 2, 2, 8.5], "texture": "#0"},
				"south": {"uv": [6, 2, 8, 8.5], "texture": "#0"},
				"west": {"uv": [4, 2, 6, 8.5], "texture": "#0"},
				"up": {"uv": [4, 2, 2, 0], "texture": "#0"},
				"down": {"uv": [6, 0, 4, 2], "texture": "#0"}
			}
		},
		{
			"from": [2, -1, 6.5],
			"to": [5, 9, 9.5],
			"rotation": {"angle": 22.5, "axis": "z", "origin": [3.5, 4, 8]},
			"faces": {
				"north": {"uv": [1.5, 11, 3, 16], "texture": "#0"},
				"east": {"uv": [0, 11, 1.5, 16], "texture": "#0"},
				"south": {"uv": [4.5, 11, 6, 16], "texture": "#0"},
				"west": {"uv": [3, 11, 4.5, 16], "texture": "#0"},
				"up": {"uv": [3, 11, 1.5, 9.5], "texture": "#0"},
				"down": {"uv": [4.5, 9.5, 3, 11], "texture": "#0"}
			}
		},
		{
			"from": [11, -1, 6.5],
			"to": [14, 9, 9.5],
			"rotation": {"angle": -22.5, "axis": "z", "origin": [12.5, 4, 8]},
			"faces": {
				"north": {"uv": [1.5, 11, 3, 16], "texture": "#0"},
				"east": {"uv": [0, 11, 1.5, 16], "texture": "#0"},
				"south": {"uv": [4.5, 11, 6, 16], "texture": "#0"},
				"west": {"uv": [3, 11, 4.5, 16], "texture": "#0"},
				"up": {"uv": [3, 11, 1.5, 9.5], "texture": "#0"},
				"down": {"uv": [4.5, 9.5, 3, 11], "texture": "#0"}
			}
		},
		{
			"from": [6.5, -1, 11],
			"to": [9.5, 9, 14],
			"rotation": {"angle": 22.5, "axis": "x", "origin": [8, 4, 12.5]},
			"faces": {
				"north": {"uv": [1.5, 11, 3, 16], "texture": "#0"},
				"east": {"uv": [0, 11, 1.5, 16], "texture": "#0"},
				"south": {"uv": [4.5, 11, 6, 16], "texture": "#0"},
				"west": {"uv": [3, 11, 4.5, 16], "texture": "#0"},
				"up": {"uv": [3, 11, 1.5, 9.5], "texture": "#0"},
				"down": {"uv": [4.5, 9.5, 3, 11], "texture": "#0"}
			}
		},
		{
			"from": [6.5, -1, 2],
			"to": [9.5, 9, 5],
			"rotation": {"angle": -22.5, "axis": "x", "origin": [8, 4, 3.5]},
			"faces": {
				"north": {"uv": [1.5, 11, 3, 16], "texture": "#0"},
				"east": {"uv": [0, 11, 1.5, 16], "texture": "#0"},
				"south": {"uv": [4.5, 11, 6, 16], "texture": "#0"},
				"west": {"uv": [3, 11, 4.5, 16], "texture": "#0"},
				"up": {"uv": [3, 11, 1.5, 9.5], "texture": "#0"},
				"down": {"uv": [4.5, 9.5, 3, 11], "texture": "#0"}
			}
		}
	],
	"display": {
		"thirdperson_righthand": {
			"translation": [0, 5.5, 0],
			"scale": [0.8, 0.8, 0.8]
		},
		"thirdperson_lefthand": {
			"translation": [0, 5.5, 0],
			"scale": [0.8, 0.8, 0.8]
		},
		"firstperson_righthand": {
			"rotation": [0, 4.5, -5.5],
			"translation": [0, 2.25, 0],
			"scale": [0.8, 0.8, 0.8]
		},
		"firstperson_lefthand": {
			"rotation": [0, 4.5, -5.5],
			"translation": [0, 2.25, 0],
			"scale": [0.8, 0.8, 0.8]
		},
		"ground": {
			"rotation": [51, 45, 0],
			"translation": [0, 1.75, 0],
			"scale": [0.5, 0.5, 0.5]
		},
		"gui": {
			"rotation": [26, 43, -9],
			"translation": [0.5, 2, 0],
			"scale": [0.9, 0.9, 0.9]
		},
		"head": {
			"translation": [0, 14.5, 0],
			"scale": [1.5, 1.5, 1.5]
		},
		"fixed": {
			"rotation": [-23, 45, 0],
			"translation": [0, 1.25, -4.5]
		}
	},
	"groups": [
		{
			"name": "cluster",
			"origin": [8, 4, 3.5],
			"color": 0,
			"children": [0, 1, 2, 3, 4]
		}
	]
}