{
	"credit": "Made with Blockbench by Sapix for Sapixcraft",
	"parent": "block/block",
	"ambientocclusion": false,
	"textures": {
		"particle": "block/torches",
		"torch": "block/torches"
	},
	"elements": [
		{
			"name": "torch",
			"from": [6, 5, 6.75],
			"to": [8.5, 9, 9.25],
			"shade": false,
			"rotation": {"angle": 45, "axis": "z", "origin": [6, 9, 6.75]},
			"faces": {
				"north": {"uv": [12.5, 2, 15.5, 6], "texture": "#torch"},
				"east": {"uv": [12.5, 2, 15.5, 6], "texture": "#torch"},
				"south": {"uv": [12.5, 2, 15.5, 6], "texture": "#torch"},
				"west": {"uv": [15.5, 2, 12.5, 6], "texture": "#torch"},
				"up": {"uv": [12.5, 2, 15.5, 6], "texture": "#torch"},
				"down": {"uv": [12.5, 6, 15.5, 2], "texture": "#torch", "cullface": "down"}
			}
		},
		{
			"name": "stick",
			"from": [6, -1.25, 7.25],
			"to": [7.5, 9.75, 8.75],
			"rotation": {"angle": 45, "axis": "z", "origin": [6, 9.75, 7.25]},
			"faces": {
				"north": {"uv": [13, 1.5, 15, 13], "texture": "#torch"},
				"east": {"uv": [13, 1.5, 15, 13], "texture": "#torch"},
				"south": {"uv": [13, 1.5, 15, 13], "texture": "#torch"},
				"west": {"uv": [13, 1.5, 15, 13], "texture": "#torch"},
				"up": {"uv": [13, 0, 15, 2], "texture": "#torch"},
				"down": {"uv": [13, 2, 15, 0], "texture": "#torch", "cullface": "down"}
			}
		}
	],
	"gui_light": "front",
	"display": {
		"thirdperson_righthand": {
			"rotation": [35, -90, -35],
			"translation": [0, 5, 3],
			"scale": [0.8, 0.8, 0.8]
		},
		"thirdperson_lefthand": {
			"rotation": [-75, 90, 145],
			"translation": [0, 5, 3],
			"scale": [0.8, 0.8, 0.8]
		},
		"firstperson_righthand": {
			"rotation": [-35, -86, -35],
			"translation": [2, 4, -1],
			"scale": [0.8, 0.8, 0.8]
		},
		"firstperson_lefthand": {
			"rotation": [0, 93.3, 0],
			"translation": [2, 4, -1],
			"scale": [0.8, 0.8, 0.8]
		},
		"ground": {
			"translation": [0, 3, 0],
			"scale": [0.5, 0.5, 0.5]
		},
		"gui": {
			"rotation": [0, 180, 0],
			"translation": [2, -1, 0]
		},
		"head": {
			"rotation": [0, -90, 0],
			"translation": [0, 9.25, -11]
		}
	}
}