{
	"credit": "Made with Blockbench",
	"textures": {
		"particle": "item/sword/loot/vanishing/iron_sword",
		"base": "item/sword/loot/vanishing/iron_sword",
		"bottom": "#base",
		"stick": "#base",
		"grip": "#stick",
		"orb2": "#base",
		"ring2": "#orb2",
		"ring1": "#ring2",
		"orb1": "#orb2",
		"guard": "#base",
		"fire": "item/blank",
		"looting": "item/blank"
	},
	"elements": [
		{
			"from": [0, 0, 7.95],
			"to": [32, 32, 8.05],
			"rotation": {"angle": 0, "axis": "y", "origin": [8, 8, 15.5]},
			"faces": {
				"north": {"uv": [16, 0, 0, 16], "texture": "#fire"},
				"south": {"uv": [0, 0, 16, 16], "texture": "#fire"}
			}
		},
		{
			"from": [-1, 0, 7.51],
			"to": [3, 2, 8.49],
			"rotation": {"angle": 0, "axis": "y", "origin": [8, 8, 15.5]},
			"faces": {
				"north": {"uv": [16, 13, 12, 15], "texture": "#bottom"},
				"east": {"uv": [15, 13, 16, 15], "texture": "#bottom"},
				"south": {"uv": [12, 13, 16, 15], "texture": "#bottom"},
				"west": {"uv": [12, 13, 13, 15], "texture": "#bottom"},
				"up": {"uv": [12, 13, 16, 14], "texture": "#bottom"},
				"down": {"uv": [12, 14, 16, 15], "texture": "#bottom"}
			}
		},
		{
			"from": [0, -1, 7.5],
			"to": [2, 3, 8.5],
			"rotation": {"angle": 0, "axis": "y", "origin": [8, 9, 15.5]},
			"faces": {
				"north": {"uv": [15, 12, 13, 16], "texture": "#bottom"},
				"east": {"uv": [14, 12, 15, 16], "texture": "#bottom"},
				"south": {"uv": [13, 12, 15, 16], "texture": "#bottom"},
				"west": {"uv": [13, 12, 14, 16], "texture": "#bottom"},
				"up": {"uv": [13, 12, 15, 13], "texture": "#bottom"},
				"down": {"uv": [13, 15, 15, 16], "texture": "#bottom"}
			}
		},
		{
			"from": [2, 2, 7.5],
			"to": [4, 4, 8.5],
			"rotation": {"angle": 0, "axis": "y", "origin": [10, 10, 15.5]},
			"faces": {
				"north": {"uv": [4, 12, 2, 14], "texture": "#grip"},
				"east": {"uv": [3, 12, 4, 14], "texture": "#grip"},
				"south": {"uv": [2, 12, 4, 14], "texture": "#grip"},
				"west": {"uv": [2, 12, 3, 14], "texture": "#grip"},
				"up": {"uv": [2, 12, 4, 13], "texture": "#grip"},
				"down": {"uv": [2, 13, 4, 14], "texture": "#grip"}
			}
		},
		{
			"from": [3, 3, 7.5],
			"to": [5, 5, 8.5],
			"rotation": {"angle": 0, "axis": "y", "origin": [11, 11, 15.5]},
			"faces": {
				"north": {"uv": [5, 11, 3, 13], "texture": "#grip"},
				"east": {"uv": [4, 11, 5, 13], "texture": "#grip"},
				"south": {"uv": [3, 11, 5, 13], "texture": "#grip"},
				"west": {"uv": [3, 11, 4, 13], "texture": "#grip"},
				"up": {"uv": [3, 11, 5, 12], "texture": "#grip"},
				"down": {"uv": [3, 12, 5, 13], "texture": "#grip"}
			}
		},
		{
			"from": [5, 4, 7.5],
			"to": [7, 5, 8.5],
			"rotation": {"angle": 0, "axis": "y", "origin": [13, 12, 15.5]},
			"faces": {
				"north": {"uv": [7, 11, 5, 12], "texture": "#ring1"},
				"east": {"uv": [6, 11, 7, 12], "texture": "#ring1"},
				"south": {"uv": [5, 11, 7, 12], "texture": "#ring1"},
				"west": {"uv": [5, 11, 6, 12], "texture": "#ring1"},
				"up": {"uv": [5, 11, 7, 12], "texture": "#ring1"},
				"down": {"uv": [5, 11, 7, 12], "texture": "#ring1"}
			}
		},
		{
			"from": [4, 5, 7.5],
			"to": [5, 7, 8.5],
			"rotation": {"angle": 0, "axis": "y", "origin": [12, 13, 15.5]},
			"faces": {
				"north": {"uv": [4, 9, 5, 11], "texture": "#ring1"},
				"east": {"uv": [4, 9, 5, 11], "texture": "#ring1"},
				"south": {"uv": [4, 9, 5, 11], "texture": "#ring1"},
				"west": {"uv": [4, 9, 5, 11], "texture": "#ring1"},
				"up": {"uv": [4, 9, 5, 10], "texture": "#ring1"},
				"down": {"uv": [4, 10, 5, 11], "texture": "#ring1"}
			}
		},
		{
			"from": [5, 5, 7.5],
			"to": [6, 6, 8.5],
			"rotation": {"angle": 0, "axis": "y", "origin": [13, 13, 15.5]},
			"faces": {
				"north": {"uv": [5, 10, 6, 11], "texture": "#orb1"},
				"east": {"uv": [5, 10, 6, 11], "texture": "#orb1"},
				"south": {"uv": [5, 10, 6, 11], "texture": "#orb1"},
				"west": {"uv": [5, 10, 6, 11], "texture": "#orb1"},
				"up": {"uv": [5, 10, 6, 11], "texture": "#orb1"},
				"down": {"uv": [5, 10, 6, 11], "texture": "#orb1"}
			}
		},
		{
			"from": [5, 5, 7.501],
			"to": [7, 7, 8.499],
			"rotation": {"angle": 0, "axis": "y", "origin": [14, 14, 15.5]},
			"faces": {
				"north": {"uv": [7, 9, 5, 11], "texture": "#orb2"},
				"east": {"uv": [6, 9, 7, 11], "texture": "#orb2"},
				"south": {"uv": [5, 9, 7, 11], "texture": "#orb2"},
				"west": {"uv": [5, 9, 6, 11], "texture": "#orb2"}
			}
		},
		{
			"from": [7, 5, 7.5],
			"to": [8, 7, 8.5],
			"rotation": {"angle": 0, "axis": "y", "origin": [15, 13, 15.5]},
			"faces": {
				"north": {"uv": [7, 9, 8, 11], "texture": "#ring2"},
				"east": {"uv": [7, 9, 8, 11], "texture": "#ring2"},
				"south": {"uv": [7, 9, 8, 11], "texture": "#ring2"},
				"west": {"uv": [7, 9, 8, 11], "texture": "#ring2"},
				"up": {"uv": [7, 9, 8, 10], "texture": "#ring2"},
				"down": {"uv": [7, 10, 8, 11], "texture": "#ring2"}
			}
		},
		{
			"from": [5, 7, 7.5],
			"to": [7, 8, 8.5],
			"rotation": {"angle": 0, "axis": "y", "origin": [13, 14, 15.5]},
			"faces": {
				"north": {"uv": [7, 8, 5, 9], "texture": "#ring2"},
				"east": {"uv": [6, 8, 7, 9], "texture": "#ring2"},
				"south": {"uv": [5, 8, 7, 9], "texture": "#ring2"},
				"west": {"uv": [5, 8, 6, 9], "texture": "#ring2"},
				"up": {"uv": [5, 8, 7, 9], "texture": "#ring2"},
				"down": {"uv": [5, 8, 7, 9], "texture": "#ring2"}
			}
		},
		{
			"from": [8, 2, 7.5],
			"to": [10, 4, 8.5],
			"rotation": {"angle": 0, "axis": "y", "origin": [14, 10, 15.5]},
			"faces": {
				"north": {"uv": [10, 12, 8, 14], "texture": "#guard"},
				"east": {"uv": [9, 12, 10, 14], "texture": "#guard"},
				"south": {"uv": [8, 12, 10, 14], "texture": "#guard"},
				"west": {"uv": [8, 12, 9, 14], "texture": "#guard"},
				"up": {"uv": [8, 12, 10, 13], "texture": "#guard"},
				"down": {"uv": [8, 13, 10, 14], "texture": "#guard"}
			}
		},
		{
			"from": [6, 3, 7.501],
			"to": [9, 5, 8.499],
			"rotation": {"angle": 0, "axis": "y", "origin": [13, 12, 15.5]},
			"faces": {
				"north": {"uv": [9, 11, 6, 13], "texture": "#guard"},
				"east": {"uv": [8, 11, 9, 13], "texture": "#guard"},
				"south": {"uv": [6, 11, 9, 13], "texture": "#guard"},
				"west": {"uv": [6, 11, 7, 13], "texture": "#guard"},
				"up": {"uv": [6, 11, 9, 12], "texture": "#guard"},
				"down": {"uv": [6, 12, 9, 13], "texture": "#guard"}
			}
		},
		{
			"from": [3, 6, 7.501],
			"to": [5, 9, 8.499],
			"rotation": {"angle": 0, "axis": "y", "origin": [9, 14, 15.5]},
			"faces": {
				"north": {"uv": [5, 7, 3, 10], "texture": "#guard"},
				"east": {"uv": [3, 7, 4, 10], "texture": "#guard"},
				"south": {"uv": [3, 7, 5, 10], "texture": "#guard"},
				"west": {"uv": [3, 7, 4, 10], "texture": "#guard"},
				"up": {"uv": [3, 7, 5, 8], "texture": "#guard"},
				"down": {"uv": [3, 9, 5, 10], "texture": "#guard"}
			}
		},
		{
			"from": [2, 8, 7.5],
			"to": [4, 10, 8.5],
			"rotation": {"angle": 0, "axis": "y", "origin": [8, 14, 15.5]},
			"faces": {
				"north": {"uv": [4, 6, 2, 8], "texture": "#guard"},
				"east": {"uv": [3, 6, 4, 8], "texture": "#guard"},
				"south": {"uv": [2, 6, 4, 8], "texture": "#guard"},
				"west": {"uv": [2, 6, 3, 8], "texture": "#guard"},
				"up": {"uv": [2, 6, 4, 7], "texture": "#guard"},
				"down": {"uv": [2, 7, 4, 8], "texture": "#guard"}
			}
		},
		{
			"from": [7, 7, 7.5],
			"to": [8, 10, 8.5],
			"rotation": {"angle": 0, "axis": "y", "origin": [15, 15, 15.5]},
			"faces": {
				"north": {"uv": [7, 6, 8, 9], "texture": "#base"},
				"south": {"uv": [7, 6, 8, 9], "texture": "#base"},
				"west": {"uv": [7, 6, 8, 9], "texture": "#base"},
				"up": {"uv": [7, 6, 8, 7], "texture": "#base"}
			}
		},
		{
			"from": [6, 8, 7.5],
			"to": [7, 9, 8.5],
			"rotation": {"angle": 0, "axis": "y", "origin": [15, 16, 15.5]},
			"faces": {
				"north": {"uv": [6, 7, 7, 8], "texture": "#base"},
				"east": {"uv": [6, 7, 7, 8], "texture": "#base"},
				"south": {"uv": [6, 7, 7, 8], "texture": "#base"},
				"west": {"uv": [6, 7, 7, 8], "texture": "#base"},
				"up": {"uv": [6, 7, 7, 8], "texture": "#base"},
				"down": {"uv": [6, 7, 7, 8], "texture": "#base"}
			}
		},
		{
			"from": [8, 5, 7.5],
			"to": [16, 6, 8.5],
			"rotation": {"angle": 0, "axis": "y", "origin": [16, 13, 15.5]},
			"faces": {
				"north": {"uv": [16, 10, 8, 11], "texture": "#base"},
				"south": {"uv": [8, 10, 16, 11], "texture": "#base"},
				"up": {"uv": [8, 10, 16, 11], "texture": "#base"},
				"down": {"uv": [8, 10, 16, 11], "texture": "#base"}
			}
		},
		{
			"from": [8, 6, 7.5],
			"to": [16, 7, 8.5],
			"rotation": {"angle": 0, "axis": "y", "origin": [16, 14, 15.5]},
			"faces": {
				"north": {"uv": [16, 9, 8, 10], "texture": "#base"},
				"south": {"uv": [8, 9, 16, 10], "texture": "#base"},
				"up": {"uv": [8, 9, 16, 10], "texture": "#base"},
				"down": {"uv": [8, 9, 16, 10], "texture": "#base"}
			}
		},
		{
			"from": [8, 7, 7.5],
			"to": [16, 8, 8.5],
			"rotation": {"angle": 0, "axis": "y", "origin": [16, 15, 15.5]},
			"faces": {
				"north": {"uv": [16, 8, 8, 9], "texture": "#base"},
				"south": {"uv": [8, 8, 16, 9], "texture": "#base"},
				"up": {"uv": [8, 8, 16, 9], "texture": "#base"},
				"down": {"uv": [8, 8, 16, 9], "texture": "#base"}
			}
		},
		{
			"from": [8, 8, 7.5],
			"to": [16, 9, 8.5],
			"rotation": {"angle": 0, "axis": "y", "origin": [16, 16, 15.5]},
			"faces": {
				"north": {"uv": [16, 7, 8, 8], "texture": "#base"},
				"south": {"uv": [8, 7, 16, 8], "texture": "#base"},
				"up": {"uv": [8, 7, 16, 8], "texture": "#base"},
				"down": {"uv": [8, 7, 16, 8], "texture": "#base"}
			}
		},
		{
			"from": [8, 9, 7.5],
			"to": [16, 10, 8.5],
			"rotation": {"angle": 0, "axis": "y", "origin": [16, 17, 15.5]},
			"faces": {
				"north": {"uv": [16, 6, 8, 7], "texture": "#base"},
				"south": {"uv": [8, 6, 16, 7], "texture": "#base"},
				"up": {"uv": [8, 6, 16, 7], "texture": "#base"},
				"down": {"uv": [8, 6, 16, 7], "texture": "#base"}
			}
		},
		{
			"from": [8, 10, 7.5],
			"to": [16, 11, 8.5],
			"rotation": {"angle": 0, "axis": "y", "origin": [16, 18, 15.5]},
			"faces": {
				"north": {"uv": [16, 5, 8, 6], "texture": "#base"},
				"south": {"uv": [8, 5, 16, 6], "texture": "#base"},
				"up": {"uv": [8, 5, 16, 6], "texture": "#base"},
				"down": {"uv": [8, 5, 16, 6], "texture": "#base"}
			}
		},
		{
			"from": [8, 11, 7.5],
			"to": [16, 12, 8.5],
			"rotation": {"angle": 0, "axis": "y", "origin": [16, 19, 15.5]},
			"faces": {
				"north": {"uv": [16, 4, 8, 5], "texture": "#base"},
				"south": {"uv": [8, 4, 16, 5], "texture": "#base"},
				"up": {"uv": [8, 4, 16, 5], "texture": "#base"},
				"down": {"uv": [8, 4, 16, 5], "texture": "#base"}
			}
		},
		{
			"from": [8, 12, 7.5],
			"to": [16, 13, 8.5],
			"rotation": {"angle": 0, "axis": "y", "origin": [16, 20, 15.5]},
			"faces": {
				"north": {"uv": [16, 3, 8, 4], "texture": "#base"},
				"south": {"uv": [8, 3, 16, 4], "texture": "#base"},
				"up": {"uv": [8, 3, 16, 4], "texture": "#base"},
				"down": {"uv": [8, 3, 16, 4], "texture": "#base"}
			}
		},
		{
			"from": [8, 13, 7.5],
			"to": [16, 14, 8.5],
			"rotation": {"angle": 0, "axis": "y", "origin": [16, 21, 15.5]},
			"faces": {
				"north": {"uv": [16, 2, 8, 3], "texture": "#base"},
				"south": {"uv": [8, 2, 16, 3], "texture": "#base"},
				"up": {"uv": [8, 2, 16, 3], "texture": "#base"},
				"down": {"uv": [8, 2, 16, 3], "texture": "#base"}
			}
		},
		{
			"from": [8, 14, 7.5],
			"to": [16, 15, 8.5],
			"rotation": {"angle": 0, "axis": "y", "origin": [16, 22, 15.5]},
			"faces": {
				"north": {"uv": [16, 1, 8, 2], "texture": "#base"},
				"south": {"uv": [8, 1, 16, 2], "texture": "#base"},
				"up": {"uv": [8, 1, 16, 2], "texture": "#base"},
				"down": {"uv": [8, 1, 16, 2], "texture": "#base"}
			}
		},
		{
			"from": [8, 15, 7.5],
			"to": [16, 16, 8.5],
			"rotation": {"angle": 0, "axis": "y", "origin": [16, 23, 15.5]},
			"faces": {
				"north": {"uv": [16, 0, 8, 1], "texture": "#base"},
				"south": {"uv": [8, 0, 16, 1], "texture": "#base"},
				"up": {"uv": [8, 0, 16, 1], "texture": "#base"},
				"down": {"uv": [8, 0, 16, 1], "texture": "#base"}
			}
		},
		{
			"from": [8, 5, 7.5],
			"to": [9, 16, 8.5],
			"rotation": {"angle": 0, "axis": "y", "origin": [16, 23, 15.5]},
			"faces": {
				"east": {"uv": [8, 0, 9, 11], "texture": "#base"},
				"west": {"uv": [8, 0, 9, 11], "texture": "#base"}
			}
		},
		{
			"from": [9, 5, 7.5],
			"to": [10, 16, 8.5],
			"rotation": {"angle": 0, "axis": "y", "origin": [17, 23, 15.5]},
			"faces": {
				"east": {"uv": [9, 0, 10, 11], "texture": "#base"},
				"west": {"uv": [9, 0, 10, 11], "texture": "#base"}
			}
		},
		{
			"from": [10, 5, 7.5],
			"to": [11, 16, 8.5],
			"rotation": {"angle": 0, "axis": "y", "origin": [18, 23, 15.5]},
			"faces": {
				"east": {"uv": [10, 0, 11, 11], "texture": "#base"},
				"west": {"uv": [10, 0, 11, 11], "texture": "#base"}
			}
		},
		{
			"from": [11, 5, 7.5],
			"to": [12, 16, 8.5],
			"rotation": {"angle": 0, "axis": "y", "origin": [19, 23, 15.5]},
			"faces": {
				"east": {"uv": [11, 0, 12, 11], "texture": "#base"},
				"west": {"uv": [11, 0, 12, 11], "texture": "#base"}
			}
		},
		{
			"from": [12, 5, 7.5],
			"to": [13, 16, 8.5],
			"rotation": {"angle": 0, "axis": "y", "origin": [20, 23, 15.5]},
			"faces": {
				"east": {"uv": [12, 0, 13, 11], "texture": "#base"},
				"west": {"uv": [12, 0, 13, 11], "texture": "#base"}
			}
		},
		{
			"from": [13, 5, 7.5],
			"to": [14, 16, 8.5],
			"rotation": {"angle": 0, "axis": "y", "origin": [21, 23, 15.5]},
			"faces": {
				"east": {"uv": [13, 0, 14, 11], "texture": "#base"},
				"west": {"uv": [13, 0, 14, 11], "texture": "#base"}
			}
		},
		{
			"from": [14, 5, 7.5],
			"to": [15, 16, 8.5],
			"rotation": {"angle": 0, "axis": "y", "origin": [22, 23, 15.5]},
			"faces": {
				"east": {"uv": [14, 0, 15, 11], "texture": "#base"},
				"west": {"uv": [14, 0, 15, 11], "texture": "#base"}
			}
		},
		{
			"from": [15, 5, 7.5],
			"to": [16, 16, 8.5],
			"rotation": {"angle": 0, "axis": "y", "origin": [23, 23, 15.5]},
			"faces": {
				"east": {"uv": [15, 0, 16, 11], "texture": "#base"},
				"west": {"uv": [15, 0, 16, 11], "texture": "#base"}
			}
		},
		{
			"from": [10, 15, 7.5],
			"to": [13, 16, 8.5],
			"rotation": {"angle": 0, "axis": "y", "origin": [8, 8, 15.5]},
			"faces": {
				"north": {"uv": [13, 0, 10, 1], "texture": "#looting"},
				"south": {"uv": [10, 0, 13, 1], "texture": "#looting"},
				"west": {"uv": [10, 0, 11, 1], "texture": "#looting"},
				"up": {"uv": [10, 0, 13, 1], "texture": "#looting"},
				"down": {"uv": [10, 0, 13, 1], "texture": "#looting"}
			}
		},
		{
			"from": [8, 14, 7.5],
			"to": [10, 15, 8.5],
			"rotation": {"angle": 0, "axis": "y", "origin": [8, 8, 15.5]},
			"faces": {
				"north": {"uv": [10, 1, 8, 2], "texture": "#looting"},
				"east": {"uv": [9, 1, 10, 2], "texture": "#looting"},
				"south": {"uv": [8, 1, 10, 2], "texture": "#looting"},
				"west": {"uv": [8, 1, 9, 2], "texture": "#looting"},
				"up": {"uv": [8, 1, 10, 2], "texture": "#looting"},
				"down": {"uv": [8, 1, 10, 2], "texture": "#looting"}
			}
		},
		{
			"from": [7, 13, 7.5],
			"to": [8, 14, 8.5],
			"rotation": {"angle": 0, "axis": "y", "origin": [8, 8, 15.5]},
			"faces": {
				"north": {"uv": [8, 2, 7, 3], "texture": "#looting"},
				"east": {"uv": [7, 2, 8, 3], "texture": "#looting"},
				"south": {"uv": [7, 2, 8, 3], "texture": "#looting"},
				"west": {"uv": [7, 2, 8, 3], "texture": "#looting"},
				"up": {"uv": [7, 2, 8, 3], "texture": "#looting"},
				"down": {"uv": [7, 2, 8, 3], "texture": "#looting"}
			}
		},
		{
			"from": [4, 11, 7.5],
			"to": [6, 12, 8.5],
			"rotation": {"angle": 0, "axis": "y", "origin": [8, 8, 15.5]},
			"faces": {
				"north": {"uv": [6, 4, 4, 5], "texture": "#looting"},
				"east": {"uv": [5, 4, 6, 5], "texture": "#looting"},
				"south": {"uv": [4, 4, 6, 5], "texture": "#looting"},
				"west": {"uv": [4, 4, 5, 5], "texture": "#looting"},
				"up": {"uv": [4, 4, 6, 5], "texture": "#looting"},
				"down": {"uv": [4, 4, 6, 5], "texture": "#looting"}
			}
		},
		{
			"from": [4, 12, 7.5],
			"to": [5, 13, 8.5],
			"rotation": {"angle": 0, "axis": "y", "origin": [8, 8, 15.5]},
			"faces": {
				"north": {"uv": [5, 3, 4, 4], "texture": "#looting"},
				"east": {"uv": [4, 3, 5, 4], "texture": "#looting"},
				"south": {"uv": [4, 3, 5, 4], "texture": "#looting"},
				"west": {"uv": [4, 3, 5, 4], "texture": "#looting"},
				"up": {"uv": [4, 3, 5, 4], "texture": "#looting"},
				"down": {"uv": [4, 3, 5, 4], "texture": "#looting"}
			}
		},
		{
			"from": [6, 12, 7.5],
			"to": [7, 13, 8.5],
			"rotation": {"angle": 0, "axis": "y", "origin": [8, 8, 15.5]},
			"faces": {
				"north": {"uv": [7, 3, 6, 4], "texture": "#looting"},
				"east": {"uv": [6, 3, 7, 4], "texture": "#looting"},
				"south": {"uv": [6, 3, 7, 4], "texture": "#looting"},
				"west": {"uv": [6, 3, 7, 4], "texture": "#looting"},
				"up": {"uv": [6, 3, 7, 4], "texture": "#looting"},
				"down": {"uv": [6, 3, 7, 4], "texture": "#looting"}
			}
		}
	],
	"gui_light": "front",
	"display": {
		"thirdperson_righthand": {
			"rotation": [0, -90, 55],
			"translation": [0, 4, 0.5],
			"scale": [0.85, 0.85, 0.85]
		},
		"thirdperson_lefthand": {
			"rotation": [0, 90, -55],
			"translation": [0, 4, 0.5],
			"scale": [0.85, 0.85, 0.85]
		},
		"firstperson_righthand": {
			"rotation": [0, -90, 25],
			"translation": [1.13, 3.2, 1.13],
			"scale": [0.68, 0.68, 0.68]
		},
		"firstperson_lefthand": {
			"rotation": [0, 90, -25],
			"translation": [1.13, 3.2, 1.13],
			"scale": [0.68, 0.68, 0.68]
		},
		"ground": {
			"translation": [0, 2, 0],
			"scale": [0.5, 0.5, 0.5]
		},
		"head": {
			"rotation": [0, 0, 135],
			"translation": [4.25, 8, 0]
		},
		"fixed": {
			"rotation": [0, -180, 0]
		}
	}
}